-- --------------------------------------------------------
-- 호스트:                          i10c104.p.ssafy.io
-- 서버 버전:                        11.2.2-MariaDB-1:11.2.2+maria~ubu2204 - mariadb.org binary distribution
-- 서버 OS:                        debian-linux-gnu
-- HeidiSQL 버전:                  12.3.0.6589
-- --------------------------------------------------------

/*!40101 SET @OLD_CHARACTER_SET_CLIENT=@@CHARACTER_SET_CLIENT */;
/*!40101 SET NAMES utf8 */;
/*!50503 SET NAMES utf8mb4 */;
/*!40103 SET @OLD_TIME_ZONE=@@TIME_ZONE */;
/*!40103 SET TIME_ZONE='+00:00' */;
/*!40014 SET @OLD_FOREIGN_KEY_CHECKS=@@FOREIGN_KEY_CHECKS, FOREIGN_KEY_CHECKS=0 */;
/*!40101 SET @OLD_SQL_MODE=@@SQL_MODE, SQL_MODE='NO_AUTO_VALUE_ON_ZERO' */;
/*!40111 SET @OLD_SQL_NOTES=@@SQL_NOTES, SQL_NOTES=0 */;


-- fubao 데이터베이스 구조 내보내기
CREATE DATABASE IF NOT EXISTS `fubao` /*!40100 DEFAULT CHARACTER SET utf8mb4 COLLATE utf8mb4_general_ci */;
USE `fubao`;

-- 테이블 fubao.account_emailaddress 구조 내보내기
CREATE TABLE IF NOT EXISTS `account_emailaddress` (
  `id` int(11) NOT NULL AUTO_INCREMENT,
  `email` varchar(254) NOT NULL,
  `verified` tinyint(1) NOT NULL,
  `primary` tinyint(1) NOT NULL,
  `user_id` bigint(20) NOT NULL,
  PRIMARY KEY (`id`),
  UNIQUE KEY `account_emailaddress_user_id_email_987c8728_uniq` (`user_id`,`email`),
  CONSTRAINT `account_emailaddress_user_id_2c513194_fk_user_user_id` FOREIGN KEY (`user_id`) REFERENCES `user_user` (`id`)
) ENGINE=InnoDB AUTO_INCREMENT=27 DEFAULT CHARSET=utf8mb4 COLLATE=utf8mb4_general_ci;

-- 테이블 데이터 fubao.account_emailaddress:~11 rows (대략적) 내보내기
INSERT INTO `account_emailaddress` (`id`, `email`, `verified`, `primary`, `user_id`) VALUES
	(26, 'a@a.com', 0, 0, 26);

-- 테이블 fubao.account_emailconfirmation 구조 내보내기
CREATE TABLE IF NOT EXISTS `account_emailconfirmation` (
  `id` int(11) NOT NULL AUTO_INCREMENT,
  `created` datetime(6) NOT NULL,
  `sent` datetime(6) DEFAULT NULL,
  `key` varchar(64) NOT NULL,
  `email_address_id` int(11) NOT NULL,
  PRIMARY KEY (`id`),
  UNIQUE KEY `key` (`key`),
  KEY `account_emailconfirm_email_address_id_5b7f8c58_fk_account_e` (`email_address_id`),
  CONSTRAINT `account_emailconfirm_email_address_id_5b7f8c58_fk_account_e` FOREIGN KEY (`email_address_id`) REFERENCES `account_emailaddress` (`id`)
) ENGINE=InnoDB DEFAULT CHARSET=utf8mb4 COLLATE=utf8mb4_general_ci;

-- 테이블 데이터 fubao.account_emailconfirmation:~0 rows (대략적) 내보내기

-- 테이블 fubao.authtoken_token 구조 내보내기
CREATE TABLE IF NOT EXISTS `authtoken_token` (
  `key` varchar(40) NOT NULL,
  `created` datetime(6) NOT NULL,
  `user_id` bigint(20) NOT NULL,
  PRIMARY KEY (`key`),
  UNIQUE KEY `user_id` (`user_id`),
  CONSTRAINT `authtoken_token_user_id_35299eff_fk_user_user_id` FOREIGN KEY (`user_id`) REFERENCES `user_user` (`id`)
) ENGINE=InnoDB DEFAULT CHARSET=utf8mb4 COLLATE=utf8mb4_general_ci;

-- 테이블 데이터 fubao.authtoken_token:~11 rows (대략적) 내보내기
INSERT INTO `authtoken_token` (`key`, `created`, `user_id`) VALUES
	('a09dd7fca5e82b30ee0ee39a3a47a393f19c2a5f', '2024-02-15 06:17:15.348989', 26);

-- 테이블 fubao.auth_group 구조 내보내기
CREATE TABLE IF NOT EXISTS `auth_group` (
  `id` int(11) NOT NULL AUTO_INCREMENT,
  `name` varchar(150) NOT NULL,
  PRIMARY KEY (`id`),
  UNIQUE KEY `name` (`name`)
) ENGINE=InnoDB DEFAULT CHARSET=utf8mb4 COLLATE=utf8mb4_general_ci;

-- 테이블 데이터 fubao.auth_group:~0 rows (대략적) 내보내기

-- 테이블 fubao.auth_group_permissions 구조 내보내기
CREATE TABLE IF NOT EXISTS `auth_group_permissions` (
  `id` bigint(20) NOT NULL AUTO_INCREMENT,
  `group_id` int(11) NOT NULL,
  `permission_id` int(11) NOT NULL,
  PRIMARY KEY (`id`),
  UNIQUE KEY `auth_group_permissions_group_id_permission_id_0cd325b0_uniq` (`group_id`,`permission_id`),
  KEY `auth_group_permissio_permission_id_84c5c92e_fk_auth_perm` (`permission_id`),
  CONSTRAINT `auth_group_permissio_permission_id_84c5c92e_fk_auth_perm` FOREIGN KEY (`permission_id`) REFERENCES `auth_permission` (`id`),
  CONSTRAINT `auth_group_permissions_group_id_b120cbf9_fk_auth_group_id` FOREIGN KEY (`group_id`) REFERENCES `auth_group` (`id`)
) ENGINE=InnoDB DEFAULT CHARSET=utf8mb4 COLLATE=utf8mb4_general_ci;

-- 테이블 데이터 fubao.auth_group_permissions:~0 rows (대략적) 내보내기

-- 테이블 fubao.auth_permission 구조 내보내기
CREATE TABLE IF NOT EXISTS `auth_permission` (
  `id` int(11) NOT NULL AUTO_INCREMENT,
  `name` varchar(255) NOT NULL,
  `content_type_id` int(11) NOT NULL,
  `codename` varchar(100) NOT NULL,
  PRIMARY KEY (`id`),
  UNIQUE KEY `auth_permission_content_type_id_codename_01ab375a_uniq` (`content_type_id`,`codename`),
  CONSTRAINT `auth_permission_content_type_id_2f476e4b_fk_django_co` FOREIGN KEY (`content_type_id`) REFERENCES `django_content_type` (`id`)
) ENGINE=InnoDB AUTO_INCREMENT=105 DEFAULT CHARSET=utf8mb4 COLLATE=utf8mb4_general_ci;

-- 테이블 데이터 fubao.auth_permission:~104 rows (대략적) 내보내기
INSERT INTO `auth_permission` (`id`, `name`, `content_type_id`, `codename`) VALUES
	(1, 'Can add user', 1, 'add_user'),
	(2, 'Can change user', 1, 'change_user'),
	(3, 'Can delete user', 1, 'delete_user'),
	(4, 'Can view user', 1, 'view_user'),
	(5, 'Can add fish', 2, 'add_fish'),
	(6, 'Can change fish', 2, 'change_fish'),
	(7, 'Can delete fish', 2, 'delete_fish'),
	(8, 'Can view fish', 2, 'view_fish'),
	(9, 'Can add user_fish', 3, 'add_user_fish'),
	(10, 'Can change user_fish', 3, 'change_user_fish'),
	(11, 'Can delete user_fish', 3, 'delete_user_fish'),
	(12, 'Can view user_fish', 3, 'view_user_fish'),
	(13, 'Can add schedule', 4, 'add_schedule'),
	(14, 'Can change schedule', 4, 'change_schedule'),
	(15, 'Can delete schedule', 4, 'delete_schedule'),
	(16, 'Can view schedule', 4, 'view_schedule'),
	(17, 'Can add fishing_area', 5, 'add_fishing_area'),
	(18, 'Can change fishing_area', 5, 'change_fishing_area'),
	(19, 'Can delete fishing_area', 5, 'delete_fishing_area'),
	(20, 'Can view fishing_area', 5, 'view_fishing_area'),
	(21, 'Can add fishing_bait', 6, 'add_fishing_bait'),
	(22, 'Can change fishing_bait', 6, 'change_fishing_bait'),
	(23, 'Can delete fishing_bait', 6, 'delete_fishing_bait'),
	(24, 'Can view fishing_bait', 6, 'view_fishing_bait'),
	(25, 'Can add fishing_equipment', 7, 'add_fishing_equipment'),
	(26, 'Can change fishing_equipment', 7, 'change_fishing_equipment'),
	(27, 'Can delete fishing_equipment', 7, 'delete_fishing_equipment'),
	(28, 'Can view fishing_equipment', 7, 'view_fishing_equipment'),
	(29, 'Can add fishing_method', 8, 'add_fishing_method'),
	(30, 'Can change fishing_method', 8, 'change_fishing_method'),
	(31, 'Can delete fishing_method', 8, 'delete_fishing_method'),
	(32, 'Can view fishing_method', 8, 'view_fishing_method'),
	(33, 'Can add prohibit_fish', 9, 'add_prohibit_fish'),
	(34, 'Can change prohibit_fish', 9, 'change_prohibit_fish'),
	(35, 'Can delete prohibit_fish', 9, 'delete_prohibit_fish'),
	(36, 'Can view prohibit_fish', 9, 'view_prohibit_fish'),
	(37, 'Can add release_fish', 10, 'add_release_fish'),
	(38, 'Can change release_fish', 10, 'change_release_fish'),
	(39, 'Can delete release_fish', 10, 'delete_release_fish'),
	(40, 'Can view release_fish', 10, 'view_release_fish'),
	(41, 'Can add location', 11, 'add_location'),
	(42, 'Can change location', 11, 'change_location'),
	(43, 'Can delete location', 11, 'delete_location'),
	(44, 'Can view location', 11, 'view_location'),
	(45, 'Can add method_reivew', 12, 'add_method_reivew'),
	(46, 'Can change method_reivew', 12, 'change_method_reivew'),
	(47, 'Can delete method_reivew', 12, 'delete_method_reivew'),
	(48, 'Can view method_reivew', 12, 'view_method_reivew'),
	(49, 'Can add location_review', 13, 'add_location_review'),
	(50, 'Can change location_review', 13, 'change_location_review'),
	(51, 'Can delete location_review', 13, 'delete_location_review'),
	(52, 'Can view location_review', 13, 'view_location_review'),
	(53, 'Can add Token', 14, 'add_token'),
	(54, 'Can change Token', 14, 'change_token'),
	(55, 'Can delete Token', 14, 'delete_token'),
	(56, 'Can view Token', 14, 'view_token'),
	(57, 'Can add token', 15, 'add_tokenproxy'),
	(58, 'Can change token', 15, 'change_tokenproxy'),
	(59, 'Can delete token', 15, 'delete_tokenproxy'),
	(60, 'Can view token', 15, 'view_tokenproxy'),
	(61, 'Can add site', 16, 'add_site'),
	(62, 'Can change site', 16, 'change_site'),
	(63, 'Can delete site', 16, 'delete_site'),
	(64, 'Can view site', 16, 'view_site'),
	(65, 'Can add email address', 17, 'add_emailaddress'),
	(66, 'Can change email address', 17, 'change_emailaddress'),
	(67, 'Can delete email address', 17, 'delete_emailaddress'),
	(68, 'Can view email address', 17, 'view_emailaddress'),
	(69, 'Can add email confirmation', 18, 'add_emailconfirmation'),
	(70, 'Can change email confirmation', 18, 'change_emailconfirmation'),
	(71, 'Can delete email confirmation', 18, 'delete_emailconfirmation'),
	(72, 'Can view email confirmation', 18, 'view_emailconfirmation'),
	(73, 'Can add social account', 19, 'add_socialaccount'),
	(74, 'Can change social account', 19, 'change_socialaccount'),
	(75, 'Can delete social account', 19, 'delete_socialaccount'),
	(76, 'Can view social account', 19, 'view_socialaccount'),
	(77, 'Can add social application', 20, 'add_socialapp'),
	(78, 'Can change social application', 20, 'change_socialapp'),
	(79, 'Can delete social application', 20, 'delete_socialapp'),
	(80, 'Can view social application', 20, 'view_socialapp'),
	(81, 'Can add social application token', 21, 'add_socialtoken'),
	(82, 'Can change social application token', 21, 'change_socialtoken'),
	(83, 'Can delete social application token', 21, 'delete_socialtoken'),
	(84, 'Can view social application token', 21, 'view_socialtoken'),
	(85, 'Can add log entry', 22, 'add_logentry'),
	(86, 'Can change log entry', 22, 'change_logentry'),
	(87, 'Can delete log entry', 22, 'delete_logentry'),
	(88, 'Can view log entry', 22, 'view_logentry'),
	(89, 'Can add permission', 23, 'add_permission'),
	(90, 'Can change permission', 23, 'change_permission'),
	(91, 'Can delete permission', 23, 'delete_permission'),
	(92, 'Can view permission', 23, 'view_permission'),
	(93, 'Can add group', 24, 'add_group'),
	(94, 'Can change group', 24, 'change_group'),
	(95, 'Can delete group', 24, 'delete_group'),
	(96, 'Can view group', 24, 'view_group'),
	(97, 'Can add content type', 25, 'add_contenttype'),
	(98, 'Can change content type', 25, 'change_contenttype'),
	(99, 'Can delete content type', 25, 'delete_contenttype'),
	(100, 'Can view content type', 25, 'view_contenttype'),
	(101, 'Can add session', 26, 'add_session'),
	(102, 'Can change session', 26, 'change_session'),
	(103, 'Can delete session', 26, 'delete_session'),
	(104, 'Can view session', 26, 'view_session');

-- 테이블 fubao.django_admin_log 구조 내보내기
CREATE TABLE IF NOT EXISTS `django_admin_log` (
  `id` int(11) NOT NULL AUTO_INCREMENT,
  `action_time` datetime(6) NOT NULL,
  `object_id` longtext DEFAULT NULL,
  `object_repr` varchar(200) NOT NULL,
  `action_flag` smallint(5) unsigned NOT NULL CHECK (`action_flag` >= 0),
  `change_message` longtext NOT NULL,
  `content_type_id` int(11) DEFAULT NULL,
  `user_id` bigint(20) NOT NULL,
  PRIMARY KEY (`id`),
  KEY `django_admin_log_content_type_id_c4bce8eb_fk_django_co` (`content_type_id`),
  KEY `django_admin_log_user_id_c564eba6_fk_user_user_id` (`user_id`),
  CONSTRAINT `django_admin_log_content_type_id_c4bce8eb_fk_django_co` FOREIGN KEY (`content_type_id`) REFERENCES `django_content_type` (`id`),
  CONSTRAINT `django_admin_log_user_id_c564eba6_fk_user_user_id` FOREIGN KEY (`user_id`) REFERENCES `user_user` (`id`)
) ENGINE=InnoDB DEFAULT CHARSET=utf8mb4 COLLATE=utf8mb4_general_ci;

-- 테이블 데이터 fubao.django_admin_log:~0 rows (대략적) 내보내기

-- 테이블 fubao.django_content_type 구조 내보내기
CREATE TABLE IF NOT EXISTS `django_content_type` (
  `id` int(11) NOT NULL AUTO_INCREMENT,
  `app_label` varchar(100) NOT NULL,
  `model` varchar(100) NOT NULL,
  PRIMARY KEY (`id`),
  UNIQUE KEY `django_content_type_app_label_model_76bd3d3b_uniq` (`app_label`,`model`)
) ENGINE=InnoDB AUTO_INCREMENT=27 DEFAULT CHARSET=utf8mb4 COLLATE=utf8mb4_general_ci;

-- 테이블 데이터 fubao.django_content_type:~26 rows (대략적) 내보내기
INSERT INTO `django_content_type` (`id`, `app_label`, `model`) VALUES
	(17, 'account', 'emailaddress'),
	(18, 'account', 'emailconfirmation'),
	(22, 'admin', 'logentry'),
	(24, 'auth', 'group'),
	(23, 'auth', 'permission'),
	(14, 'authtoken', 'token'),
	(15, 'authtoken', 'tokenproxy'),
	(25, 'contenttypes', 'contenttype'),
	(2, 'fish', 'fish'),
	(3, 'fish', 'user_fish'),
	(5, 'information', 'fishing_area'),
	(6, 'information', 'fishing_bait'),
	(7, 'information', 'fishing_equipment'),
	(8, 'information', 'fishing_method'),
	(9, 'information', 'prohibit_fish'),
	(10, 'information', 'release_fish'),
	(11, 'location', 'location'),
	(13, 'review', 'location_review'),
	(12, 'review', 'method_reivew'),
	(4, 'schedule', 'schedule'),
	(26, 'sessions', 'session'),
	(16, 'sites', 'site'),
	(19, 'socialaccount', 'socialaccount'),
	(20, 'socialaccount', 'socialapp'),
	(21, 'socialaccount', 'socialtoken'),
	(1, 'user', 'user');

-- 테이블 fubao.django_migrations 구조 내보내기
CREATE TABLE IF NOT EXISTS `django_migrations` (
  `id` bigint(20) NOT NULL AUTO_INCREMENT,
  `app` varchar(255) NOT NULL,
  `name` varchar(255) NOT NULL,
  `applied` datetime(6) NOT NULL,
  PRIMARY KEY (`id`)
) ENGINE=InnoDB AUTO_INCREMENT=44 DEFAULT CHARSET=utf8mb4 COLLATE=utf8mb4_general_ci;

-- 테이블 데이터 fubao.django_migrations:~43 rows (대략적) 내보내기
INSERT INTO `django_migrations` (`id`, `app`, `name`, `applied`) VALUES
	(1, 'contenttypes', '0001_initial', '2024-02-08 14:33:40.288276'),
	(2, 'contenttypes', '0002_remove_content_type_name', '2024-02-08 14:33:40.329063'),
	(3, 'auth', '0001_initial', '2024-02-08 14:33:40.471665'),
	(4, 'auth', '0002_alter_permission_name_max_length', '2024-02-08 14:33:40.499846'),
	(5, 'auth', '0003_alter_user_email_max_length', '2024-02-08 14:33:40.508397'),
	(6, 'auth', '0004_alter_user_username_opts', '2024-02-08 14:33:40.514593'),
	(7, 'auth', '0005_alter_user_last_login_null', '2024-02-08 14:33:40.520682'),
	(8, 'auth', '0006_require_contenttypes_0002', '2024-02-08 14:33:40.522629'),
	(9, 'auth', '0007_alter_validators_add_error_messages', '2024-02-08 14:33:40.528720'),
	(10, 'auth', '0008_alter_user_username_max_length', '2024-02-08 14:33:40.535011'),
	(11, 'auth', '0009_alter_user_last_name_max_length', '2024-02-08 14:33:40.541002'),
	(12, 'auth', '0010_alter_group_name_max_length', '2024-02-08 14:33:40.557156'),
	(13, 'auth', '0011_update_proxy_permissions', '2024-02-08 14:33:40.563884'),
	(14, 'auth', '0012_alter_user_first_name_max_length', '2024-02-08 14:33:40.571998'),
	(15, 'user', '0001_initial', '2024-02-08 14:33:40.739087'),
	(16, 'account', '0001_initial', '2024-02-08 14:33:40.826960'),
	(17, 'account', '0002_email_max_length', '2024-02-08 14:33:40.850416'),
	(18, 'account', '0003_alter_emailaddress_create_unique_verified_email', '2024-02-08 14:33:40.883352'),
	(19, 'account', '0004_alter_emailaddress_drop_unique_email', '2024-02-08 14:33:40.934882'),
	(20, 'account', '0005_emailaddress_idx_upper_email', '2024-02-08 14:33:40.944537'),
	(21, 'admin', '0001_initial', '2024-02-08 14:33:41.014572'),
	(22, 'admin', '0002_logentry_remove_auto_add', '2024-02-08 14:33:41.025451'),
	(23, 'admin', '0003_logentry_add_action_flag_choices', '2024-02-08 14:33:41.037836'),
	(24, 'authtoken', '0001_initial', '2024-02-08 14:33:41.079666'),
	(25, 'authtoken', '0002_auto_20160226_1747', '2024-02-08 14:33:41.117826'),
	(26, 'authtoken', '0003_tokenproxy', '2024-02-08 14:33:41.120149'),
	(27, 'information', '0001_initial', '2024-02-08 14:33:41.178738'),
	(28, 'fish', '0001_initial', '2024-02-08 14:33:41.595385'),
	(29, 'fish', '0002_initial', '2024-02-08 14:33:41.643881'),
	(30, 'location', '0001_initial', '2024-02-08 14:33:41.820264'),
	(31, 'review', '0001_initial', '2024-02-08 14:33:41.884654'),
	(32, 'review', '0002_initial', '2024-02-08 14:33:42.037859'),
	(33, 'schedule', '0001_initial', '2024-02-08 14:33:42.144545'),
	(34, 'schedule', '0002_initial', '2024-02-08 14:33:42.235250'),
	(35, 'sessions', '0001_initial', '2024-02-08 14:33:42.264423'),
	(36, 'sites', '0001_initial', '2024-02-08 14:33:42.274694'),
	(37, 'sites', '0002_alter_domain_unique', '2024-02-08 14:33:42.292025'),
	(38, 'socialaccount', '0001_initial', '2024-02-08 14:33:42.579620'),
	(39, 'socialaccount', '0002_token_max_lengths', '2024-02-08 14:33:42.641801'),
	(40, 'socialaccount', '0003_extra_data_default_dict', '2024-02-08 14:33:42.660050'),
	(41, 'socialaccount', '0004_app_provider_id_settings', '2024-02-08 14:33:42.743152'),
	(42, 'socialaccount', '0005_socialtoken_nullable_app', '2024-02-08 14:33:42.881677'),
	(43, 'socialaccount', '0006_alter_socialaccount_extra_data', '2024-02-08 14:33:42.929047');

-- 테이블 fubao.django_session 구조 내보내기
CREATE TABLE IF NOT EXISTS `django_session` (
  `session_key` varchar(40) NOT NULL,
  `session_data` longtext NOT NULL,
  `expire_date` datetime(6) NOT NULL,
  PRIMARY KEY (`session_key`),
  KEY `django_session_expire_date_a5c62663` (`expire_date`)
) ENGINE=InnoDB DEFAULT CHARSET=utf8mb4 COLLATE=utf8mb4_general_ci;

-- 테이블 데이터 fubao.django_session:~25 rows (대략적) 내보내기
INSERT INTO `django_session` (`session_key`, `session_data`, `expire_date`) VALUES
	('0ksre0iks57sgpg1pibjwutocdvsvn4l', '.eJxVj9EOgyAMRf-F54UUECq-bT9CCtZoZjCZ-LTs34fGZfGx596epm9BKS1bLmFb-SU6kcVNBNrKeIAw9ZVpc4WR0pPzntA871ieEnl0zniV9zpxLlOiMi35cW5dVCOtY_UY9tGCphidB9XqdkDQGJ1VPrYNE4BXyA607R3ZqIxOqJjBmAEb67BKf3_Q_yj3gYroFAJ6pxqjpQaLBt3nC9O3T-g:1raQn2:pYjJbqudiKrTpqCCnuPMsPK7ARG_xzCyjbd25qwLkUQ', '2024-02-29 01:43:52.208448'),
	('1jpvko58z7206wptzvj9i78w0qd271bo', '.eJxVj90KgzAMRt-l10OSprWtd9uLlPRHlInCrFdj774qjuFlzvflhLwFx7hsc_Hbml-iE1nchOetDAfwY6oM1RUGjs887wlP046bU9IcnTNem3ud8lzGyGVc5se5dVENvA7VE8i0TqVWOcAYFKG2ukXpkC0gKosJwZFTOrDuMQRgitRLQgALYLBKf3_w_2hOnovo0ICxUgFhQ621hPLzBYAQTvs:1rZr2t:QXZOnAhAqLDT9Sy0YCUqDCxYL2jSzgFIcgMbXKBOY5M', '2024-02-27 11:33:51.370678'),
	('4357ftfj67gnx324ccgb3rnfxukmsme4', '.eJxVj9EOgyAMRf-F54UUUCh7236EVKjRzGA28WnZvw-Ny-Jjz-09Td-CYpzXXMK68EtcxVNcRKC1DDsIY6pM2zPsKD44bwlN04blIZH7zhEv8lYnzmWMVMY534_WSTXQMlSPsoDoncEEVlPyXjfIhI3T2hvuHLieogLVc4xKIXMH7MigBcMWUlelvz_of5RToCKuqta9c2ha2UBrvbOfL_v0UM4:1raV3b:qGw47KgPujfU2GnPU6gPLPG5rtkxs2yCiWeerg4RNLI', '2024-02-29 06:17:15.408223'),
	('6j6zqihaxqqrbwjp0e8ualu1bh7xcy90', '.eJxVj8sKgzAQRf8l6yJ5moy79kfCJJOgVCLUuCr990axFJdz7p0zzJthjMtWqt_W9GIDI3ZjHrc6HsBP1JhQVxgwPlPZE5znHXenpDs6Z7x29zalUqeIdVrK49y6qEZcx-YJlkTmligBJ5W1cClYCeCMlA5ylr0ikCpnFVN0EjRxw7lFUn2QAWKT_v7A_9FEHisbhOXWSdVcHRjNtVGfLy2fUR4:1rZr00:RxfBxcWIPHFLfYoN4jzVe3B0Vs9Teo_SYKGPjAwn0Vk', '2024-02-27 11:30:52.955861'),
	('7mg1u4cm68vjafderr3vxmux5jvrbe0z', '.eJxVj8EKwyAMht_F8xC1Rm1v24tINErLioXVnsbefbZ0jJJTvj_5Qt4MY1y2Uv22phcbWGA35nGr4wH8RI1JeYUB4zOVPcF53jE_JfyYOeOV31uXSp0i1mkpj3ProhpxHZsnqUxdypBBO5EI0SFBEDa3AmNB91kqaaiTNliyUYEhEbXpjaOcwDTp7w_8H03ksbJBWmGdUqYD7qR1Qn---f9RIQ:1rZqgN:3KtPluOs2T30LBiMT6NwVGnk04L1KW6Cl7EC8oZ9-wk', '2024-02-27 11:10:35.819608'),
	('8lklbnyb6oxorcerj2xnme1m59oejris', '.eJxlj0sKwzAMBe_idTH-y86uvYiRbYWEBgcaZ1V69yYhpZQuNe9phJ4Mc57X2uK60IN1zLELi7i24QBxLP8sYb5T3QOcph3z08GPzhkv_LpNVNuYsY1zvZ1bP6oBl2HzWCqGIPUORSHrtBAEIVOSlDRJn5w0RTqfehWsQ9sDgcoWi8lFBeH1Jv28gd-jVCI21kkQAEF6FbjRYEWwrzcDrFFN:1rZifV:ItykzgEjDu3riELj8UIqaIcetfYbMmthFfXqW7ysfiQ', '2024-02-27 02:37:09.440200'),
	('8s7pqk1aok61z54xfbxgkzixke96hyga', '.eJxVj90KgzAMRt-l16P0D9t6t71ISdKIMqkw69XYu6-KY3iZ8305IW8BRMtWatpWfolekLiJBFsdD5Cm3Jg2V4hATy57AvO8Y3lK5NE541Xe28SlTgR1Wsrj3LqoRljH5smeg_EIQ9ZoOmRyPqCNSEADKxU6pR1bCMja6ZBROUcmG8wRQwdxaNLfH_A_yjlBFb32ygdjbTRSeR3c5wvbz1Gx:1rZqsa:kkSBzoSMBqudzA9M5JqBij8QDXZVC3B9u4R20IUXUmM', '2024-02-27 11:23:12.073644'),
	('brkaxc4vwqr6lz6odyoskxkzujy4vkye', '.eJxlj90KgzAMRt-l16P0P9a77UVKmlaUSYXZXo29-1QcY-wy50tOkidDoqWVGtqaH6xnhl1YwFbHA4Qp_bOIdM9lD3Ced8xPBz96znjl163KpU6EdVrK7Zz6UY24jpvHOq-MFjErBJCIFL2w3kjUyqVOJK2UyTomSkoMA2awsFFPKKKXzu33fd7A79KcAlbWSxDgnLIgOZiuA_d6A1WQUD8:1rZB2h:lBcxdyDpwwbn2KgdCtzmir3MPljwYJ7HMp7psArJZQo', '2024-02-25 14:42:51.751634'),
	('bujkstit6ppxx93b196ppdhlu9curkc7', '.eJxVj9sKgzAMht-l10PSgz3sbnuRkqYtilJh1quxd18Vx_Au-f7kC3kzJFq2Uv22phe7s4ndmMetDgfwY2xMwBUGpCmVPcF53nF3Srpj5ozX7tG6VOpIWMelPM-ti2rAdWienMDIwBEIuEnCYB8JQFMUts8assaQhEtG8oCcS-c4KWWNjaoVkucm_f2B_6Mpeqzszg0YJ5zUsrNgjdKfL82DUJ4:1raIRn:qyRTOk6bVXq404dX7tKDwWkr3pvXBvPIb4oAwCTBTW0', '2024-02-28 16:49:23.810527'),
	('bxa40atyjqyc9atuxbt0t5veqrgzdfz7', '.eJxVj8sKwyAQRf_FdZGo4yu79kdkHA0JDQYasyr995qQUrKcc--cYd4MiZat1LCt-cV6huzGAm51PECYUmOiu8KI9MxlT3Ced8xPCT86Z7zye5tyqRNhnZbyOLcuqhHXsXmcV5bQi0hSKasdGG0ikQOy4BXoqJTQWiBGPQx2QIKOkqfkjG2QRJP-_sD_0ZwCVtYL21knJRjgsumckp8vB7FRCQ:1rZqdc:YEwO4GQGh_xBgvpzq26W0vTWIhNrQzHmJcWJNfJPRZY', '2024-02-27 11:07:44.276871'),
	('ckn2qb4iuq1n2jbypo9usgmzfn3h4dmh', '.eJxVj8EKgzAMht-l5yG1TdrqbXuREpsWZVJh1tPYu6-KY3gK-f7kC3kLCmHZcvHbGl-iF4u4CU9bGQ_gJ65MwRUOFJ4x7wnN846bU9IcM2e8NvfaxVymQGVa8uPcuqhGWsfqAadQBU2EYMBxAoVuqAUZAVunKDgkzdYyJiNN0hqC6WJClh2woSr9_UH_o5E9FdG3VtrOtlKZxoGy1sHnCwrfUNA:1raTHm:vvGXwfDY3OeP8lY5C-nbwi-ydlV5djZYIZKqUAlDy6U', '2024-02-29 04:23:46.845283'),
	('eghuf2llthk64uk1tyfadv1crtebxw37', '.eJxlj90KgzAMRt-l16P0R9vUu-1FStpElEmFWa_G3n0qjjF2mfN9OSFPgTnPa6lxXfghOqHFRURc63CAONI_S5jvXPYAp2nH8nTIo3PGi7xuE5c6ZqzjXG7n1o9qwGXYPNZ7ILCWnbasHFJufEuGlSGnE2oTbOu1dgHRJJUC9wSBoW-dIgO4Sz9v4PcoU8QqOu2VbzYBWOmMakKA1xufU1CB:1rYT55:hvyzDkkTnLtc1qzASTZlMiNqPY4OWnkXbKgmhVHTJzM', '2024-02-23 15:46:23.623002'),
	('gip6tas92rohhr2u1euru99x1xvpbc45', '.eJxlj9EKgzAMRf-lz0MaW9vUt-1HSkwqyqTCrE9j_z4Vxxh7zLk3J-SpiHlec4nrkh6qVaguKtJahgPEUf5ZR3xPeQ9omnZcnY7q6JzxUl23KeUyMpVxzrdz60c10DJsHivWGA9aO09BpPOu77UxdbINMiKJwZo5IWkDoJG1lZ48CgdIQl3YpJ836Hs0SaSiWvDaIwA0TYUuWHDN6w3AoVDe:1rZnhD:fTIVncMnH56N5SBgmOalQ1ZA1TYMeO1CVA3xe3LSIlU', '2024-02-27 07:59:15.872231'),
	('hs0xe5xmnf4qcdo4a9dk08nwm1tm2rrm', '.eJxlj90KgzAMRt-l10Oa2l_vthcpaUxRJhVmvRp796k4xthlzvflhDwFEs1rqXFd-CE64cRFRFzrcIA49v8sId257AFO046b09EcnTNemus2cakjYR3ncju3flQDLsPmIfBkM6IJ2QCQlj44q4NRPgGgBpWZUyCVQVFopZeOPSUGZWyyAfUm_byB36PcR6yiAyedl0o7aJxvJVj9egOsKFBL:1rZlR9:4KGyo2B-SLSk1sg1M93xmmtvZkAYkiiJrUvn1i4WHEk', '2024-02-27 05:34:31.785534'),
	('i12onv8scizlawqxx0i8z3l43zrkywiw', '.eJxVj0kKwzAMRe_idTG2Ug_qrr2IkSdiGhxonFXp3euElJLlf196Qm9GIcxrbW5d0ovdWGEX5mht4w5ciZ1Je4aewjPVraFp2jA_JHyfOeqF33tKtZVArcz1cWydVCMtY_eg8gLQYEwZMsQhUBTaI0FOKltpfMSIAZPxYghAVw9WAWnAoDz12KW_P-h_NEVHjd2kEQZBg1HcDkprIz9fdcBSDw:1raHdz:teAmr_BGaxb_71DaD6uft1CWutQXGPVPgRO5j-i_zIY', '2024-02-28 15:57:55.838309'),
	('ihi0v5xv5e2jcb2h4fy9o44kufzd7tpo', '.eJxVj8EKgzAMht-l51HaWk3rbXuRkqYRZa6DWU9j774qjuElkO9PvpC3QKLnmktYF36JXjzERQRcy7iDMKXKjDnDiHTnvCU4zxuWh0TuM0e8yGvtOJeJsEzPfDu2TqoRl7F6Wo8pJZWUA9vFhNE6z2QZHEWPA1BDzGhj65X3RkXQaFjrobNtQ3GgKv39gf-jnAIW0WtQ4DtljJNNLcbC5wuM11Iz:1raQTc:S7kJpj5iBvClxagMwPK6GFkUA6BocvEqAXII-glWl5U', '2024-02-29 01:23:48.325234'),
	('mhe4ir1piuu3wcb8md25crrz14kwbi1r', '.eJxVj90KgzAMRt-l10P6axPvthcpaawokwqzXo29-6w4hpc5X3I-8hbEvGy5hG1NL9GJWdxEoK2MBwhTvzOtrjASP1OuCc1zxc0paY6dM16b-z6lXCamMi35cV5dVCOtY21IGg2wdhiHxNYYpxWzgUgKQVqXpHcWYkIYWm4JWzdIBIyggKQCvUt_f9C_NPWBiuiUlx6r3zSI6K2DzxfvO1BW:1raIS8:BgZuVYalrkvEyfEaoqRNZuRwj9q24LdpA39lV-wGpo0', '2024-02-28 16:49:44.001486'),
	('omggpsq1711zbiftcyi5g27ysipzm1qa', '.eJxlj9EKwjAMRf-lz1K6NjWrb_ojJW0yNhwduO5J_He3MRHxMefenJCnopynpdS4zPJQF2XVSUVaar-DOPA_S5TvUraAxnHD-nDovXPEs76uk5Q6ZKrDVG7H1o-qp7lfPSaBZWt9m5xvIIARwUwh2eTEs3FOEmfTAufGMXMHNnnsDJFpEUKiVfp5g75HhSNVdWnQ4BksONCAHgPi6w3TrlEi:1rZ5nu:yaSswOnhRSVFGvSspIv4WfAD23DH8qVgEQIpyv1Qz-w', '2024-02-25 09:07:14.479031'),
	('q4gzv21cp0ijtg141cclerr7s1fxp3lw', '.eJxVj90KwyAMRt_F61HUaqK9215E4k-xrFhY7dXYu8-WjlFylZMvJ-TNKIRlK9Vta3qxgWV2Y462mg_gptiYwCv0FJ6p7BOa5x13p6Q7Mud47e6tS6VOgeq0lMe5dVFlWnPzWO9BaN2PvgcjIxqiFBJGqbUfpUCjVUhecyOJS9WqRwjAOVquEljfpL8_6H80RUeVDQJbTiBa6BQopUB_vgBiUF4:1raFRE:hrtBzH1er8WNu_epK-2wnrIaLFwRVbIXdM4BrQS7GiQ', '2024-02-28 13:36:36.466909'),
	('qm4nrjyc8fxxe2050nai9txyeue58wqu', '.eJxVj0kOwjAMRe-SNYqSZrDTHVwkciZaUQWJpivE3WmrItSl3_9-lt-MYnwutfllzi_Wszu7ME9LG3bgx7Qyac8wUHzkuiU0TRvmh4TvnSOe-XWdcm1jpDY-6-3YOqkGmofVg9kgJnCIRqdUBKUC1kGQEBB0hgLJCZGcCiEU6YoOUeeoVCmA2tAm_f1B_6M5eWqslyAAO4tacdOh7Cx8vljCUdk:1rZrmF:4RtczGKXmpkpFh1T4mf5Xq816Xix_HXN_cd45EM0UoA', '2024-02-27 12:20:43.531399'),
	('rd8f191gdbnljx73g20y6j0w1ncu79so', '.eJxVj90KgzAMRt-l10NMf6zxbnuRkqYtukkHs16NvfuqOIbkKudLTshbEPNzzcWtS3yJQdzFRThay7gDN4XKAM_QEz9i3hKa5w03h6TZZ454aa61i7lMTGV65tuxdVKNtIzVY1JSHSgylLoOAJEkaeNZG5SMEcCalomsVdIr2feBldQh1TXtATVU6e8P-h-NwVERA9jWoqzVN2iNtq35fAENEFDC:1raIQk:L63oVUsTM3Ox1Vi5kZcckRtR0Dcsk9HkdH0WDY9jGBk', '2024-02-28 16:48:18.978241'),
	('rpgw6dxushqpgrb7lf3bw4f1snddiwiw', '.eJxVj9EOgjAMRf9lz4ask9HBm_4I6dotEMkwMp6M_-4gGMNjz709Td-KmOc15X5dwkt16qkuqqc1DzvoRynM2DP0xI-QtoSmacPVIan2zhEv1a1MIeWRKY9zuh9bJ9VAy1A8LkTPwoINE2uJ3gkJ2mhRwBiQKyC5gCXXvobm6tliiLVudfTiIxTp7w_6Hw3SU1YdoMYWAVqotDOtbdznC7yBUps:1raTKR:IUCSGX2pcOJFVthT1R_ntJfBGjvLaW6YZZy2ngb4KMw', '2024-02-29 04:26:31.084762'),
	('ry6fbt43648jdar3ev2rcqqvxtpw4rkp', '.eJxlj9EKwjAMRf-lz1Kadmsz3_RHSpZGNhwduO5J_He7MRHxIZDcm5xLnoqY5zWXuC7yUGfVqZOKtJZhF-KY_rWe-C55M2iaNlkfDL3vHPaiL3WSXEamMs75elz9oAZahspp5eYFjWXvfSISbqBx1AJgR2wacgAQWmcx-No6RgPJpJ6lR4MCvkI_b9A3VFKkos4QTEALDq12IUCt1xuc2VAG:1rZqMA:_hsiWLExDHEjPjuSvhWS5_myrb-Hc_LdPDzuLIJjLG8', '2024-02-27 10:49:42.379659'),
	('t6h97cwnv6lbnw8kpdqh25ji2x8foku7', '.eJxlj90KgzAMRt-l10P6m7bebS9SYhpRJhVmvRp796k4xthlzvflhDwFEs1rqWld-CFa4cRFJFzrcIA05n_WId257AFO046b09EcnTNemus2cakjYR3ncju3flQDLsPmsQa06UN2TMYCEZOm4KWMRnrlo3KOmY3BvifNPqMyEHUGFYIN0XVxk37ewO9RzgmraJWXHiJoCw0EqQD06w2jqFA3:1rZJnq:BZY7mfy3t38oP2P1T25TbhWTf3MtT9MxGmS_zD6setU', '2024-02-26 00:04:06.682908'),
	('t8pw0sc3a7ihd1jipkhtfb58v7oam0ws', '.eJxVj90KgzAMRt-l16M0tumPd9uLlNhGlEmFWa_G3n0qjuFlzpecJG9BKc1rqXFd-CVa0YubiLTW4QBxzBsDvMKO0pPLntA07VieEnn0nPEi71vFpY6J6jiXxzl1UQ20DJvH9AZt9pYxkTYQXHJWQQLEoEOCwFlZNBm8D74hBtJ9A5w1dwwKw37f7w_6L-UcqYoWnHK-QW20RNDBYfh8AedwUGE:1rZrO3:WxPkaWC5GzlSz664f5y9N3SQvkVc1DC1Z5CecTxpJgE', '2024-02-27 11:55:43.516289'),
	('y60qrffpnzlxlbu9a385tmf3aa58kh18', '.eJxlj0sKwzAMBe_idTF2_M-uvYiRLZmEBgcaZ1V69yYhpZQuNe9phJ4Mcp7X2uK60IP1TLELi7C24QBxxH-WIN-p7gFM04756eBH54wXft0mqm3M0Ma53s6tH9UAy7B5nC2IBQphcsZqIYKS0mhSlFNQPgVLRWX0uQQAa40xKCV0opQuCdB2k37egO9RwgiN9dIJZ7XyQvNgOhOCf70BCoRReA:1rZ6A0:jOLLskSVaw8_Eh67oSOpPznVuqqyTjdBnHl3JQh0WmE', '2024-02-25 09:30:04.955329');

-- 테이블 fubao.django_site 구조 내보내기
CREATE TABLE IF NOT EXISTS `django_site` (
  `id` int(11) NOT NULL AUTO_INCREMENT,
  `domain` varchar(100) NOT NULL,
  `name` varchar(50) NOT NULL,
  PRIMARY KEY (`id`),
  UNIQUE KEY `django_site_domain_a2e37b91_uniq` (`domain`)
) ENGINE=InnoDB AUTO_INCREMENT=2 DEFAULT CHARSET=utf8mb4 COLLATE=utf8mb4_general_ci;

-- 테이블 데이터 fubao.django_site:~1 rows (대략적) 내보내기
INSERT INTO `django_site` (`id`, `domain`, `name`) VALUES
	(1, 'example.com', 'example.com');

-- 테이블 fubao.fish_fish 구조 내보내기
CREATE TABLE IF NOT EXISTS `fish_fish` (
  `id` bigint(20) NOT NULL AUTO_INCREMENT,
  `name_kor` varchar(100) NOT NULL,
  `name_eng` varchar(100) NOT NULL,
  `fish_difficulty` int(11) NOT NULL,
  `subtitle` longtext NOT NULL,
  `document` longtext NOT NULL,
  `prohibit_id` bigint(20) DEFAULT NULL,
  `release_standard_id` bigint(20) DEFAULT NULL,
  PRIMARY KEY (`id`),
  KEY `fish_fish_prohibit_id_23b778a5_fk_information_prohibit_fish_id` (`prohibit_id`),
  KEY `fish_fish_release_standard_id_53bedaf6_fk_informati` (`release_standard_id`),
  CONSTRAINT `fish_fish_prohibit_id_23b778a5_fk_information_prohibit_fish_id` FOREIGN KEY (`prohibit_id`) REFERENCES `information_prohibit_fish` (`id`),
  CONSTRAINT `fish_fish_release_standard_id_53bedaf6_fk_informati` FOREIGN KEY (`release_standard_id`) REFERENCES `information_release_fish` (`id`)
) ENGINE=InnoDB AUTO_INCREMENT=11 DEFAULT CHARSET=utf8mb4 COLLATE=utf8mb4_general_ci;

-- 테이블 데이터 fubao.fish_fish:~10 rows (대략적) 내보내기
INSERT INTO `fish_fish` (`id`, `name_kor`, `name_eng`, `fish_difficulty`, `subtitle`, `document`, `prohibit_id`, `release_standard_id`) VALUES
	(1, '참돔', 'red sea bream', 2, '바다의 여왕이라고도 불리는 참돔!', '가을 바람이 차가워질 무렵, 바다낚시의 열정을 다시 불러일으키는 참돔 낚시 시즌이 시작된다. 참돔은 그 우아한 자태와 강한 힘으로 낚시꾼들 사이에서 특별한 위치를 차지하고 있다. 참돔은 바다의 귀족으로 불리며, 그 맛과 싸움질로 유명하다. 참돔낚시는 높은 기술을 요구하며, 참돔을 낚을 때의 짜릿한 손맛은 낚시꾼들에게 잊을 수 없는 추억을 선사한다. 이들을 대상으로 하는 낚시는 바다낚시의 깊은 매력을 즐길 수 있는 기회로, 참돔의 화려한 싸움을 경험하는 것 자체가 하나의 예술로 여겨진다.', 1, 1),
	(2, '농어', 'sea bass', 1, '몸매가 좋은 8등신 생선', '바다가 잔잔해지는 가을부터 겨울 사이, 농어 낚시에 대한 기대가 높아진다. 농어는 바다의 강자로 불리며, 그 힘찬 싸움질로 낚시꾼들에게 도전의 즐거움을 선사한다. 특히 큰 사이즈의 농어를 낚는 것은 바다낚시의 묘미 중 하나로 꼽힌다. 농어는 강한 입질과 빠른 움직임으로 유명하며, 이를 잡기 위해서는 높은 수준의 기술과 인내가 필요하다. 농어 낚시는 바다낚시에서 가장 스릴 넘치고 짜릿한 경험을 제공하는데, 이는 많은 낚시꾼들에게 바다의 진정한 매력을 체험하게 해준다.', 2, 2),
	(3, '전갱이', 'horse mackerel', 3, '나 한번 잡아보시지! 남해의 미꾸라지 전갱이', '바다의 푸른 물결이 매혹적으로 춤추는 늦가을부터 겨울이 되면, 전갱이 낚시의 시간이 돌아온다. 전갱이는 바다의 신선함을 그대로 담은 작지만 강인한 어종으로, 낚시꾼들에게 즐거움과 도전을 동시에 선사한다. 가늘고 긴 몸매, 빠른 움직임이 특징인 전갱이는 그물이나 루어, 찌낚시로 잡히며, 낚시꾼들 사이에서는 특히 루어낚시의 인기 대상이다. 전갱이 낚시는 바다의 변화무쌍한 매력을 직접 체험할 수 있는 기회를 제공하며, 그 빠른 움직임과 재빠른 입질은 낚시의 짜릿한 순간을 만끽하게 한다.', 3, 3),
	(4, '숭어', 'mugil cephalus', 2, '가장 많은 방언과 속담을 가진 물고기', '바다가 따스한 햇살 아래 물결치는 봄부터 초여름, 그리고 다시 가을이 찾아올 때면 숭어 낚시의 계절이 시작된다. 숭어는 그 은빛 빛깔과 날렵한 몸매로 바다 낚시꾼들의 마음을 사로잡는다. 이들은 무리를 지어 이동하며, 그 모습은 바다의 우아함을 대표한다. 숭어 낚시는 섬세한 감각과 빠른 반응을 요구하며, 숭어가 낚싯바늘에 걸릴 때의 그 느낌은 낚시꾼에게 특별한 만족을 준다. 숭어를 낚는 것은 바다낚시의 묘미 중 하나로, 그들의 신속한 움직임과 부드러운 싸움은 낚시의 짜릿함을 제공한다.', 4, 4),
	(5, '고등어', 'scomber japonicus', 1, '단백질과 지질이 풍부한 바다의 보리', '가을 바람이 선선하게 불기 시작하면, 바다 낚시꾼들의 마음은 고등어 낚시로 향한다. 고등어는 그 은빛 비늘과 날렵한 몸매로 바다의 속도를 그대로 전달한다. 고등어는 강한 입질과 빠른 속도로 낚시의 짜릿함을 선사하며, 특히 가을철에는 더욱 살이 오르고 맛이 좋아진다. 고등어 낚시는 루어나 찌낚시로 즐길 수 있으며, 바다낚시의 활기찬 매력을 직접 체험할 수 있는 기회를 제공한다. 강한 파이팅을 즐기는 낚시꾼들에게 고등어 낚시는 바다의 진수를 맛볼 수 있는 특별한 시간이다.', 5, 5),
	(6, '광어', 'flatfish', 2, '넙적해서 넙치라고 불리는 광어', '바다가 잔잔한 파도를 이룰 때, 낚시꾼들의 마음은 광어 낚시로 기울어진다. 광어는 그 넓고 평평한 몸으로 바다의 고요함과 신비를 대변한다. 광어는 부드러운 싸움질로 유명하며, 그 맛과 식감으로 많은 사람들의 사랑을 받는다. 광어 낚시는 주로 루어나 찌낚시로 즐길 수 있으며, 특히 루어낚시에서는 광어의 미끼에 대한 민감한 반응을 경험할 수 있다. 광어를 낚는 것은 바다낚시의 세심한 기술과 인내를 요구하는데, 이는 낚시꾼에게 특별한 만족감을 준다. 바다의 여유와 맛을 동시에 느낄 수 있는 광어 낚시는 매력적인 경험이다.', 6, 6),
	(7, '우럭', 'korean rockfish', 2, '우럭 못잡으면 광광 우럭', '바다가 평온함을 되찾는 봄부터 가을까지, 우럭 낚시는 바다 낚시꾼들에게 큰 즐거움을 선사한다. 우럭은 튼튼한 몸체와 강한 입질로 유명하며, 그 맛은 바다의 신선함을 그대로 전달한다. 우럭을 낚는 것은 바다낚시에서 특별한 기술과 인내를 필요로 하는데, 특히 바닥 근처에서 미끼를 적절히 움직여야 한다. 우럭 낚시는 바다의 깊은 맛과 짜릿한 손맛을 동시에 경험할 수 있는 기회를 제공하며, 바다의 푸른 물결 속에서 펼쳐지는 이 작은 모험은 낚시꾼에게 큰 만족을 안겨준다.', 7, 7),
	(8, '감성돔', 'black sea bream', 1, '감성을 갬성으로 부르는 유행 때문에 갬성돔?', '봄바람이 따스하게 불어오면, 낚시꾼들의 마음은 감성돔 낚시로 기울기 시작한다. 감성돔은 그 우아한 자태와 강한 싸움질로 낚시꾼들 사이에서 특별한 위치를 차지한다. 감성돔은 바다의 보석으로 불리며, 그 맛과 투쟁심으로 유명하다. 감성돔낚시는 정교한 기술을 요구하며, 감성돔을 낚을 때의 짜릿한 손맛은 낚시꾼들에게 잊을 수 없는 추억을 선사한다. 갯바위나 방파제에서 즐기는 이 낚시는 바다낚시의 진정한 매력을 즐길 수 있는 기회로, 감성돔의 화려한 싸움을 경험하는 것 자체가 하나의 예술로 여겨진다.', 8, 8),
	(9, '돌돔', 'rock bream', 2, '맛있기로 유명한 바다의 폭군', '여름의 끝자락과 가을의 시작을 알리는 시기에, 돌돔 낚시에 대한 기대가 커진다. 돌돔은 바다의 강인함을 상징하는 어종으로, 그 거친 싸움질과 튼튼한 체격으로 낚시꾼들에게 최고의 도전을 선사한다. 돌돔은 갯바위와 바위 지형에 서식하며, 그 강한 입질은 낚시의 짜릿함을 극대화한다. 돌돔 낚시는 높은 수준의 기술과 체력을 요구하며, 이를 잡는 것은 바다낚시에서의 하이라이트로 여겨진다. 돌돔을 낚는 순간은 낚시꾼에게 특별한 성취감을 선사하며, 바다의 거친 매력을 직접 경험할 수 있는 기회를 제공한다.', 9, 9),
	(10, '쥐노래미', 'greenling', 3, '잡기 어려워서 잡으면 놀래미', '바다의 깊은 곳에서 은밀하게 움직이는 쥐노래미는 낚시꾼들에게 흥미로운 대상이다. 이 작고 기민한 어종은 바다 바닥 근처에서 주로 발견되며, 미끼에 대한 빠른 반응으로 유명하다. 쥐노래미 낚시는 세심한 주의와 빠른 반응을 요구하는데, 이는 낚시의 재치와 기교를 시험하는 좋은 기회를 제공한다. 비록 크기는 작지만, 그들을 낚는 것은 바다 낚시의 또 다른 즐거움이다. 쥐노래미를 낚는 순간은 예측할 수 없는 바다의 다양성을 경험하게 하며, 작은 크기에도 불구하고 낚시꾼에게 큰 만족감을 선사한다.', 10, 10);

-- 테이블 fubao.fish_fish_area 구조 내보내기
CREATE TABLE IF NOT EXISTS `fish_fish_area` (
  `id` bigint(20) NOT NULL AUTO_INCREMENT,
  `fish_id` bigint(20) NOT NULL,
  `fishing_area_id` bigint(20) NOT NULL,
  PRIMARY KEY (`id`),
  UNIQUE KEY `fish_fish_area_fish_id_fishing_area_id_fac797d6_uniq` (`fish_id`,`fishing_area_id`),
  KEY `fish_fish_area_fishing_area_id_25f73ea6_fk_informati` (`fishing_area_id`),
  CONSTRAINT `fish_fish_area_fish_id_df589acb_fk_fish_fish_id` FOREIGN KEY (`fish_id`) REFERENCES `fish_fish` (`id`),
  CONSTRAINT `fish_fish_area_fishing_area_id_25f73ea6_fk_informati` FOREIGN KEY (`fishing_area_id`) REFERENCES `information_fishing_area` (`id`)
) ENGINE=InnoDB AUTO_INCREMENT=38 DEFAULT CHARSET=utf8mb4 COLLATE=utf8mb4_general_ci;

-- 테이블 데이터 fubao.fish_fish_area:~36 rows (대략적) 내보내기
INSERT INTO `fish_fish_area` (`id`, `fish_id`, `fishing_area_id`) VALUES
	(1, 1, 1),
	(11, 1, 2),
	(20, 1, 3),
	(28, 1, 4),
	(2, 2, 1),
	(12, 2, 2),
	(21, 2, 3),
	(29, 2, 4),
	(3, 3, 1),
	(13, 3, 2),
	(22, 3, 3),
	(30, 3, 4),
	(4, 4, 1),
	(14, 4, 2),
	(23, 4, 3),
	(31, 4, 4),
	(5, 5, 1),
	(15, 5, 2),
	(24, 5, 3),
	(32, 5, 4),
	(6, 6, 1),
	(16, 6, 2),
	(25, 6, 3),
	(33, 6, 4),
	(7, 7, 1),
	(34, 7, 4),
	(8, 8, 1),
	(17, 8, 2),
	(26, 8, 3),
	(35, 8, 4),
	(9, 9, 1),
	(18, 9, 2),
	(27, 9, 3),
	(36, 9, 4),
	(19, 10, 2),
	(37, 10, 4);

-- 테이블 fubao.fish_fish_bait 구조 내보내기
CREATE TABLE IF NOT EXISTS `fish_fish_bait` (
  `id` bigint(20) NOT NULL AUTO_INCREMENT,
  `fish_id` bigint(20) NOT NULL,
  `fishing_bait_id` bigint(20) NOT NULL,
  PRIMARY KEY (`id`),
  UNIQUE KEY `fish_fish_bait_fish_id_fishing_bait_id_1bc30e8d_uniq` (`fish_id`,`fishing_bait_id`),
  KEY `fish_fish_bait_fishing_bait_id_65da1416_fk_informati` (`fishing_bait_id`),
  CONSTRAINT `fish_fish_bait_fish_id_8895aa93_fk_fish_fish_id` FOREIGN KEY (`fish_id`) REFERENCES `fish_fish` (`id`),
  CONSTRAINT `fish_fish_bait_fishing_bait_id_65da1416_fk_informati` FOREIGN KEY (`fishing_bait_id`) REFERENCES `information_fishing_bait` (`id`)
) ENGINE=InnoDB AUTO_INCREMENT=51 DEFAULT CHARSET=utf8mb4 COLLATE=utf8mb4_general_ci;

-- 테이블 데이터 fubao.fish_fish_bait:~50 rows (대략적) 내보내기
INSERT INTO `fish_fish_bait` (`id`, `fish_id`, `fishing_bait_id`) VALUES
	(1, 1, 1),
	(11, 1, 2),
	(21, 1, 3),
	(31, 1, 4),
	(41, 1, 5),
	(2, 2, 1),
	(12, 2, 2),
	(22, 2, 3),
	(32, 2, 4),
	(42, 2, 5),
	(43, 3, 6),
	(3, 3, 7),
	(13, 3, 8),
	(23, 3, 9),
	(33, 3, 10),
	(4, 4, 1),
	(14, 4, 2),
	(24, 4, 3),
	(34, 4, 4),
	(44, 4, 5),
	(5, 5, 1),
	(15, 5, 2),
	(25, 5, 3),
	(35, 5, 4),
	(45, 5, 5),
	(6, 6, 1),
	(16, 6, 2),
	(26, 6, 3),
	(36, 6, 4),
	(46, 6, 5),
	(7, 7, 1),
	(17, 7, 2),
	(27, 7, 3),
	(37, 7, 4),
	(47, 7, 5),
	(8, 8, 1),
	(18, 8, 2),
	(28, 8, 3),
	(38, 8, 4),
	(48, 8, 5),
	(9, 9, 1),
	(19, 9, 2),
	(29, 9, 3),
	(39, 9, 4),
	(49, 9, 5),
	(10, 10, 1),
	(20, 10, 2),
	(30, 10, 3),
	(40, 10, 4),
	(50, 10, 5);

-- 테이블 fubao.fish_fish_equipment 구조 내보내기
CREATE TABLE IF NOT EXISTS `fish_fish_equipment` (
  `id` bigint(20) NOT NULL AUTO_INCREMENT,
  `fish_id` bigint(20) NOT NULL,
  `fishing_equipment_id` bigint(20) NOT NULL,
  PRIMARY KEY (`id`),
  UNIQUE KEY `fish_fish_equipment_fish_id_fishing_equipment_id_c92bd7a3_uniq` (`fish_id`,`fishing_equipment_id`),
  KEY `fish_fish_equipment_fishing_equipment_id_430f87a3_fk_informati` (`fishing_equipment_id`),
  CONSTRAINT `fish_fish_equipment_fish_id_bf241c08_fk_fish_fish_id` FOREIGN KEY (`fish_id`) REFERENCES `fish_fish` (`id`),
  CONSTRAINT `fish_fish_equipment_fishing_equipment_id_430f87a3_fk_informati` FOREIGN KEY (`fishing_equipment_id`) REFERENCES `information_fishing_equipment` (`id`)
) ENGINE=InnoDB DEFAULT CHARSET=utf8mb4 COLLATE=utf8mb4_general_ci;

-- 테이블 데이터 fubao.fish_fish_equipment:~0 rows (대략적) 내보내기

-- 테이블 fubao.fish_fish_method 구조 내보내기
CREATE TABLE IF NOT EXISTS `fish_fish_method` (
  `id` bigint(20) NOT NULL AUTO_INCREMENT,
  `fish_id` bigint(20) NOT NULL,
  `fishing_method_id` bigint(20) NOT NULL,
  PRIMARY KEY (`id`),
  UNIQUE KEY `fish_fish_method_fish_id_fishing_method_id_4c442d53_uniq` (`fish_id`,`fishing_method_id`),
  KEY `fish_fish_method_fishing_method_id_27d6114c_fk_informati` (`fishing_method_id`),
  CONSTRAINT `fish_fish_method_fish_id_06a03d4d_fk_fish_fish_id` FOREIGN KEY (`fish_id`) REFERENCES `fish_fish` (`id`),
  CONSTRAINT `fish_fish_method_fishing_method_id_27d6114c_fk_informati` FOREIGN KEY (`fishing_method_id`) REFERENCES `information_fishing_method` (`id`)
) ENGINE=InnoDB AUTO_INCREMENT=26 DEFAULT CHARSET=utf8mb4 COLLATE=utf8mb4_general_ci;

-- 테이블 데이터 fubao.fish_fish_method:~25 rows (대략적) 내보내기
INSERT INTO `fish_fish_method` (`id`, `fish_id`, `fishing_method_id`) VALUES
	(1, 1, 1),
	(2, 1, 2),
	(3, 2, 1),
	(4, 2, 2),
	(5, 2, 3),
	(6, 3, 1),
	(7, 3, 3),
	(8, 4, 1),
	(9, 4, 2),
	(10, 4, 4),
	(11, 5, 1),
	(12, 5, 3),
	(13, 6, 1),
	(14, 6, 2),
	(15, 6, 3),
	(16, 7, 1),
	(17, 7, 2),
	(18, 7, 3),
	(19, 8, 1),
	(20, 8, 2),
	(21, 9, 1),
	(22, 9, 2),
	(23, 10, 1),
	(24, 10, 2),
	(25, 10, 3);

-- 테이블 fubao.fish_user_fish 구조 내보내기
CREATE TABLE IF NOT EXISTS `fish_user_fish` (
  `id` bigint(20) NOT NULL AUTO_INCREMENT,
  `max_length` double DEFAULT NULL,
  `count` int(11) NOT NULL,
  `image` varchar(100) DEFAULT NULL,
  `preference` tinyint(1) NOT NULL,
  `fish_id` bigint(20) NOT NULL,
  `user_id` bigint(20) NOT NULL,
  PRIMARY KEY (`id`),
  KEY `fish_user_fish_fish_id_4ae28340_fk_fish_fish_id` (`fish_id`),
  KEY `fish_user_fish_user_id_c15c9776_fk_user_user_id` (`user_id`),
  CONSTRAINT `fish_user_fish_fish_id_4ae28340_fk_fish_fish_id` FOREIGN KEY (`fish_id`) REFERENCES `fish_fish` (`id`),
  CONSTRAINT `fish_user_fish_user_id_c15c9776_fk_user_user_id` FOREIGN KEY (`user_id`) REFERENCES `user_user` (`id`)
) ENGINE=InnoDB AUTO_INCREMENT=133 DEFAULT CHARSET=utf8mb4 COLLATE=utf8mb4_general_ci;

-- 테이블 데이터 fubao.fish_user_fish:~40 rows (대략적) 내보내기
INSERT INTO `fish_user_fish` (`id`, `max_length`, `count`, `image`, `preference`, `fish_id`, `user_id`) VALUES
	(123, NULL, 0, '', 0, 1, 26),
	(124, NULL, 0, '', 0, 2, 26),
	(125, NULL, 0, '', 1, 3, 26),
	(126, NULL, 0, '', 0, 7, 26),
	(127, NULL, 0, '', 0, 4, 26),
	(128, NULL, 0, '', 0, 5, 26),
	(129, NULL, 0, '', 0, 6, 26),
	(130, NULL, 0, '', 1, 8, 26),
	(131, NULL, 0, '', 0, 9, 26),
	(132, NULL, 0, '', 0, 10, 26);

-- 테이블 fubao.information_fishing_area 구조 내보내기
CREATE TABLE IF NOT EXISTS `information_fishing_area` (
  `id` bigint(20) NOT NULL AUTO_INCREMENT,
  `title` varchar(10) NOT NULL,
  `subtitle` longtext NOT NULL,
  `document` longtext NOT NULL,
  PRIMARY KEY (`id`)
) ENGINE=InnoDB AUTO_INCREMENT=5 DEFAULT CHARSET=utf8mb4 COLLATE=utf8mb4_general_ci;

-- 테이블 데이터 fubao.information_fishing_area:~4 rows (대략적) 내보내기
INSERT INTO `information_fishing_area` (`id`, `title`, `subtitle`, `document`) VALUES
	(1, '방파제', '조심! 잘못하면 빠져요', '방파제 낚시는 접근성이 좋고 훌륭한 물고기 은신처로, 고급 어종도 낚아 재미를 더합니다. 그러나 안전상의 취약점과 기상 악화에 민감하기도 합니다. 초보자도 쉽게 도전할 수 있는, 그러나 안전에 주의를 기울여야 하는 낚시.'),
	(2, '갯바위', '구명조끼 필수 조심하세요', '갯바위 낚시는 다양하고 방대한 포인트와 좋은 서식 여건으로 고급 어종 포함 대부분의 어종을 노릴 수 있으며, 운치 있는 풍경 속에서 여유로운 낚시를 즐길 수 있습니다. 그러나 해상 날씨에 민감해 안전사고 대비가 필요하며, 접근성이 떨어진다는 단점이 있습니다. 다양한 어종과 아름다운 풍경이 매력적이지만, 비용과 접근성이 아쉬운 낚시.'),
	(3, '선착장', '주변에 횟집 많지만 굳이', '선착장 낚시는 접근성이 좋고 비용이 들지 않으며 안전하고 편의시설이 갖춰져 있어 가족과 함께하기에 적합합니다. 그러나 사람과 배의 왕래가 잦아 소란스러울 수 있으며, 자리 쟁탈전이 발생할 수 있고, 큰 조과를 기대하기 어렵습니다. 가족과 함께하기 좋지만, 소란과 자리 경쟁에 주의해야 하며 큰 기대는 안하는 것이 좋은 낚시.'),
	(4, '선상', '선장님, 이 포인트 맞나요', '선상 찌낚시는 씨알이 큰 고급 어종을 많이 낚을 수 있으며, 발판이 편하고 짐을 줄일 수 있습니다. 그러나 접근성이 떨어지고 비용이 많이 들며, 여러 사람과 함께하는 환경이라 한적한 낚시를 기대하기 어렵고, 멀미에 취약한 이들에게는 부담이 될 수 있습니다. 대어와 다양한 고급 어종을 낚을 수 있지만, 비용과 해상 날씨, 멀미에 대비가 필요한 낚시.');

-- 테이블 fubao.information_fishing_bait 구조 내보내기
CREATE TABLE IF NOT EXISTS `information_fishing_bait` (
  `id` bigint(20) NOT NULL AUTO_INCREMENT,
  `title` varchar(10) NOT NULL,
  `subtitle` longtext NOT NULL,
  `document` longtext NOT NULL,
  PRIMARY KEY (`id`)
) ENGINE=InnoDB AUTO_INCREMENT=11 DEFAULT CHARSET=utf8mb4 COLLATE=utf8mb4_general_ci;

-- 테이블 데이터 fubao.information_fishing_bait:~10 rows (대략적) 내보내기
INSERT INTO `information_fishing_bait` (`id`, `title`, `subtitle`, `document`) VALUES
	(1, '갯지렁이', '', '크릴 미끼가 등장하기 전, 1980년대까지만 해도 바다낚시의 대표적인 미끼로 꼽혔던 갯지렁이는 그 종류가 수없이 많다. 환형동물(環形動物) 가운데 가장 많은 종류를 차지하는데 세계적으로 약 8천여 종이 서식하는 것으로 알려져 있다. 육지에 서식하는 빈모류(貧毛類)의 일반 지렁이들도 사실은 바다의 다모류(多毛類) 일부가 거처를 옮겨 변화된 것이고, 빈모류 중에서 다시 담수로 흘러들어간 것이 오늘날의 거머리가 되었다고 한다.\r\n\r\n갯지렁이의 특징은 대부분 혈관이 잘 발달되어 있다는 점이다. 그래서 헤모글로빈(hemoglobin) 혈액을 함유하는 종류는 붉은색을 띠고, 클로로크루오린(chlorocruorin)을 함유한 종류는 녹색을 띤다. 우리가 흔히 보는 갯지렁이 종류의 색깔이 붉은색 또는 녹색인 이유도 바로 이 때문이다. 이 두 가지 색깔의 갯지렁이 가운데 낚시 미끼로 흔히 사용하는 종류는 2~4가지가 꼽힌다. 붉은색 계통의 참갯지렁이(일본명 · 혼무시)와 홍갯지렁이, 녹색 계통의 청갯지렁이와 강화산 청갯지렁이가 그 대표적이다.\r\n'),
	(2, '크릴', '', '외형이 작은 새우를 닮은 갑각류이다. \'크릴새우\' 혹은 \'남극새우\'로 부르는 까닭에 새우의 일종이라고 생각하지만 사실은 새우가 아니다. 크릴(krill)이라는 말은 원래 노르웨이의 포경선 어부들이 고래의 먹이가 되는 다양한 종류의 부유성 갑각류를 부르던 말로 \'고래밥\' 혹은 \'작은 치어\'라는 뜻을 갖고 있다. 물고기의 사료 및 낚시미끼로서의 용도가 가장 큰 비중을 차지하고 있다.\r\n\r\n크릴 미끼는 언제 어디서건 손쉽게 구입해 사용할 수 있도록 상품화됨으로써 오늘날 바다낚시 미끼 시장의 주류를 이루고 있다. 크기와 냉동 상태에 따라 미끼용과 밑밥용으로 구분하는데, 미끼용은 아무런 가공을 하지 않은 알크릴이 있는가 하면 첨가물을 넣거나 열을 가해 살짝 익힌 제품 등 다양한 가공 제품들이 있다.'),
	(3, '바다새우', '', '중하새우, 대하가 주로 사용된다. 중하껍질을 까서 설탕에 절인 후 말려서 사용한다. 새우 대가리에 살짝 바늘을 끼워두면 물속에서도 잘 살아있어 물고기를 유인한다.'),
	(4, '오징어살', '', '크고 희기 때문에 시각적 효과가 크다. 굉장히 질기기 때문에 바늘에서 잘 떨어지지 않는다.'),
	(5, '생선살', '', '냄새가 많이 나는 꽁치, 고등어, 비린내가 많이 나는 전갱이 등을 사용한다. 현장에서 잡은 작은 물고기는 육식성 어종의 미끼가 된다.'),
	(6, '민물새우', '', '바다새우 보다 민물새우가 살아 있는 상태로도 저렴하다. 크릴보다 잡어에 강한 편이다. 따라서 가을에 위력을 발휘하는 미끼이다.\r\n'),
	(7, '조갯살', '', '바지락, 꼬막, 홍합을 많이 사용한다. 생으로 사용해도 되지만, 살짝 삶아서 사용하면 편하다. 갯바위에 뭍어 있는 보말, 굴을 따서 살만 파서 사용할 경우에는 감성돔, 돌돔도 잘 잡힌다.'),
	(8, '개불', '', '질기기로는 가장 질긴 미끼이다. 낚싯대를 강하게 캐스팅해서 빠지지 않지만 잡어의 입질이 없다. 특정 어종(참돔, 감성돔, 광어, 붕장어, 농어)을 노릴 때 사용하면 좋다.\r\n\r\n큰 것보다 작은 것을 구입해서 한 마리를 통으로 사용하는것이 추천된다.'),
	(9, '게', '', '갯바위에서 흔히 보이는 검붉은 게는 딱딱해서 미끼로 좋지 않다. 갯벌에서 잡히는 말랑말랑한 게가 미끼로 좋고, 너무 크지도 작지도 않은, 등껍질이 엄지 손톱만 한 것을 골라서 집게발만 떼고 바늘을 등 쪽에 관통시켜서 사용한다. 감성돔 4호 정도로 큰 바늘을 써서 입질을 받고 충분히 기다렸다가 채야 바늘이 설 걸려서 빠지지 않는다.'),
	(10, '옥수수', '', '옥수수는 전통적인 대어낚시 미끼의 일종이다. 그러나 옛 선조들이 옥수수를 한 알씩 꿰어서 다양한 씨알의 붕어를 낚은 것에 반해 오늘날에는 옥수수 알갱이를 2~3알씩 한 바늘에 겹쳐 꿰어서 대어를 노리는 미끼로 사용한다. \r\n\r\n만약 옥수수를 한 알씩 꿰어 낚시하면 중치 붕어도 곧잘 입질하므로 대어낚시 미끼로는 적합하지 않다. 옥수수를 직접 삶아서 쓰는 이도 있지만 대개 옥수수 통조림에 든 것을 미끼로 사용하고 있다');

-- 테이블 fubao.information_fishing_equipment 구조 내보내기
CREATE TABLE IF NOT EXISTS `information_fishing_equipment` (
  `id` bigint(20) NOT NULL AUTO_INCREMENT,
  `title` varchar(10) NOT NULL,
  `subtitle` longtext NOT NULL,
  `document` longtext NOT NULL,
  PRIMARY KEY (`id`)
) ENGINE=InnoDB DEFAULT CHARSET=utf8mb4 COLLATE=utf8mb4_general_ci;

-- 테이블 데이터 fubao.information_fishing_equipment:~0 rows (대략적) 내보내기

-- 테이블 fubao.information_fishing_method 구조 내보내기
CREATE TABLE IF NOT EXISTS `information_fishing_method` (
  `id` bigint(20) NOT NULL AUTO_INCREMENT,
  `title` varchar(10) NOT NULL,
  `subtitle` longtext NOT NULL,
  `document` longtext NOT NULL,
  PRIMARY KEY (`id`)
) ENGINE=InnoDB AUTO_INCREMENT=5 DEFAULT CHARSET=utf8mb4 COLLATE=utf8mb4_general_ci;

-- 테이블 데이터 fubao.information_fishing_method:~5 rows (대략적) 내보내기
INSERT INTO `information_fishing_method` (`id`, `title`, `subtitle`, `document`) VALUES
	(1, '찌낚시', '물의 흐름을 이해하는 법', '찌낚시는 거의 모든 포인트에서 가능하며, 대부분의 어종을 잡을 수 있고, 특히 고급 어종을 주로 노릴 수 있는 매력이 있습니다. 또한, 장비가 가볍고 배우기 쉽습니다. 그러나 채비가 복잡하고 비용이 많이 드는 점, 그리고 체력 소모가 크다는 점, 조류의 흐름에 따라 찌가 흘러가기 때문에 일정 거리를 벗어나면 입질 파악이 힘들다는 단점이 있습니다. 다양한 어종을 낚을 수 있지만, 채비의 복잡함과 체력 소모, 비용 및 기술적인 요구가 있는 낚시.'),
	(2, '원투낚시', '원! 투! 쓰리! 포!', '원투낚시는 바다낚시의 기본 장르로, 무거운 봉돌과 갯지렁이 미끼를 사용해 멀리 던져 낚시하는 방법입니다. 포인트 접근이 용이하고, 채비가 간편하며, 비용이 적게 들지만, 고급어종 낚시는 어렵고, 캐스팅 연습이 필요합니다. 다소 지루할 수 있고, 채비가 무거워 손맛을 크게 느끼기 어려울 수 있습니다. 접근성과 간편함이 높아 초보자에게 적합하지만, 고급 어종 낚시와 손맛에는 제한이 있는 낚시.'),
	(3, '루어낚시', '입문자들이 열광하는 그 방법!', '루어낚시는 인조미끼를 사용하여 공격성이 강한 어종을 대상으로 하는 낚시 방법입니다. 포인트 제약이 없고, 채비가 단순하며, 장비가 가볍고 기동성이 좋다는 장점이 있습니다. 생미끼 대신 인조미끼를 사용해 부담이 없습니다. 그러나 밑걸림이 잦고 체력소모가 크며, 공격성 있는 어종에 한정되어 잡을 수 있다는 점이 있습니다. 장비가 간편하고 기동성이 좋지만, 테크닉과 체력이 요구되는 낚시.'),
	(4, '훌치기낚시', '미끼 없이 빈 바늘로 낚아보자', '훌치기 낚시는 가볍고 간편한 장비를 사용해 낚싯대를 휘두르듯이 던져서 하는 낚시 방법입니다. 초보자도 쉽게 접근할 수 있고, 장비가 간단해 휴대가 용이하며, 작은 고기부터 중형급 어종까지 다양하게 낚을 수 있습니다. 그러나 대형 어종을 낚기 어렵고, 정확한 투척 기술이 필요합니다. 장비가 간단하고 다양한 어종을 낚을 수 있어 초보자에게 적합하지만, 정확한 투척 기술이 중요한 낚시.');

-- 테이블 fubao.information_prohibit_fish 구조 내보내기
CREATE TABLE IF NOT EXISTS `information_prohibit_fish` (
  `id` bigint(20) NOT NULL AUTO_INCREMENT,
  `name_kor` varchar(40) NOT NULL,
  `name_eng` varchar(50) DEFAULT NULL,
  `standard_start` date DEFAULT NULL,
  `standard_end` date DEFAULT NULL,
  PRIMARY KEY (`id`)
) ENGINE=InnoDB AUTO_INCREMENT=11 DEFAULT CHARSET=utf8mb4 COLLATE=utf8mb4_general_ci;

-- 테이블 데이터 fubao.information_prohibit_fish:~10 rows (대략적) 내보내기
INSERT INTO `information_prohibit_fish` (`id`, `name_kor`, `name_eng`, `standard_start`, `standard_end`) VALUES
	(1, '참돔 ', 'red sea bream', NULL, NULL),
	(2, '농어 ', 'sea bass', NULL, NULL),
	(3, '전갱이 ', 'horse mackerel', NULL, NULL),
	(4, '숭어 ', 'mugil cephalus', NULL, NULL),
	(5, '참고등어 ', 'scomber japonicus', '0000-04-01', '0000-06-30'),
	(6, '넙치 ', 'flatfish', NULL, NULL),
	(7, '우럭 ', 'korean rockfish', NULL, NULL),
	(8, '감성돔 ', 'black sea bream', '0000-05-01', '0000-05-31'),
	(9, '돌돔 ', 'rock bream', NULL, NULL),
	(10, '쥐노래미 ', 'greenling', '0000-11-01', '0000-12-31');

-- 테이블 fubao.information_release_fish 구조 내보내기
CREATE TABLE IF NOT EXISTS `information_release_fish` (
  `id` bigint(20) NOT NULL AUTO_INCREMENT,
  `name_kor` varchar(40) NOT NULL,
  `name_eng` varchar(50) DEFAULT NULL,
  `standard` double DEFAULT NULL,
  PRIMARY KEY (`id`)
) ENGINE=InnoDB AUTO_INCREMENT=11 DEFAULT CHARSET=utf8mb4 COLLATE=utf8mb4_general_ci;

-- 테이블 데이터 fubao.information_release_fish:~10 rows (대략적) 내보내기
INSERT INTO `information_release_fish` (`id`, `name_kor`, `name_eng`, `standard`) VALUES
	(1, '참돔 ', 'red sea bream', 24),
	(2, '농어 ', 'sea bass', 30),
	(3, '전갱이 ', 'horse mackerel', NULL),
	(4, '숭어 ', 'mugil cephalus', NULL),
	(5, '참고등어 ', 'scomber japonicus', 21),
	(6, '넙치 ', 'flatfish', 35),
	(7, '우럭 ', 'korean rockfish', 23),
	(8, '감성돔 ', 'black sea bream', 25),
	(9, '돌돔 ', 'rock bream', 24),
	(10, '쥐노래미 ', 'greenling', 20);

-- 테이블 fubao.location_location 구조 내보내기
CREATE TABLE IF NOT EXISTS `location_location` (
  `id` bigint(20) NOT NULL AUTO_INCREMENT,
  `name` varchar(50) NOT NULL,
  `address` varchar(100) NOT NULL,
  `lattitude` double NOT NULL,
  `longitude` double NOT NULL,
  PRIMARY KEY (`id`)
) ENGINE=InnoDB AUTO_INCREMENT=1423 DEFAULT CHARSET=utf8mb4 COLLATE=utf8mb4_general_ci;

-- 테이블 데이터 fubao.location_location:~1,423 rows (대략적) 내보내기
INSERT INTO `location_location` (`id`, `name`, `address`, `lattitude`, `longitude`) VALUES
	(1, '나로도', '내나로도 구룡마을 갯바위', 34.5436111, 127.4536111),
	(2, '제주도 서부·차귀도·비양도', '비양도 북측 큰여', 33.4116667, 126.2236111),
	(3, '제주도 북서부', '용두암 낚시터', 33.5166667, 126.5077778),
	(4, '제주도 동부', '방두곶 좌측 갯바위', 33.4344444, 126.9288889),
	(5, '제주도 남동부', '가막코지 갯바위', 33.2386111, 126.6638889),
	(6, '대청도·소청도', '대청도 기름아가리(기름바다)', 37.8063889, 124.6941667),
	(7, '대청도·소청도', '대청도 지두리해변 갯바위', 37.8222222, 124.6797222),
	(8, '자월도', '마바위', 37.2688889, 126.2919444),
	(9, '자월도', '분모골', 37.2458333, 126.3302778),
	(10, '자월도', '항도(목섬) 부근', 37.2552778, 126.2897222),
	(11, '이작도·승봉도', '대이작도 오형제바위', 37.1811111, 126.2547222),
	(12, '이작도·승봉도', '대이작도 토끼바위 부근', 37.1597222, 126.2730556),
	(13, '백아도·굴업도', '굴업도 해수욕장 북쪽 갯바위', 37.1944444, 125.9836111),
	(14, '입파도·국화도', '국화도 도지섬 부근', 37.0544444, 126.5497222),
	(15, '풍도·난지도', '대난지도 도끝이 부근', 37.0441667, 126.4494444),
	(16, '원산도·삽시도', '원산도 개간지', 36.3708333, 126.3844444),
	(17, '원산도·삽시도', '삽시도 촛대바위', 36.3288889, 126.3397222),
	(18, '호도·녹도·외연도', '호도 안통', 36.2955556, 126.2575),
	(19, '어청도·연도', '어청도 등대 부근', 36.1261111, 125.9666667),
	(20, '십이동파도·비안도', '비안도 제방', 35.735, 126.4577778),
	(21, '말도·방축도', '말도 단도 부근', 35.8555556, 126.3141667),
	(22, '선유도·무녀도·장자도·신시도', '무녀도 구마을 백사장 부근', 35.8005556, 126.4380556),
	(23, '왕등도·위도', '하왕등도 코구렁', 35.6366667, 126.1297222),
	(24, '왕등도·위도', '위도 모여 부근', 35.5980556, 126.2580556),
	(25, '비금도·도초도', '비금도 계남서 부근', 34.7997222, 125.9711111),
	(26, '금오도·안도', '금오도 학동마을 이장바위', 34.5013889, 127.7530556),
	(27, '금오도·안도', '안도 벼락바위', 34.4761111, 127.8208333),
	(28, '사량도', '상사량도 한탄여 부근', 34.8272222, 128.1827778),
	(29, '사량도', '상사량도 옥바위 부근', 34.8427778, 128.1677778),
	(30, '욕지도', '대송끝 곶부리', 34.6525, 128.2338889),
	(31, '욕지도', '야포마을 갯바위', 34.6347222, 128.2797222),
	(32, '욕지도', '낮은목 부근 갯바위', 34.6213889, 128.2725),
	(33, '욕지도', '총바위 부근', 34.6316667, 128.2286111),
	(34, '미륵도', '풍화리 남서측 곶부리', 34.8180556, 128.3355556),
	(35, '비진도·매물도', '비진도 노루여 들머리 부근', 34.7044444, 128.4522222),
	(36, '비진도·매물도', '대매물도 동섬치', 34.64, 128.5852778),
	(37, '비진도·매물도', '대매물도 촛대바위 부근', 34.6325, 128.5655556),
	(38, '비진도·매물도', '소매물도 마을 서측 갯바위', 34.6286111, 128.5455556),
	(39, '거제도 북동부', '덕포 초소밑 갯바위', 34.9105556, 128.72),
	(40, '거제도 북동부', '장승포 나래바위', 34.8655556, 128.7391667),
	(41, '연평도', '얼굴바위 앞', 37.6041667, 125.7194444),
	(42, '연평도', '모이도 갯바위', 37.6438889, 125.7175),
	(43, '영종도·용유도', '모래 채집장 ', 37.4983333, 126.44),
	(44, '영종도·용유도', '잠진도 연륙교', 37.4202778, 126.4144444),
	(45, '안면도 북부', '할미할아비 바위', 36.5013889, 126.3308333),
	(46, '안면도 남 부', '망재', 36.4380556, 126.3322222),
	(47, '안면도 남 부', '장삼포 해변 남측 갯바위', 36.4152778, 126.3622222),
	(48, '안면도 남 부', '소도 갯바위', 36.3980556, 126.4308333),
	(49, '가의도', '동남측 첫번째 곶부리', 36.6723889, 126.0813889),
	(50, '개야도', '작은철탑부근 묘지 아래 갯바위', 36.0341667, 126.5477778),
	(51, '개야도', '치섬 북측 갯바위', 36.0391667, 126.5252778),
	(52, '개야도', '작은 철탑 북측 갯바위', 36.0383333, 126.5405556),
	(53, '개야도', '장구섬 서측 갯바위', 36.045, 126.5394444),
	(54, '안마도·석만도', '장재여 부근 갯바위', 35.3602778, 126.0069444),
	(55, '송이도', '검은바위 갯바위', 35.2830556, 126.1527778),
	(56, '노화도·보길도·소안도', '소안도 돈암각 부근 갯바위', 34.1458333, 126.6283333),
	(57, '신지도', '송곡리 호안로 갯바위', 34.3455556, 126.7869444),
	(58, '신지도', '덕구미 부근', 34.3416667, 126.8986111),
	(59, '신지도', '가인항 양식장 부근 갯바위', 34.3144444, 126.8655556),
	(60, '신지도', '월양항 부근 제방', 34.3088889, 126.8391667),
	(61, '청산도·대모도', '청산도 항도 제방 부근 갯바위', 34.1858333, 126.9197222),
	(62, '청산도·대모도', '청산도 노랑바위', 34.1508333, 126.9083333),
	(63, '거금도', '우두마을 곶부리', 34.4413889, 127.1019444),
	(64, '금일도·생일도', '금곡 해수욕장 북측 갯바위', 34.3086111, 126.9616667),
	(65, '금일도·생일도', '생일도 목섬', 34.3194444, 127.0138889),
	(66, '초도', '외항도', 34.2108333, 127.2222222),
	(67, '돌산도', '월전포 동측 갯바위', 34.6988889, 127.7858333),
	(68, '남해도 북부', '서상리 갯바위', 34.7927778, 127.8344444),
	(69, '두미도', '의자여', 34.6955556, 128.1766667),
	(70, '두미도', '등대포인트', 34.7111111, 128.1752778),
	(71, '울릉도', '태하 갯바위', 37.5155556, 130.7936111),
	(72, '울릉도', '딴바위 갯바위', 37.5472222, 130.8927778),
	(73, '추자도', '대서리 갯바위', 33.9658333, 126.2927778),
	(74, '당항포 부근', '해상펜션 앞', 35.0713083, 128.4498333),
	(75, '진해항 부근', '삼우골 서측', 35.1016083, 128.5420389),
	(76, '수영만 부근', '고두말 근처바위', 35.1551056, 129.1772528),
	(77, '대청도·소청도', '소청도 예동항 동쪽 갯바위', 37.7686111, 124.7552778),
	(78, '덕적도·소야도', '소야도 뒷장불', 37.2241667, 126.1591667),
	(79, '이작도·승봉도', '소이작도 돌살부리 부근', 37.1875, 126.2188889),
	(80, '이작도·승봉도', '소이작도 간뿌리 부근', 37.1822222, 126.2152778),
	(81, '문갑도·선갑도', '문갑도 문갑해수욕장 갯바위', 37.1811111, 126.1144444),
	(82, '백아도·굴업도', '백아도 기차바위 부근', 37.0841667, 125.9677778),
	(83, '영흥도·선재도·대부도·구봉도', '신지도 대량곶 부근 갯바위', 37.2566667, 126.5241667),
	(84, '십이동파도·비안도', '십이동파도 땅콩여', 36.0019444, 126.2241667),
	(85, '십이동파도·비안도', '십이동파도 등대섬 덜컥바위', 35.9875, 126.2213889),
	(86, '말도·방축도', '말도 등대 부근 갯바위', 35.8586111, 126.3158333),
	(87, '말도·방축도', '방축도 북동쪽 곶부리', 35.8561111, 126.3863889),
	(88, '선유도·무녀도·장자도·신시도', '무녀도 남들포인트', 35.8019444, 126.4152778),
	(89, '제주도 남서부·가파도·마라도', '가파도 남측 갯바위', 33.1616667, 126.2711111),
	(90, '제주도 남서부·가파도·마라도', '장군바위 부근 갯바위', 33.1122222, 126.2688889),
	(91, '홍도', '병풍바위 우측', 34.6676472, 125.1847167),
	(92, '홍도', '주전자바위 인근', 34.68285, 125.1783111),
	(93, '홍도', '석화굴 인근', 34.7105556, 125.199625),
	(94, '홍도', '공작새바위 하단', 34.6954472, 125.2127167),
	(95, '만재도', '남대문 부근', 34.20535, 125.4825361),
	(96, '만재도', '등대 밑 부근', 34.2146306, 125.4721889),
	(97, '목포 부근', '솔섬', 34.8622194, 126.3668694),
	(98, '목포 부근', '정주도', 34.8137028, 126.3590417),
	(99, '화원 부근', '월래경로당 앞', 34.7173361, 126.2749333),
	(100, '화원 부근', '시하도', 34.7007417, 126.2424556),
	(101, '화원 부근', '석호앞들', 34.645475, 126.2679944),
	(102, '거차수도 부근', '상하죽도 교량 부근', 34.2517361, 125.9260139),
	(103, '거차수도 부근', '동거차 수영장', 34.2364167, 125.9267917),
	(104, '독거군도 부근', '간암여', 34.2315361, 126.1704806),
	(105, '추자군도', '오리똥여 부근', 33.9298, 126.3287333),
	(106, '추자군도', '염도 우측', 33.974, 126.3090111),
	(107, '추자군도', '추포도 남측 갯바위', 33.9857556, 126.32115),
	(108, '해남반도 부근', '양도', 34.2993139, 126.5091389),
	(109, '완도 부근', '방산리 해안', 34.4384083, 126.6968944),
	(110, '완도 부근', '고마도 서측 해안', 34.4134694, 126.7006861),
	(111, '강진만 부근', '가우도 출렁다리 근처', 34.5349667, 126.7898611),
	(112, '강진만 부근', '가우도 남측 갯바위', 34.5303194, 126.7832778),
	(113, '득량만 부근', '장환마을하단', 34.5575806, 127.0024833),
	(114, '득량만 부근', '신흥 부근', 34.5879278, 127.1434972),
	(115, '득량만 부근', '득량도 우측하단끝', 34.5964194, 127.1102694),
	(116, '고흥호 부근', '연동부근해안', 34.6934167, 127.1465583),
	(117, '거금수도 부근', '달금골 동측', 34.5120556, 127.4071111),
	(118, '낭도 부근', '둔병도 동측', 34.6274194, 127.5520111),
	(119, '낭도 부근', '상화도 서측', 34.5970972, 127.593875),
	(120, '순천만 부근', '이천리갯바위 끝', 34.7452333, 127.581825),
	(121, '순천만 부근', '소여자도 갯바위', 34.7574139, 127.5106389),
	(122, '여수엑스포 부근', '용주마을 부근', 34.7189306, 127.6365278),
	(123, '광양만 부근', '한려주유소 앞', 34.9503361, 127.8821944),
	(124, '광양만 부근', '유포마을 부근', 34.8627222, 127.8114444),
	(125, '손죽열도 부근', '손죽 서측', 34.2846833, 127.3483056),
	(126, '손죽열도 부근', '소거문 동측', 34.2901389, 127.4027528),
	(127, '간수제도', '소평도 서측 홈통', 34.2573306, 127.4482611),
	(128, '대삼부도', '첫곶부리 갯바위', 34.0567917, 127.3860972),
	(129, '송이도', '민머리', 35.2702778, 126.1441667),
	(130, '임자도·사옥도', '어유미도', 35.1311111, 126.1013889),
	(131, '고이도·매화도·선도·증도', '대식도 갯바위', 34.9293889, 126.2958333),
	(132, '고이도·매화도·선도·증도', '고이도 북측 끝단여', 34.9702778, 126.2733333),
	(133, '고이도·매화도·선도·증도', '나룻구지', 35.0177778, 126.1147222),
	(134, '고이도·매화도·선도·증도', '오징어바위', 34.9633333, 126.1330556),
	(135, '안좌도·팔금도', '우이산 철탑 아래', 34.7608333, 126.1411111),
	(136, '우이도', '소래등대 밑', 34.6177778, 125.8030556),
	(137, '우이도', '송도 남측 갯바위', 34.6133333, 125.8688889),
	(138, '장산도', '진섬 갯바위', 34.6352778, 126.2038889),
	(139, '장산도', '가세 섬', 34.6491667, 126.1105556),
	(140, '개도·하의도·신의도', '깊은기미', 34.5333333, 126.0283333),
	(141, '상조도·하조도·관매도', '당도 안통', 34.3215833, 126.0548889),
	(142, '상조도·하조도·관매도', '장산넘어 어장줄 자리', 34.2375, 126.0672222),
	(143, '가거도', '큰여', 34.0511111, 125.1186111),
	(144, '가거도', '목난개 갯바위', 34.0711111, 125.0980556),
	(145, '가거도', '물성밑 갯바위', 34.0541667, 125.1427778),
	(146, '입파도·국화도', '입파도 동남측 돌출부', 37.0975, 126.5397222),
	(147, '호도·녹도·외연도', '호도해수욕장 갯바위', 36.2925, 126.2636111),
	(148, '십이동파도·비안도', '십이동파도 똥섬', 35.9827778, 126.2397222),
	(149, '왕등도·위도', '위도 용멀 갯바위', 35.6158333, 126.2758333),
	(150, '석모도', '민머루해수욕장 앞 갯바위', 37.65, 126.3341667),
	(151, '개야도', '에게이 서측 갯바위', 36.0363889, 126.5130556),
	(152, '청산도 방파제', '지리청산해변 근처', 34.198308, 126.859862),
	(153, '목포 부근', '삼호제 북측', 34.8575667, 126.3670833),
	(154, '낭도 부근', '낭도산 남측', 34.6169444, 127.55765),
	(155, '대삼부도', '덜섬사이 골창여', 34.0549306, 127.3878889),
	(156, '고이도·매화도·선도·증도', '마당여 갯바위', 34.9183333, 126.2125),
	(157, '상조도·하조도·관매도', '옥도 동쪽 곶부리', 34.3572222, 126.0213889),
	(158, '두미도', '얼굴바위', 34.6897222, 128.1991667),
	(159, '덕적도·소야도', '덕적도 큰이마, 작은이마', 37.2116667, 126.1238889),
	(160, '선유도·무녀도·장자도·신시도', '장자도 연륙교 부근', 35.8127778, 126.4),
	(161, '안마도·석만도', '쌀썩은여 갯바위', 35.3358333, 126.0213889),
	(162, '손죽열도 부근', '손죽 동측', 34.2872028, 127.3711694),
	(163, '대삼부도', '동측 갯바위', 34.0566056, 127.3973056),
	(164, '덕적도·소야도', '덕적도 밭지름해수욕장 갯바위', 37.2144444, 126.1477778),
	(165, '어청도·연도', '연도 자갈밭', 36.0775, 126.4391667),
	(166, '선유도·무녀도·장자도·신시도', '선유도 남도 갯바위', 35.805, 126.4086111),
	(167, '금오도·안도', '안도 서고지 북쪽 제방 끝', 34.4822222, 127.7963889),
	(168, '노화도·보길도·소안도', '보길도 동쪽 곶부리', 34.1486111, 126.6161111),
	(169, '안면도 남 부', '장곳 갯바위', 36.4122222, 126.37),
	(170, '비금도·도초도', '시목해수욕장 부근 갯바위', 34.6638889, 125.9522222),
	(171, '비진도·매물도', '소매물도 남쪽 취끝', 34.6236111, 128.5466667),
	(172, '개야도', '개야 사수건 등대', 36.0347222, 126.5344444),
	(173, '신지도', '무인등대 부근', 34.3163889, 126.7938889),
	(174, '여서도·거문도', '거문도 배치바위 부근', 34.0063889, 127.3227778),
	(175, '제주도 북동부·우도', '검멀레해수욕장 좌측갯바위', 33.4966667, 126.9691667),
	(176, '제주도 동부', '신양포구 갯바위', 33.4327778, 126.9166667),
	(177, '제주도 남부', '논짓물 주변', 33.2363889, 126.39),
	(178, '제주도 남서부·가파도·마라도', '산이물', 33.2069444, 126.2916667),
	(179, '제주도 남서부·가파도·마라도', '가파도 제단 밑 갯바위', 33.1669444, 126.28),
	(180, '독거군도 부근', '화단도', 34.2211722, 126.1498),
	(181, '추자군도', '신양리 갯바위', 33.9407333, 126.3162417),
	(182, '거금수도 부근', '지죽도 북측', 34.4405194, 127.2998889),
	(183, '낭도 부근', '낭도 터미널 앞', 34.6040722, 127.5386944),
	(184, '황제도', '알매섬', 34.1959333, 127.0761889),
	(185, '손죽열도 부근', '소거문 해안', 34.28235, 127.3930472),
	(186, '대삼부도', '노루섬 갯바위', 34.0599722, 127.3842639),
	(187, '개도·하의도·신의도', '파장여', 34.5644444, 126.0225),
	(188, '상조도·하조도·관매도', '수옥도 갯바위', 34.2719444, 126.055),
	(189, '가거도', '성건여', 34.0752778, 125.0833333),
	(190, '남해도 북부', '여계마을 해안 갯바위', 34.8191667, 127.8236111),
	(191, '남해도 동부·신수도·창선도', '잘푸여 갯바위', 34.8969444, 128.0827778),
	(192, '한산도·용초도', '용머리', 34.7327778, 128.4883333),
	(193, '추자도', '하추자도 양식장 앞 해안', 33.95, 126.3027778),
	(194, '자란만 부근', '오토캠핑장 앞', 34.9554444, 128.3303333),
	(195, '연화도 부근', '한숨자리 인근', 34.6409778, 128.3578806),
	(196, '갈도 부근', '빗바위 근처', 34.5691667, 128.1899917),
	(197, '진해만 부근', '지도 서측 해안길 끝', 34.9086889, 128.4643583),
	(198, '입파도·국화도', '입파도 북동측 끝단', 37.1111111, 126.5405556),
	(199, '풍도·난지도', '풍도 남쪽 마을 부근', 37.1072222, 126.3947222),
	(200, '원산도·삽시도', '원산도 용뿌리 갯바위', 36.3644444, 126.4080556),
	(201, '호도·녹도·외연도', '외연도 서측 갯바위', 36.2277778, 126.0708333),
	(202, '어청도·연도', '어청도 불탄서 부근', 36.1127778, 125.9722222),
	(203, '선유도·무녀도·장자도·신시도', '신시도 북단 곶부리', 35.8316667, 126.4433333),
	(204, '금오도·안도', '금오도 용두 갯바위', 34.5380556, 127.6972222),
	(205, '사량도', '하사량도 말목섬 부근', 34.8005556, 128.2269444),
	(206, '욕지도', '양판구미 일대', 34.6116667, 128.2413889),
	(207, '미륵도', '매암말 부근 갯바위', 34.7825, 128.4341667),
	(208, '거제도 남부', '여차 남쪽끝 갯바위', 34.7091667, 128.6358333),
	(209, '거제도 남부', '예구마을 제방 끝 갯바위', 34.7997222, 128.7147222),
	(210, '시도', '조각공원 서측 갯바위', 37.5283333, 126.4041667),
	(211, '영종도·용유도', '영종도 남측제방 초소', 37.4208333, 126.4425),
	(212, '대삼부도', '동굴 우측', 34.0610833, 127.3893806),
	(213, '진주만 부근', '산분령 유료낚시터', 34.9509889, 128.0343556),
	(214, '진주만 부근', '산분령 앞 마동도', 34.9350556, 128.0337389),
	(215, '추도 부근', '구들빗등', 34.7516111, 128.299075),
	(216, '추도 부근', '북바위 근처', 34.7508861, 128.2896139),
	(217, '연화도 부근', '십리골마을 동측 갯바위', 34.6484472, 128.362075),
	(218, '연화도 부근', '소쿠리강정 갯바위', 34.6389167, 128.3676806),
	(219, '갈도 부근', '붉은바위', 34.5688833, 128.1890056),
	(220, '갈도 부근', '귀신여', 34.5584194, 128.1792194),
	(221, '독거군도 부근', '구도 남단', 34.2614833, 126.1776167),
	(222, '대삼부도', '북동쪽 홈통', 34.0623222, 127.3874167),
	(223, '연도', '절리서 근처 갯바위', 34.4301889, 127.785075),
	(224, '추도 부근', '농바위 끝', 34.7514806, 128.3068611),
	(225, '대청도·소청도', '대청도 사탄동해변 갯바위', 37.8133333, 124.6772222),
	(226, '이작도·승봉도', '소이작도 해군기지 부근', 37.1769444, 126.2405556),
	(227, '가거도', '복여', 34.0713889, 125.1238889),
	(228, '제부도', ' 제부도 소방서 앞', 37.1627778, 126.6219444),
	(229, '풍도·난지도', ' 풍도 채석장 남측', 37.1055556, 126.3797222),
	(230, '원산도·삽시도', ' 삽시도 면삽지', 36.3377778, 126.3411111),
	(231, '어청도·연도', ' 어청도 한우담 부근', 36.1180556, 125.9947222),
	(232, '미륵도', ' 대양화 제방', 34.8302778, 128.3719444),
	(233, '비진도·매물도', '대매물도 설풍자리', 34.635, 128.5580556),
	(234, '영종도·용유도', '삼목수문', 37.4986111, 126.4725),
	(235, '신지도', ' 대곡리 남쪽 양식장 배수구 부근', 34.3519444, 126.8427778),
	(236, '제주도 남서부·가파도·마라도', '큰아끈여 갯바위', 33.1691667, 126.2633333),
	(237, '만재도', '오동여 부근', 34.2100556, 125.4664806),
	(238, '화원 부근', '증도리 북측', 34.6302528, 126.2804278),
	(239, '거차수도 부근', '동거차 상송도', 34.2454167, 125.9304194),
	(240, '독거군도 부근', '독거 동쪽 선창', 34.2537306, 126.1824694),
	(241, '추자군도', '신대산전망터 앞', 33.9536972, 126.3415222),
	(242, '낭도 부근', '낭도산 동측', 34.6133889, 127.5659028),
	(243, '황제도', '황제도 등대 밑', 34.1929611, 127.0808889),
	(244, '손죽열도 부근', '잔거리 서측', 34.2954444, 127.3712111),
	(245, '대삼부도', '덜섬 끝바리 부근', 34.0540417, 127.3847639),
	(246, '가거도', '녹섬 갯바위', 34.0469444, 125.1227778),
	(247, '가거도', '신여', 34.1141667, 125.0922222),
	(248, '울릉도', '삼선암 갯바위', 37.5491667, 130.9083333),
	(249, '진해항 부근', '합포마을 남측', 35.0973722, 128.6961667),
	(250, '대청도·소청도', ' 대청도 독바위', 37.8047222, 124.7022222),
	(251, '덕적도·소야도', ' 덕적도 정자바위', 37.2316667, 126.1652778),
	(252, '비금도·도초도', ' 비금도 큰당두리 갯바위', 34.79, 126),
	(253, '청산도·대모도', '청산도 장기미 해변길 갯바위', 34.1558333, 126.9),
	(254, '제주도 남동부', '쇠소깍 해수욕장 우측 갯바위', 33.2502778, 126.6263889),
	(255, '낭도 부근', '낭도 해안', 34.6011583, 127.5507694),
	(256, '황제도', '소마도', 34.2039167, 127.1523278),
	(257, '남해도 동부·신수도·창선도', '모상개 돌섬', 34.8433333, 128.0777778),
	(258, '연화도 부근', '목섬 갯바위', 34.6636417, 128.3430972),
	(259, '십이동파도·비안도', '비안도 남쪽 직벽지대', 35.7286111, 126.4522222),
	(260, '대삼부도', '쌍굴 근처 갯바위', 34.0554722, 127.3980028),
	(261, '연도', '철탑밑 갯바위', 34.4611389, 127.8045556),
	(262, '연도', '소룡단 갯바위', 34.4084111, 127.8058333),
	(263, '가의도', '서측 끝단 갯바위', 36.6719444, 126.0480556),
	(264, '개야도', '발전소 아래 갯바위', 36.0327778, 126.5519444),
	(265, '개야도', '에게이 등대 남측 갯바위', 36.0358333, 126.5136111),
	(266, '개야도', '장골 갯바위', 36.0425, 126.5433333),
	(267, '안마도·석만도', '쌀썩은여 좌측부근 갯바위', 35.3347222, 126.0305556),
	(268, '노화도·보길도·소안도', '보길도 장항각 부근 갯바위', 34.1522222, 126.5797222),
	(269, '신지도', '도트럼끝 부근', 34.3097222, 126.8722222),
	(270, '청산도·대모도', '침몰선 갯바위 포인트', 34.1516667, 126.8561111),
	(271, '여서도·거문도', '거문도 녹산곶 등대 부근', 34.0630556, 127.2922222),
	(272, '나로도', '내나로도 덕흥해수욕장 갯바위', 34.5233333, 127.4669444),
	(273, '나로도', '외나로도 부채바위', 34.4155556, 127.5011111),
	(274, '제주도 서부·차귀도·비양도', '비양도 코끼리바위 부근 갯바위', 33.4086111, 126.2222222),
	(275, '제주도 북동부·우도', '비양도 등대부근', 33.5149722, 126.9716389),
	(276, '제주도 동부', '표선해비치해수욕장 좌측 갯바위', 33.3319444, 126.8475),
	(277, '제주도 남부', '중문단지 축구장 밑 갯바위', 33.2333333, 126.4325),
	(278, '제주도 남서부·가파도·마라도', '송악산 올레길 갯바위', 33.2027778, 126.2925),
	(279, '홍도', '방구서 우측 부근', 34.6747861, 125.196525),
	(280, '홍도', '단오도 우측', 34.6868167, 125.1810833),
	(281, '만재도', '방군여 좌측', 34.2017611, 125.4913056),
	(282, '화원 부근', '닭섬\r\n(*화원 마리나 포인트)', 34.6760833, 126.2510972),
	(283, '거차수도 부근', '동거차 해수욕장', 34.2326083, 125.9338139),
	(284, '추자군도', '횡간도 우측 끝', 34.0039694, 126.3480833),
	(285, '강진만 부근', '복도 갯바위', 34.4505278, 126.7508917),
	(286, '강진만 부근', '가우도 북측 갯바위', 34.5370583, 126.7787417),
	(287, '득량만 부근', '남생리 부근', 34.5041667, 127.119),
	(288, '거금수도 부근', '성두도 남측', 34.5113083, 127.4251444),
	(289, '낭도 부근', '낭도 해안가 옆', 34.6023028, 127.55755),
	(290, '낭도 부근', '사도 해안길', 34.5898333, 127.5585806),
	(291, '여수엑스포 부근', '검은모래해변 부근', 34.78075, 127.7488444),
	(292, '황제도', '황제도 남단', 34.1877472, 127.0754444),
	(293, '손죽열도 부근', '손죽 해수욕장', 34.287875, 127.3541444),
	(294, '간수제도', '소평도 남서측', 34.2565694, 127.4490861),
	(295, '대삼부도', '절밑 갯바위', 34.0595056, 127.3879556),
	(296, '송이도', '큰내기 우측 갯바위', 35.295, 126.14),
	(297, '임자도·사옥도', '임자도 남동측', 35.055936, 126.06274),
	(298, '안좌도·팔금도', '사근마을 곶부리', 34.7869444, 126.0875),
	(299, '우이도', '큰밭 갯바위', 34.5966667, 125.8113889),
	(300, '장산도', '차돌이', 34.6613889, 126.1883333),
	(301, '진도 남서부', '백미도 부근 갯바위', 34.3591667, 126.1316667),
	(302, '상조도·하조도·관매도', '하조도 물치끝(낚시배 이용)', 34.2919444, 126.0158333),
	(303, '가거도', '노랑섭날 갯바위', 34.0730556, 125.0880556),
	(304, '가거도', '대국흘도 갯바위', 34.1172222, 125.0827778),
	(305, '완도', '칠암각 갯바위', 34.3269444, 126.6430556),
	(306, '금당도', '육산리 해변', 34.4283333, 127.0363889),
	(307, '초도', '내항도', 34.2230556, 127.2244444),
	(308, '남해도 동부·신수도·창선도', '신수도 남쪽 갯바위(구 초소)', 34.8891667, 128.0802778),
	(309, '두미도', '용머리', 34.6869444, 128.1947222),
	(310, '울릉도', '코끼리바위 갯바위', 37.54, 130.8469444),
	(311, '가의도', '북측 끝단 갯바위', 36.6919444, 126.0825),
	(312, '청산도·대모도', ' 대모도 북곧말 갯바위', 34.2105556, 126.7638889),
	(313, '제주도 북서부', '라마다호텔 앞 해안도로 좌측', 33.5191667, 126.5172222),
	(314, '제주도 남부', '황우리해안 갯바위', 33.2380556, 126.5480556),
	(315, '홍도', '도달바위 인근', 34.6883639, 125.183425),
	(316, '만재도', '외마도 상단', 34.2125, 125.4628333),
	(317, '독거군도 부근', '죽항 담추서', 34.2575722, 126.1155417),
	(318, '득량만 부근', '득량도 좌측', 34.5965361, 127.091275),
	(319, '낭도 부근', '해안길 우측', 34.5960278, 127.5411778),
	(320, '순천만 부근', '궁항갯바위 부근', 34.7752667, 127.5611806),
	(321, '홍도', '기둥바위 인근', 34.6745722, 125.1813),
	(322, '홍도', '모도 우측 섬 부근', 34.7182944, 125.2034111),
	(323, '홍도', '공작새바위 상단', 34.6991389, 125.2125),
	(324, '만재도', '국도 상단', 34.2073528, 125.4894361),
	(325, '만재도', '녹섬 우측', 34.2032111, 125.4771),
	(326, '입파도·국화도', ' 입파도 북서측 끝단', 37.1141667, 126.535),
	(327, '입파도·국화도', ' 입파도 남측 곶부리', 37.0936111, 126.5377778),
	(328, '풍도·난지도', ' 대난지도 해수욕장 갯바위', 37.0497222, 126.4211111),
	(329, '풍도·난지도', '소난지도 서쪽 갯바위', 37.0380556, 126.4411111),
	(330, '원산도·삽시도', '삽시도 거멀너머해수욕장 부근', 36.3491667, 126.3511111),
	(331, '호도·녹도·외연도', ' 녹도 동두말 부근', 36.2652778, 126.2652778),
	(332, '어청도·연도', ' 어청도 농배', 36.1197222, 125.9858333),
	(333, '어청도·연도', ' 어청도 시목서 부근', 36.1102778, 125.9783333),
	(334, '십이동파도·비안도', ' 십이동파도 벌린여', 35.9827778, 126.2369444),
	(335, '십이동파도·비안도', '비안도 북서쪽 떨어진여 부근', 35.74, 126.4394444),
	(336, '선유도·무녀도·장자도·신시도', ' 선유도해수욕장 앞 갯바위', 35.8205556, 126.4066667),
	(337, '왕등도·위도', ' 상왕등도 북쪽 끝바리', 35.6666667, 126.1105556),
	(338, '왕등도·위도', ' 상왕등도 터널바위', 35.6561111, 126.1072222),
	(339, '왕등도·위도', '위도 철탑 부근', 35.5772222, 126.2533333),
	(340, '왕등도·위도', '위도 미영금해수욕장 갯바위', 35.5886111, 126.2597222),
	(341, '비금도·도초도', ' 비금도 명사십리해수욕장 갯바위', 34.7886111, 125.9527778),
	(342, '비금도·도초도', '비금도 가산리 진골 갯바위', 34.7733333, 125.9988889),
	(343, '흑산도·삼태도', ' 대흑산도 정촌리 홈통 부근', 34.6713889, 125.4391667),
	(344, '금오도·안도', ' 금오도 매봉산 직벽', 34.5036111, 127.7347222),
	(345, '사량도', ' 상사량도 염소자리', 34.8266667, 128.1894444),
	(346, '사량도', ' 상사량도 돈지항 부근 갯바위', 34.8361111, 128.1783333),
	(347, '사천대교 부근', '환덕리 묵곡천', 35.0500694, 128.0098056),
	(348, '진주만 부근', '초양도 남동측', 34.9247, 128.0456944),
	(349, '갈도 부근', '삼각여', 34.5657861, 128.1887972),
	(350, '연화도 부근', '연화항 인근 갯바위', 34.6516444, 128.3511694),
	(351, '개야도', '사수건 철탑 갯바위', 36.0369444, 126.5386111),
	(352, '노화도·보길도·소안도', '소안도 농서 부근 갯바위', 34.1227778, 126.6380556),
	(353, '나로도', ' 내나로도 고막포 부근 갯바위', 34.5083333, 127.49),
	(354, '손죽열도 부근', '소거문 북단', 34.2976056, 127.3965111),
	(355, '금당도', '금당도 목섬 철탑밑', 34.3997222, 127.0605556),
	(356, '대청도·소청도', ' 대청도 서풍받이 끝', 37.7986111, 124.6827778),
	(357, '장봉도', ' 채석장 부근', 37.5594444, 126.3125),
	(358, '덕적도·소야도', ' 덕적도 능동자갈마당 갯바위', 37.2644444, 126.1027778),
	(359, '이작도·승봉도', ' 대이작도 유곶 부근', 37.1702778, 126.2491667),
	(360, '이작도·승봉도', '승봉도 부채바위', 37.1725, 126.3033333),
	(361, '백아도·굴업도', ' 백아도 목가지 부근', 37.075, 125.9519444),
	(362, '백아도·굴업도', '굴업도 해수욕장 동쪽 갯바위', 37.195, 125.9922222),
	(363, '추자도', '하추자도 오지박 입구', 33.9533333, 126.3130556),
	(364, '이작도·승봉도', ' 대이작도 작은풀안해수욕장 정자 부근', 37.1683333, 126.2594444),
	(365, '말도·방축도', '방축도 독립문바위', 35.8463889, 126.3658333),
	(366, '여서도·거문도', '거문도 취곶 부근 갯바위', 34.0527778, 127.2758333),
	(367, '자은도', '상장고지단 갯바위', 34.9341667, 126.0572222),
	(368, '개도·하의도·신의도', '거북바위', 34.6041667, 126.0547222),
	(369, '원산도·삽시도', '삽시도 물망터', 36.3336111, 126.3405556),
	(370, '진주만 부근', '삼천포대교 밑 갯바위', 34.9256944, 128.0495889),
	(371, '갈도 부근', '똥여', 34.5621639, 128.1876639),
	(372, '자월도', ' 떡바위', 37.2627778, 126.3352778),
	(373, '덕적도·소야도', '소야도 대금두(진대끝) 부근', 37.2080556, 126.1938889),
	(374, '백아도·굴업도', ' 백아도 서쪽 곶부리', 37.0811111, 125.9413889),
	(375, '노화도·보길도·소안도', '소안도 산호도 부근 갯바위', 34.1869444, 126.635),
	(376, '거금도', ' 공고지 갯바위', 34.4225, 127.1433333),
	(377, '여서도·거문도', ' 거문도 코바위', 34.06, 127.2797222),
	(378, '나로도', '외나로도 창포골 갯바위', 34.4711111, 127.5063889),
	(379, '제주도 서부·차귀도·비양도', '차귀도 등측 갯바위', 33.3113889, 126.1533333),
	(380, '제주도 북부', '김녕 목지코지 갯바위', 33.5636111, 126.7308333),
	(381, '제주도 북동부·우도', '동등 갯바위', 33.5327778, 126.8513889),
	(382, '제주도 북동부·우도', '우두곶 우측 갯바위', 33.4905556, 126.9611111),
	(383, '제주도 동부', '방두곶 흰등대앞 갯바위', 33.4269444, 126.9347222),
	(384, '제주도 남동부', '태흥리 갯바위', 33.2780556, 126.7311111),
	(385, '제주도 남서부·가파도·마라도', '송악산 낚시터', 33.2141667, 126.2955556),
	(386, '홍도', '상금리굴 인근', 34.6725639, 125.1873611),
	(387, '순천만 부근', '신작 부근', 34.7358333, 127.3766667),
	(388, '순천만 부근', '대운두도 부근', 34.7482028, 127.5592389),
	(389, '여수엑스포 부근', '혈서 상단', 34.6859389, 127.7922583),
	(390, '여수엑스포 부근', '오천동해수욕장', 34.7936389, 127.7573639),
	(391, '황제도', '땅콩여 동측', 34.1894194, 127.0826111),
	(392, '황제도', '장도 서측', 34.2052778, 127.1535361),
	(393, '황제도', '장도 동측', 34.2078556, 127.1772056),
	(394, '손죽열도 부근', '반초섬 맞은편', 34.2933722, 127.3634722),
	(395, '손죽열도 부근', '손죽 등대 밑', 34.2955056, 127.351175),
	(396, '손죽열도 부근', '잔거리 홈통', 34.2956361, 127.3804056),
	(397, '손죽열도 부근', '소거문 서측 인근', 34.2874556, 127.3876556),
	(398, '손죽열도 부근', '소거문 서코지', 34.2782222, 127.3905833),
	(399, '간수제도', '소평도 남측', 34.256725, 127.4505361),
	(400, '간수제도', '평도 우측 넓은 자리', 34.246825, 127.4551917),
	(401, '간수제도', '광도 서측 홈통', 34.2645167, 127.5283056),
	(402, '간수제도', '광도 남측', 34.2607222, 127.5304972),
	(403, '대삼부도', '구멍섬 갯바위', 34.0556333, 127.3970278),
	(404, '송이도', '큰매리 갯바위', 35.3, 126.1411111),
	(405, '송이도', '이미 앞바다', 35.2777778, 126.1419444),
	(406, '임자도·사옥도', '옥섬', 35.0530556, 126.0766667),
	(407, '임자도·사옥도', '외교도 등대포인트', 35.0375, 126.1258333),
	(408, '임자도·사옥도', '증도대교 북단', 35.0258333, 126.1686111),
	(409, '고이도·매화도·선도·증도', '소정섬 포인트', 34.9269444, 126.2758333),
	(410, '고이도·매화도·선도·증도', '부사도 갯바위', 35.0061111, 126.2466667),
	(411, '고이도·매화도·선도·증도', '오산항', 34.9975, 126.1211111),
	(412, '압해도', '복용리해안 철탑 밑', 34.8983333, 126.35),
	(413, '우이도', '성촌', 34.6222222, 125.8091667),
	(414, '우이도', '딴목섬 갯바위', 34.6055556, 125.8619444),
	(415, '장산도', '발막금', 34.6722222, 126.155),
	(416, '개도·하의도·신의도', '개도 서측 갯바위', 34.6405556, 126.0019444),
	(417, '사량도', '하사량도 레이더기지 부근 갯바위', 34.795, 128.2411111),
	(418, '미륵도', '수암말(에름바우) 부근', 34.7966667, 128.3641667),
	(419, '비진도·매물도', ' 비진도 상투바위', 34.7083333, 128.4672222),
	(420, '거제도 남부', ' 오포 흑산태', 34.7061111, 128.6161111),
	(421, '거제도 남부', '오지막 해안 끝바리', 34.7566667, 128.6438889),
	(422, '거제도 남부', '구조라해수욕장 호안로 갯바위', 34.8030556, 128.6919444),
	(423, '연평도', '시노도 갯바위', 37.6130556, 125.7258333),
	(424, '연평도', '구지도 북측 갯바위', 37.6394444, 125.6827778),
	(425, '시도', '조각공원 동측 갯바위', 37.5261111, 126.4077778),
	(426, '시도', '신도 동측 끝단 갯바위', 37.5344444, 126.4725),
	(427, '시도', '신도 남측 끝단 갯바위', 37.5111111, 126.4666667),
	(428, '영종도·용유도', '왕산 갯바위', 37.4572222, 126.3613889),
	(429, '영종도·용유도', '을왕리 갯바위', 37.4438889, 126.365),
	(430, '거잠포선착장', '영종도 남측', 37.421285, 126.425725),
	(431, '안면도 북부', '방포해변 북측 갯바위', 36.5091667, 126.325),
	(432, '안면도 남 부', '샛별 해수욕장 남측 갯바위', 36.4430556, 126.3336111),
	(433, '안면도 남 부', '사도 갯바위', 36.4638889, 126.4347222),
	(434, '가의도', '북측 갯바위', 36.6886111, 126.0802778),
	(435, '가의도', '코끼리 바위', 36.6825, 126.0894444),
	(436, '개야도', '죽도 동측 갯바위', 36.0358333, 126.5308333),
	(437, '개야도', '장골 북측 갯바위', 36.045, 126.5441667),
	(438, '안마도·석만도', '우물밑 좌측 갯바위', 35.3705556, 126.0411111),
	(439, '송이도', '양골앞 갯바위', 35.2886111, 126.1516667),
	(440, '흑산도·삼태도', '상태도 마을 앞 갯바위', 34.435, 125.2813889),
	(441, '노화도·보길도·소안도', ' 노화도 북쪽 목부분 홈통', 34.2338889, 126.5605556),
	(442, '노화도·보길도·소안도', ' 노화도 갈미각 부근 갯바위', 34.2127778, 126.5555556),
	(443, '노화도·보길도·소안도', ' 보길도 망월각 갯바위', 34.1391667, 126.5044444),
	(444, '노화도·보길도·소안도', ' 소안도 청변각 갯바위(코바위)', 34.1813889, 126.6841667),
	(445, '노화도·보길도·소안도', '소안도 밖고래여 부근', 34.1483333, 126.6825),
	(446, '만재도', '보건소 하단 부근', 34.2065889, 125.4693194),
	(447, '만재도', '내마도 하단 부근', 34.20615, 125.465525),
	(448, '목포 부근', '우도', 34.8606167, 126.3866361),
	(449, '목포 부근', '금호바닷가펜션 부근', 34.6969417, 126.3635306),
	(450, '화원 부근', '고도', 34.6684639, 126.2528056),
	(451, '화원 부근', '월낭산 서측', 34.6315278, 126.2931028),
	(452, '거차수도 부근', '서거차 북쪽 홈통', 34.26, 125.9178611),
	(453, '거차수도 부근', '상어여 갯바위', 34.2441667, 125.9231333),
	(454, '거차수도 부근', '동거차 망도', 34.2447167, 125.9541389),
	(455, '거차수도 부근', '맹골 돔바위', 34.2170889, 125.8466361),
	(456, '독거군도 부근', '슬도 북단', 34.2662333, 126.1503889),
	(457, '독거군도 부근', '변도', 34.2672083, 126.16825),
	(458, '독거군도 부근', '초도', 34.2276444, 126.1642472),
	(459, '추자군도', '추자대교', 33.9529444, 126.3037667),
	(460, '추자군도', '석죽머리 부근', 33.9352333, 126.3282333),
	(461, '고흥호 부근', '고흥만방조제', 34.6535361, 127.2241306),
	(462, '거금수도 부근', '소염도', 34.4354444, 127.329025),
	(463, '거금수도 부근', '까치목골 앞', 34.5052444, 127.3876889),
	(464, '거금수도 부근', '대바래섬 북측', 34.3791972, 127.2743722),
	(465, '낭도 부근', '둔병도 남측', 34.6232806, 127.5406111),
	(466, '낭도 부근', '낭도 철탑 밑', 34.6026528, 127.5257611),
	(467, '낭도 부근', '추도 남측', 34.5906222, 127.5710472),
	(468, '상조도·하조도·관매도', '형제도 앞', 34.2247222, 126.0569444),
	(469, '가거도', '간서 갯바위', 34.0630556, 125.095),
	(470, '가거도', '칼바위', 34.0961111, 125.0977778),
	(471, '가거도', '장개다랑 갯바위', 34.0916667, 125.1113889),
	(472, '가거도', '거북바위', 34.0505556, 125.1394444),
	(473, '가거도', '큰납닥여', 34.0477778, 125.1355556),
	(474, '금일도·생일도', '금곡 해수욕장 남측 갯바위', 34.3038889, 126.9680556),
	(475, '초도', '수리망태', 34.2516667, 127.2563889),
	(476, '초도', '오밖끝', 34.2305556, 127.2605556),
	(477, '초도', '넙데기', 34.2127778, 127.2366667),
	(478, '가사도', '채석장 갯바위', 34.4941667, 126.0477778),
	(479, '상조도·하조도·관매도', '상조도 북측 철탑 아래', 34.3425, 126.0263889),
	(480, '상조도·하조도·관매도', '조도대교 남단', 34.3188889, 126.0388889),
	(481, '추자군도', '검둥여', 33.9753361, 126.3155944),
	(482, '해남반도 부근', '대성식품 길 끝', 34.3581472, 126.4992194),
	(483, '완도 부근', '연초도 갯바위', 34.3386806, 126.6176556),
	(484, '완도 부근', '고마도 북측 해안', 34.4180139, 126.7110833),
	(485, '완도 부근', '사후도 동측 갯바위', 34.3992306, 126.7450806),
	(486, '강진만 부근', '만덕호 갈대밭', 34.5696806, 126.7590944),
	(487, '강진만 부근', '만덕호 우측', 34.567575, 126.7640583),
	(488, '덕적도·소야도', ' 덕적도 소재해변 갯바위', 37.2616667, 126.1102778),
	(489, '덕적도·소야도', '소야도 남서쪽 갯바위', 37.2005556, 126.1791667),
	(490, '이작도·승봉도', '승봉도 소각장 부근', 37.175, 126.2938889),
	(491, '문갑도·선갑도', ' 문갑도 한월리해수욕장 갯바위', 37.1819444, 126.1047222),
	(492, '영흥도·선재도·대부도·구봉도', ' 영흥도 십리포해수욕장 갯바위', 37.2830556, 126.4888889),
	(493, '제부도', ' 제부도 매(삼형제)바위 부근', 37.1563889, 126.6180556),
	(494, '십이동파도·비안도', ' 십이동파도 큰 쌍섬', 35.9933333, 126.235),
	(495, '왕등도·위도', ' 하왕등도 북쪽 갯바위', 35.6447222, 126.115),
	(496, '비금도·도초도', ' 비금도 하누넘해수욕장 갯바위', 34.7477778, 125.8925),
	(497, '비금도·도초도', '도초도 문바위 부근', 34.6863889, 125.9144444),
	(498, '거제도 북동부', ' 흥남해수욕장 몽돌밭', 34.9586111, 128.7152778),
	(499, '가의도', '남측 해변 동측 갯바위', 36.6677778, 126.0544444),
	(500, '개야도', '죽도 북측 등대 부근 갯바위', 36.0413889, 126.5286111),
	(501, '청산도·대모도', '청산도 동촌리 갯바위', 34.18, 126.9236111),
	(502, '나로도', '외나로도 노랑바위', 34.4119444, 127.4913889),
	(503, '제주도 북동부·우도', '하도해수욕장 우측 갯바위', 33.5105556, 126.905),
	(504, '제주도 북동부·우도', '세배코지 갯바위', 33.5227778, 126.9483333),
	(505, '독거군도 부근', '슬도 선창 갯바위', 34.2597583, 126.1557194),
	(506, '추자군도', '모정의 쉼터 부근', 33.9462472, 126.3409472),
	(507, '추자군도', '횡간도 좌측 끝', 34.0106111, 126.3298278),
	(508, '거금수도 부근', '시산도 북측', 34.41635, 127.2414889),
	(509, '손죽열도 부근', '잔거리 넓은 자리', 34.2946139, 127.3738639),
	(510, '손죽열도 부근', '소거문 계단', 34.296075, 127.3993639),
	(511, '대삼부도', '남측 직벽', 34.0576667, 127.3916194),
	(512, '고이도·매화도·선도·증도', '검산항', 34.9933333, 126.1069444),
	(513, '고이도·매화도·선도·증도', '염산 선창', 34.9966667, 126.1811111),
	(514, '연도', '대룡단 갯바위', 34.409625, 127.7986944),
	(515, '연도', '연도 대바위', 34.412825, 127.7888194),
	(516, '연도', '역포 서측 갯바위', 34.4535833, 127.7941194),
	(517, '사천대교 부근', '조도마을 앞', 35.0347083, 127.9980306),
	(518, '사천대교 부근', '화곡관광농원 앞', 35.0231139, 128.0348861),
	(519, '사천대교 부근', '금문들 앞', 35.0084278, 128.0427333),
	(520, '상족암', '상족암 선착장', 34.904555, 128.14775),
	(521, '추도 부근', '오리바위 끝', 34.7557944, 128.3085222),
	(522, '추도 부근', '돌 무너진 자리', 34.7590194, 128.2861833),
	(523, '추도 부근', '연등 끝', 34.7630222, 128.2942611),
	(524, '연화도 부근', '막끝 갯바위', 34.6453444, 128.3765278),
	(525, '연화도 부근', '아랫마을 갯바위', 34.65785, 128.3414944),
	(526, '연화도 부근', '반하도 갯바위', 34.6542528, 128.3532167),
	(527, '갈도 부근', '미끄럼바위 근처', 34.5585, 128.1814361),
	(528, '갈도 부근', '너부렁여 근처', 34.5588667, 128.1773083),
	(529, '제주도 남서부·가파도·마라도', '냇골챙이 정자 아래 갯바위', 33.1647222, 126.2686111),
	(530, '연도', '연도 산태바위', 34.4249306, 127.8094944),
	(531, '연도', '덕포 갯바위', 34.4168917, 127.7965278),
	(532, '진주만 부근', '상족암 유람선 갯바위', 34.9043611, 128.1496389),
	(533, '추도 부근', '용두암 중앙', 34.7557889, 128.286575),
	(534, '연화도 부근', '진강정 갯바위', 34.6390389, 128.3561806),
	(535, '덕적도·소야도', ' 덕적도 목섬 부근', 37.2422222, 126.1444444),
	(536, '영흥도·선재도·대부도·구봉도', ' 영흥도 양로봉 갯바위(신노루)', 37.2633333, 126.4297222),
	(537, '원산도·삽시도', ' 원산도해수욕장 서측 갯바위', 36.3630556, 126.4202778),
	(538, '사량도', '하사량도 은포마을 갯바위', 34.8080556, 128.2166667),
	(539, '욕지도', '삼여(뽕나무강정) 부근 갯바위', 34.6211111, 128.2561111),
	(540, '거제도 남부', ' 여차항 몽돌해수욕장 갯바위', 34.7136111, 128.6247222),
	(541, '노화도·보길도·소안도', '소안도 비자리 해안갯바위', 34.175, 126.6622222),
	(542, '남해도 동부·신수도·창선도', '신수도 남쪽 갯바위', 34.8861111, 128.0736111),
	(543, '남해도 남부', '가천 갯바위(다랭이마을)', 34.7258333, 127.8991667),
	(544, '두미도', '고래등', 34.7025, 128.1683333),
	(545, '두미도', '염소자리', 34.6969444, 128.1727778),
	(546, '한산도·용초도', '용두단\r\n', 34.7347222, 128.4820222),
	(547, '울릉도', '북저바위 갯바위', 37.5013889, 130.92),
	(548, '추자도', '상추자도 다무레미 앞 갯바위', 33.9672222, 126.2847222),
	(549, '추자도', '상추자도 목개 해안', 33.9616667, 126.2855556),
	(550, '제주도 서부·차귀도·비양도', '수월봉 갯바위', 33.2955556, 126.1622222),
	(551, '진해항 부근', '초리도 서측', 35.0756139, 128.6876333),
	(552, '상조도·하조도·관매도', '각흘도 갯바위(낚시배)', 34.2569444, 126.0538889),
	(553, '남해도 북부', '수원늘 등대', 34.9466667, 127.8908333),
	(554, '남해도 남부', '유구마을 해안 갯바위', 34.7491667, 127.8377778),
	(555, '울릉도', '관음도 갯바위', 37.5430556, 130.9194444),
	(556, '추자도', '추자대교 아래', 33.9530556, 126.3038889),
	(557, '연화도 부근', '진등끝 갯바위', 34.6405833, 128.3811944),
	(558, '연화도 부근', '연화항 서측 끝', 34.6498139, 128.3447222),
	(559, '갈도 부근', '매여', 34.5569083, 128.1827611),
	(560, '욕지도', ' 모개도 부근 갯바위', 34.6461111, 128.2647222),
	(561, '욕지도', ' 노적마을 쇠고락 갯바위', 34.6219444, 128.2877778),
	(562, '비진도·매물도', ' 비진도 비둘기강정 부근 갯바위', 34.7233333, 128.4669444),
	(563, '비진도·매물도', '대매물도 수리바위', 34.6336111, 128.5705556),
	(564, '거제도 남부', ' 대포 계단바위', 34.7069444, 128.5755556),
	(565, '거제도 남부', '망치마을 곶부리', 34.8055556, 128.6686111),
	(566, '시도', '수기해변 동측 갯바위', 37.5458333, 126.4377778),
	(567, '영종도·용유도', '선녀바위', 37.4355556, 126.3811111),
	(568, '대삼부도', '북쪽 끝바리', 34.0629722, 127.3865028),
	(569, '연도', '검등서 갯바위', 34.4600861, 127.7936944),
	(570, '연도', '배미말 갯바위', 34.4511778, 127.816875),
	(571, '입파도·국화도', '국화도 서쪽 곶부리', 37.0580556, 126.5511111),
	(572, '나로도', ' 내나로도 등대 밑 갯바위', 34.4744444, 127.5066667),
	(573, '독거군도 부근', '죽항 송도', 34.2682944, 126.09225),
	(574, '광양만 부근', '배알도해수욕장 부근', 34.9596056, 127.7577722),
	(575, '사천대교 부근', '법도 맞은편', 35.0195639, 128.0378444),
	(576, '장봉도', ' 진촌 서갯바위', 37.5455556, 126.3211111),
	(577, '욕지도', ' 목가동섬', 34.6522222, 128.2425),
	(578, '비진도·매물도', ' 비진도 동북쪽 곶부리', 34.7313889, 128.4694444),
	(579, '개야도', '작은여 등대 갯바위', 36.0261111, 126.5583333),
	(580, '안마도·석만도', '노랑여(옛멸터) 부근', 35.3466667, 126.0413889),
	(581, '안면도 남 부', '망재 곶부리', 36.4391667, 126.3361111),
	(582, '가의도', '동남측 두번째 곶부리', 36.6702778, 126.0744444),
	(583, '개야도', '죽도 서측 갯바위', 36.0355556, 126.5225),
	(584, '개야도', '안청강여 등대 갯바위', 36.0525, 126.5419444),
	(585, '안마도·석만도', '쎄지기 앞 갯바위', 35.3725, 126.0575),
	(586, '안마도·석만도', '철탑 밑 갯바위', 35.3597222, 126.03),
	(587, '흑산도·삼태도', '하태도 기둥바위 부근', 34.3925, 125.2897222),
	(588, '노화도·보길도·소안도', ' 보길도 글쓴바위 부근', 34.1569444, 126.6244444),
	(589, '노화도·보길도·소안도', '보길도 보옥리 몽돌해안', 34.1261111, 126.5194444),
	(590, '신지도', ' 내동리 양식장 부근 갯바위', 34.3061111, 126.8547222),
	(591, '청산도·대모도', ' 청산도 황산말 철탑 부근', 34.2002778, 126.86),
	(592, '청산도·대모도', '청산도 코바위', 34.1536111, 126.9138889),
	(593, '여서도·거문도', ' 여서도 등대 부근 갯바위', 33.9886111, 126.9152778),
	(594, '여서도·거문도', '거문도 선바위 부근', 34.0069444, 127.3211111),
	(595, '금오도·안도', ' 금오도 송고마을 갯바위', 34.5491667, 127.725),
	(596, '제주도 서부·차귀도·비양도', '6.수월약수터 앞 갯바위', 33.3008333, 126.1666667),
	(597, '거금도', '선촌항 부근 갯바위', 34.4752778, 127.1083333),
	(598, '독거군도 부근', '구도 북단', 34.2638, 126.1728667),
	(599, '해남반도 부근', '송평 해수욕장 죽도', 34.4270528, 126.4628806),
	(600, '낭도 부근', '상화도 북측', 34.60405, 127.6069083),
	(601, '가거도', '빈지박 갯바위', 34.0872222, 125.1230556),
	(602, '입파도·국화도', ' 국화도 매박섬(토끼섬)', 37.0713889, 126.5541667),
	(603, '호도·녹도·외연도', ' 녹도 북서쪽 갯바위', 36.2761111, 126.2622222),
	(604, '어청도·연도', '연도 해녀막(멸치막)', 36.0758333, 126.4444444),
	(605, '십이동파도·비안도', ' 십이동파도 사자섬', 35.9969444, 126.24),
	(606, '말도·방축도', ' 말도 북동쪽 곶부리', 35.8586111, 126.3255556),
	(607, '왕등도·위도', ' 하왕등도 오지바위', 35.6344444, 126.1241667),
	(608, '비금도·도초도', ' 비금도 성목골 부근 갯바위', 34.7366667, 125.8894444),
	(609, '비금도·도초도', ' 비금도 통섭바위 부근', 34.8063889, 125.9936111),
	(610, '사량도', ' 상사량도 돈지마을 남쪽 곶부리', 34.8313889, 128.1797222),
	(611, '사량도', '하사량도 모자섬 부근', 34.8197222, 128.2002778),
	(612, '개도·하의도·신의도', '버러기미', 34.555, 126.1025),
	(613, '가사도', '가사도 북측 갯바위', 34.4980556, 126.0544444),
	(614, '상조도·하조도·관매도', '옥도 북측 갯바위', 34.3602778, 126.0147222),
	(615, '가거도', '멍신여', 34.0947222, 125.1036111),
	(616, '금당도', '비견도엿도', 34.4061111, 127.0844444),
	(617, '금일도·생일도', '신구리 철탑 앞', 34.3388889, 127.0177778),
	(618, '초도', '솔거섬', 34.2125, 127.2611111),
	(619, '돌산도', '향일암 갯바위', 34.5966667, 127.8075),
	(620, '두미도', '번자리', 34.7066667, 128.1683333),
	(621, '한산도·용초도', '용초도 철탑 동측 갯바위 \r\n', 34.735, 128.5141667),
	(622, '제주도 서부·차귀도·비양도', '무릉리 해안도로 갯바위', 33.2569444, 126.1861111),
	(623, '흑산도·삼태도', ' 대흑산도 예리 갯바위', 34.6905556, 125.4483333),
	(624, '거제도 남부', ' 근포마을 곶부리', 34.7227778, 128.5847222),
	(625, '제주도 동부', '여마진개 갯바위', 33.3980556, 126.9072222),
	(626, '홍도', '홍어굴 하단', 34.6850278, 125.2061111),
	(627, '목포 부근', '지중해 카페 북측', 34.8435556, 126.4002194),
	(628, '추자군도', '최영장군 사당 앞', 33.9659, 126.2944167),
	(629, '해남반도 부근', '소죽리 죽도', 34.3432972, 126.5137778),
	(630, '고흥호 부근', '우도 상단', 34.7269722, 127.3078806),
	(631, '거금수도 부근', '지죽도 남서측', 34.4334444, 127.3028639),
	(632, '여수엑스포 부근', '장도 인근 다리', 34.7467944, 127.6652278),
	(633, '제주도 서부·차귀도·비양도', '영락리 큰산물 낚시터', 33.2505556, 126.1952778),
	(634, '간수제도', '소평도 계단', 34.2583194, 127.452),
	(635, '미륵도', ' 진송말 부근 갯바위', 34.8261111, 128.4408333),
	(636, '연도', '모경말 갯바위', 34.4594778, 127.8076528),
	(637, '갈도 부근', '매여 앞 갯바위', 34.5588056, 128.1833194),
	(638, '홍도', '모도 좌측부근', 34.7201306, 125.1966139),
	(639, '거금수도 부근', '남성리 해수욕장', 34.5195222, 127.4097222),
	(640, '제주도 남서부·가파도·마라도', '옹짓물 정자 아래 갯바위', 33.1702778, 126.2788889),
	(641, '거차수도 부근', '죽도 등대 부근', 34.2255056, 125.8492278),
	(642, '추자군도', '청석 갯바위', 33.9642833, 126.2837),
	(643, '낭도 부근', '하과도 서측', 34.6245556, 127.5335),
	(644, '임자도·사옥도', '딴섬 부근', 35.0477778, 126.0952778),
	(645, '장산도', '소류지', 34.6144444, 126.1269444),
	(646, '추자도', '상추자도 청석 갯바위', 33.9638889, 126.2852778),
	(647, '영흥도·선재도·대부도·구봉도', ' 영흥도 용담리해수욕장 부근', 37.2416667, 126.4811111),
	(648, '안마도·석만도', '논골 끝 갯바위', 35.3638889, 126.0208333),
	(649, '거금수도 부근', '두리도 남측', 34.5111861, 127.4138417),
	(650, '연도', '만작굴', 34.4171917, 127.8080333),
	(651, '연화도 부근', '촛대바위 인근', 34.6457222, 128.3431167),
	(652, '대청도·소청도', '소청도 예동 갯바위', 37.7688889, 124.7488889),
	(653, '이작도·승봉도', '승봉도 참나무골', 37.1652778, 126.3180556),
	(654, '이작도·승봉도', '승봉도 철탑앞 갯바위', 37.1647222, 126.2947222),
	(655, '비금도·도초도', ' 비금도 용머리바위', 34.7663889, 125.8913889),
	(656, '노화도·보길도·소안도', '보길도 치마끝 갯바위', 34.1458333, 126.6038889),
	(657, '제주도 서부·차귀도·비양도', '풍력발전소 앞 갯바위', 33.3366667, 126.1627778),
	(658, '홍도', '슬픈여 부근', 34.7052306, 125.2145194),
	(659, '독거군도 부근', '죽항 남쪽 갯바위', 34.2611889, 126.1101111),
	(660, '제주도 남부', '서건도 갯바위', 33.23, 126.4975),
	(661, '제주도 남부', '하예마을 서측 갯바위', 33.2302778, 126.3702778),
	(662, '홍도', '병풍바위 좌측', 34.6695806, 125.1809806),
	(663, '홍도', '거북바위 인근', 34.6934583, 125.1923861),
	(664, '홍도', '홍어굴 부근', 34.691375, 125.20935),
	(665, '만재도', '만재도 남측 해안', 34.2034028, 125.4690583),
	(666, '독거군도 부근', '하조도 매동여', 34.2775556, 126.0937194),
	(667, '독거군도 부근', '독거 북단', 34.2626944, 126.1824028),
	(668, '추자군도', '목리 인근 갯바위', 33.9544444, 126.3128333),
	(669, '추자군도', '추포도 북측 갯바위', 33.9879861, 126.3237694),
	(670, '해남반도 부근', '소죽리 중도', 34.3391389, 126.5167444),
	(671, '완도 부근', '만수리 남측 갯바위', 34.4176972, 126.6735778),
	(672, '완도 부근', '내도 갯바위', 34.4458167, 126.7339444),
	(673, '완도 부근', '고마도 동측 갯바위', 34.4061472, 126.7248722),
	(674, '강진만 부근', '만덕호 좌측', 34.5657444, 126.7574667),
	(675, '강진만 부근', '외호도 갯바위', 34.461925, 126.7902361),
	(676, '낭도 부근', '신기촌들 갯바위', 34.635, 127.4755556),
	(677, '낭도 부근', '상화도 해변가', 34.6000833, 127.5964472),
	(678, '여수엑스포 부근', '내치도 하단', 34.6941028, 127.7879444),
	(679, '여수엑스포 부근', '신덕해수욕장 부근', 34.8140278, 127.7699472),
	(680, '광양만 부근', '마도 갯바위', 34.9406111, 127.7758333),
	(681, '황제도', '장도 남동측', 34.2024861, 127.1659917),
	(682, '손죽열도 부근', '반초섬 남측', 34.29475, 127.3647972),
	(683, '손죽열도 부근', '잔거리 동측', 34.2959167, 127.3819417),
	(684, '손죽열도 부근', '소거문 서코지 좌측', 34.2801111, 127.3879278),
	(685, '간수제도', '광도 북측', 34.2697889, 127.5326556),
	(686, '대삼부도', '덜섬 끝바리', 34.0532778, 127.3856444),
	(687, '임자도·사옥도', '광산리 서측끝단', 35.0763889, 126.1230556),
	(688, '고이도·매화도·선도·증도', '침해섬 포인트', 34.9227778, 126.2097222),
	(689, '압해도', '복용리 해안', 34.8991667, 126.3436111),
	(690, '손죽열도 부근', '손죽 서측 낮은 자리', 34.2876833, 127.3484389),
	(691, '임자도·사옥도', '삼봉끝 등대', 35.145, 126.1636111),
	(692, '자은도', '진서말', 34.8713889, 125.9688889),
	(693, '상조도·하조도·관매도', '관매도 서측 곶부리', 34.2305556, 126.0252778),
	(694, '초도', '딴작부치', 34.2388889, 127.2622222),
	(695, '십이동파도·비안도', ' 비안도 남쪽 갯바위', 35.7480556, 126.4480556),
	(696, '왕등도·위도', ' 위도 대멀 부근', 35.6102778, 126.315),
	(697, '가의도', '남측 끝단 갯바위', 36.6677778, 126.0508333),
	(698, '고이도·매화도·선도·증도', '고이도 서측 철탑밑', 34.9633333, 126.2877778),
	(699, '고이도·매화도·선도·증도', '해저유물 포인트', 35, 126.0975),
	(700, '금일도·생일도', '생일도 헬기장 앞', 34.3244444, 127.0158333),
	(701, '십이동파도·비안도', '비안도 남서쪽 직벽 홈통', 35.7302778, 126.4494444),
	(702, '독거군도 부근', '죽항 북쪽 철탑 밑', 34.2707694, 126.0964278),
	(703, '노화도·보길도·소안도', '소안도 담축끝 갯바위', 34.1202778, 126.6694444),
	(704, '흑산도·삼태도', ' 대흑산도 섯개해수욕장 갯바위', 34.6605556, 125.4238889),
	(705, '가의도', '북측 해변 옆 갯바위', 36.69, 126.0863889),
	(706, '만재도', '치안센터 하단 부근', 34.2049778, 125.4743639),
	(707, '완도 부근', '사후도 북측 갯바위', 34.4015028, 126.732725),
	(708, '임자도·사옥도', '대중끝', 35.0519444, 126.085),
	(709, '우이도', '달밭밑', 34.6280556, 125.8563889),
	(710, '가사도', '작은모래땅 갯바위', 34.4838889, 126.0325),
	(711, '왕등도·위도', '위도 논금해수욕장 갯바위', 35.5808333, 126.2513889),
	(712, '손죽열도 부근', '손죽 해안', 34.2917389, 127.3545),
	(713, '욕지도', ' 통곶지비 부근 갯바위', 34.6391667, 128.2986111),
	(714, '연화도 부근', '네바위 사이 골창', 34.6348, 128.3768083),
	(715, '신지도', ' 방죽포 철탑 부근 갯바위', 34.3441667, 126.8961111),
	(716, '금일도·생일도', '용황리 해안', 34.3536111, 127.0825),
	(717, '상조도·하조도·관매도', '명지마을 해안도로', 34.3122222, 126.0269444),
	(718, '한산도·용초도', '호두마을 뒤등 \r\n', 34.7322222, 128.5044444),
	(719, '문갑도·선갑도', ' 문갑도 진뿌리', 37.1655556, 126.1091667),
	(720, '안마도·석만도', '우물밑 우측 갯바위', 35.3752778, 126.0536111),
	(721, '갈도 부근', '욕지끝바리', 34.5724, 128.1886056),
	(722, '안마도·석만도', '문 끝 갯바위', 35.3316667, 126.0138889),
	(723, '여서도·거문도', '거문도 칼바위', 34.055, 127.3255556),
	(724, '제주도 북동부·우도', '우두곶 갯바위', 33.4891667, 126.9638889),
	(725, '홍도', '방구서 좌측 부근', 34.6736389, 125.1926194),
	(726, '홍도', '탑섬 인근', 34.7069194, 125.2010667),
	(727, '홍도', '노적봉 하단', 34.6806389, 125.2024194),
	(728, '목포 부근', '가란도', 34.8667833, 126.3575472),
	(729, '목포 부근', '장감길 끝', 34.8182417, 126.3338389),
	(730, '추자군도', '새말 갯바위', 33.9615, 126.2858111),
	(731, '거금수도 부근', '남촌휴양지 남측', 34.5164889, 127.2385389),
	(732, '황제도', '철탑', 34.1907389, 127.0698083),
	(733, '자월도', ' 입암두 부근 갯바위', 37.2627778, 126.3163889),
	(734, '호도·녹도·외연도', '외연도 작은 명금 부근', 36.2311111, 126.0822222),
	(735, '사량도', '하사량도 동포 해안도로 제방', 34.835, 128.2416667),
	(736, '거제도 남부', '함목해수욕장 갯바위', 34.7344444, 128.6513889),
	(737, '안면도 북부', '연륙교', 36.5988889, 126.3233333),
	(738, '청산도·대모도', ' 청산도 촛대바위 부근', 34.2088889, 126.8725),
	(739, '고흥호 부근', '득량만방조제', 34.7412528, 127.2126389),
	(740, '여수엑스포 부근', '노도 인근', 34.7099222, 127.7426667),
	(741, '금당도', '신흥리제방수문', 34.4297222, 127.0513889),
	(742, '백아도·굴업도', '굴업도 마을 서쪽 갯바위', 37.1869444, 125.975),
	(743, '안면도 남 부', '추도 갯바위', 36.405, 126.4361111),
	(744, '비진도·매물도', '매물도 대항 선창', 34.6402778, 128.5688889),
	(745, '사천대교 부근', '덕진포교', 35.0446306, 128.0040083),
	(746, '안마도·석만도', '근여 부근 갯바위', 35.3566944, 125.9958333),
	(747, '영흥도·선재도·대부도·구봉도', ' 영흥도 비석바위', 37.2741667, 126.4352778),
	(748, '석모도', '섬돌모루', 37.7083333, 126.3255556),
	(749, '순천만 부근', '달천도 부근', 34.7705528, 127.5591556),
	(750, '남해도 남부', '가천 갯바위(레이다기지)', 34.7241667, 127.8775),
	(751, '개야도', '치도 남측 갯바위', 36.0341667, 126.5225),
	(752, '화원 부근', '우도', 34.6534694, 126.2525833),
	(753, '무의도', '실미도해변 갯바위', 37.4008333, 126.3938889),
	(754, '홍도', '탑서 우측', 34.7242667, 125.2007333),
	(755, '추도 부근', '높은여', 34.7610139, 128.2970639),
	(756, '거금도', '배천마을 곶부리', 34.4705556, 127.0930556),
	(757, '제주도 남서부·가파도·마라도', '발전소 앞 갯바위', 33.2361111, 126.3444444),
	(758, '이작도·승봉도', '승봉도 남대문바위', 37.1716667, 126.3119444),
	(759, '금오도·안도', '금오도 야외음악당 부근', 34.5316667, 127.7086111),
	(760, '무의도', '때무리 동측 갯바위', 37.3744444, 126.4427778),
	(761, '노화도·보길도·소안도', '보길도 선창리 갯바위', 34.1483333, 126.5041667),
	(762, '제주도 북동부·우도', '독진곶 갯바위', 33.5172222, 126.9619444),
	(763, '청산도·대모도', ' 대모도 마도말 갯바위', 34.1877778, 126.7502778),
	(764, '십이동파도·비안도', ' 십이동파도 병풍도 북쪽 곶부리', 35.9977778, 126.2194444),
	(765, '추자군도', '다무래미 갯바위', 33.9686111, 126.2844722),
	(766, '완도 부근', '사후도 남측 갯바위', 34.3905194, 126.7427778),
	(767, '여서도·거문도', '거문도 대매지끝(용무늬 절벽)', 34.015, 127.2947222),
	(768, '제주도 남부', '세별곶', 33.2319444, 126.4616667),
	(769, '독거군도 부근', '슬도 북쪽 넓은자리', 34.2657028, 126.1438639),
	(770, '고이도·매화도·선도·증도', '고이도 남측 철탑 밑', 34.9380556, 126.3002778),
	(771, '홍도', '상연서 상단', 34.6742917, 125.1747972),
	(772, '상조도·하조도·관매도', '신의도 갯바위', 34.2330556, 126.0727778),
	(773, '대청도·소청도', ' 대청도 검은낭 갯바위', 37.8388889, 124.7277778),
	(774, '고이도·매화도·선도·증도', '둔벙여 갯바위', 34.9208333, 126.2125),
	(775, '석모도', '하리낚시터 북측', 37.7408333, 126.2883333),
	(776, '장봉도', ' 채석장 북갯바위(가막머리)', 37.56, 126.3086111),
	(777, '덕적도·소야도', '소야도 떼뿌루해수욕장 갯바위', 37.2094444, 126.1694444),
	(778, '영흥도·선재도·대부도·구봉도', ' 영흥도 농어바위', 37.2841667, 126.4555556),
	(779, '입파도·국화도', ' 국화도 해수욕장 서측 갯바위', 37.0638889, 126.5566667),
	(780, '원산도·삽시도', ' 원산도해수욕장 동측 소록도', 36.3605556, 126.4341667),
	(781, '어청도·연도', '연도 채석장', 36.0788889, 126.4327778),
	(782, '선유도·무녀도·장자도·신시도', ' 선유도 북도 동쪽 갯바위', 35.8197222, 126.4233333),
	(783, '미륵도', ' 이운항 동쪽 해안 갯바위', 34.8027778, 128.4413889),
	(784, '거금도', ' 금장 끝바리', 34.4288889, 127.1625),
	(785, '나로도', ' 외나로도 나로대교 철탑 부근', 34.4758333, 127.4566667),
	(786, '자월도', ' 큰굴 부근', 37.2633333, 126.2783333),
	(787, '이작도·승봉도', '승봉도 촛대바위', 37.1613889, 126.3244444),
	(788, '백아도·굴업도', ' 굴업도 마을 북쪽 갯바위', 37.1941667, 125.9813889),
	(789, '입파도·국화도', ' 국화도 해수욕장 동측 갯바위', 37.0616667, 126.5586111),
	(790, '선유도·무녀도·장자도·신시도', '신시도 남단 간출여 부근', 35.8097222, 126.4486111),
	(791, '말도·방축도', '방축도 남서쪽 작은 홈통', 35.8463889, 126.3725),
	(792, '낭도 부근', '하화도 해안길', 34.5923917, 127.6149028),
	(793, '고이도·매화도·선도·증도', '삼섬 포인트', 34.9613889, 126.2519444),
	(794, '가사도', '항로표지관리소 밑', 34.4594444, 126.0419444),
	(795, '노화도·보길도·소안도', '보길도 예송리해수욕장 곶부리', 34.145, 126.5752778),
	(796, '영흥도·선재도·대부도·구봉도', ' 영흥도 진여', 37.2872222, 126.4705556),
	(797, '어청도·연도', ' 어청도 세미치말 부근', 36.1105556, 125.9913889),
	(798, '사량도', ' 상사량도 진촌항 수협 앞 선창', 34.8433333, 128.2247222),
	(799, '문갑도·선갑도', ' 문갑도 문갑해수욕장 갯바위', 37.1769444, 126.1102778),
	(800, '여서도·거문도', ' 거문도 산굴산 부근 갯바위', 34.0483333, 127.3275),
	(801, '신지도', '노랑바위 부근', 34.3233333, 126.7861111),
	(802, '연화도 부근', '구멍섬 갯바위', 34.6644278, 128.3391667),
	(803, '말도·방축도', '방축도 남서쪽 큰 홈통', 35.8461111, 126.3680556),
	(804, '사량도', ' 상사량도 술미도', 34.8588889, 128.2061111),
	(805, '거금도', ' 주이정(주름목) 부근 갯바위', 34.4741667, 127.2372222),
	(806, '화원 부근', '증도리회관 동측', 34.6360028, 126.2885306),
	(807, '순천만 부근', '대여자도 하단', 34.7553444, 127.5045),
	(808, '칠천도·가조도', '창촌마을 북쪽 끝 선창', 34.9622222, 128.5133333),
	(809, '금일도·생일도', '도지항', 34.3686111, 127.0102778),
	(810, '추자도', '신양리 해안 갯바위', 33.935, 126.3280556),
	(811, '연화도 부근', '연화도 반하도 골창', 34.6518167, 128.3533917),
	(812, '이작도·승봉도', ' 소이작도 손가락 바위 부근', 37.1830556, 126.2491667),
	(813, '안면도 남 부', '운여 해변 남측 갯바위', 36.4252778, 126.3513889),
	(814, '황제도', '장도 홈통', 34.203525, 127.1568139),
	(815, '제주도 서부·차귀도·비양도', '영락리 장원수산 앞 갯바위', 33.2419444, 126.2119444),
	(816, '자란만 부근', '.솔섬 맞은편', 34.9372778, 128.2555556),
	(817, '대삼부도', '동측 갯바위', 34.0572, 127.3982889),
	(818, '고이도·매화도·선도·증도', '버지 선창', 35.0238889, 126.1247222),
	(819, '가의도', '코끼리 바위 남측 갯바위', 36.6805556, 126.0872222),
	(820, '고흥호 부근', '장재도 남측해안', 34.6126028, 127.0118333),
	(821, '임자도·사옥도', '임자도 남서측 곶부리', 35.0569444, 126.0580556),
	(822, '풍도·난지도', ' 풍도 북동측 돌출부', 37.1155556, 126.39),
	(823, '가거도', '대리취', 34.0702778, 125.0944444),
	(824, '금당도', '송아지목', 34.4211111, 127.0338889),
	(825, '상조도·하조도·관매도', '흑여(낚시배)', 34.3019444, 126.0966667),
	(826, '비금도·도초도', '도초도 지남리 남쪽 곶부리', 34.6697222, 125.9247222),
	(827, '노화도·보길도·소안도', '소안도 탁구진 부근 갯바위', 34.1405556, 126.68),
	(828, '여서도·거문도', '거문도 대린포 갯바위', 34.0583333, 127.3158333),
	(829, '두미도', '물내려오는곳', 34.6916667, 128.1875),
	(830, '상조도·하조도·관매도', '관매도 해수욕장 갯바위', 34.2525, 126.0486111),
	(831, '연평도', '감마금뿌리', 37.605, 125.7063889),
	(832, '추도 부근', '물선치', 34.7477556, 128.2926111),
	(833, '금오도·안도', ' 안도 칼바위', 34.4844444, 127.8247222),
	(834, '가거도', '물등개 갯바위', 34.0583333, 125.1386111),
	(835, '이작도·승봉도', ' 승봉도 동양콘도 앞', 37.1738889, 126.2908333),
	(836, '신지도', '동고리 남쪽 갯바위', 34.3302778, 126.8936111),
	(837, '제주도 북서부', '라마다호텔 앞 해안도로 우측', 33.5186111, 126.5238889),
	(838, '덕적도·소야도', ' 덕적도 파락금이 갯바위', 37.2577778, 126.1175),
	(839, '호도·녹도·외연도', ' 호도 북동쪽 갯바위', 36.3025, 126.2691667),
	(840, '거금도', ' 금진리 철탑 부근 선창', 34.4894444, 127.1152778),
	(841, '거금수도 부근', '구암리 해안길', 34.4689444, 127.3210139),
	(842, '자은도', '남진 선창', 34.8566667, 126.0655556),
	(843, '상조도·하조도·관매도', '상조도 서쪽 둥근바위', 34.3263889, 125.9955556),
	(844, '연도', '동부 근처 갯바위', 34.4284056, 127.8053556),
	(845, '무의도', '실미도북서측 갯바위', 37.4025, 126.3891667),
	(846, '노화도·보길도·소안도', '소안도 월항리 양식장부근', 34.1972222, 126.6558333),
	(847, '낭도 부근', '하화도 서측', 34.5888111, 127.6059083),
	(848, '추자군도', '발전소 부근', 33.9502528, 126.3028389),
	(849, '여서도·거문도', '거문도 송곡단 부근 갯바위', 34.0347222, 127.2825),
	(850, '홍도', '흔들바위 상단', 34.6779167, 125.1926306),
	(851, '거제도 남부', '서이말 갯바위 일대', 34.7902778, 128.7402778),
	(852, '손죽열도 부근', '소거문 서측', 34.2887944, 127.3858861),
	(853, '금오도·안도', '안도 동고지 해안갯바위', 34.4969444, 127.8180556),
	(854, '욕지도', '고래바위 끝바리', 34.6286111, 128.2352778),
	(855, '비진도·매물도', ' 비진도 설품단 부근 갯바위', 34.7091667, 128.4472222),
	(856, '거제도 북동부', '양지암 북바위', 34.8938889, 128.7505556),
	(857, '자월도', ' 굴뿌리', 37.2597222, 126.3480556),
	(858, '문갑도·선갑도', ' 문갑도 문턱뿌리 부근', 37.1663889, 126.1011111),
	(859, '입파도·국화도', ' 입파도 서측 갯바위', 37.1022222, 126.5369444),
	(860, '선유도·무녀도·장자도·신시도', '무녀도 제방', 35.8055556, 126.44),
	(861, '신지도', '무생끝 부근', 34.31, 126.8822222),
	(862, '백아도·굴업도', '굴업도 마을 동쪽 갯바위', 37.1869444, 125.9816667),
	(863, '원산도·삽시도', '삽시도 야의곶 부근', 36.3352778, 126.37),
	(864, '신지도', ' 대곡항 북쪽 갯바위', 34.3522222, 126.8241667),
	(865, '청산도·대모도', ' 대모도 외라이말 갯바위', 34.1955556, 126.7730556),
	(866, '거제도 남부', '해금강 도세치 끝', 34.7369444, 128.6811111),
	(867, '거금도', ' 옥룡마을 갯바위', 34.4313889, 127.125),
	(868, '금오도·안도', ' 금오도 소유마을 갯바위', 34.5313889, 127.7697222),
	(869, '영흥도·선재도·대부도·구봉도', ' 대부도 쪽박섬 부근', 37.2141667, 126.5422222),
	(870, '시도', '조각공원 북측 갯바위', 37.5305556, 126.4016667),
	(871, '안마도·석만도', '우물밑 갯바위', 35.3736111, 126.0422222),
	(872, '임자도·사옥도', '임자도 남측', 35.057333, 126.060321),
	(873, '암태도', '익금마을 선창', 34.8775, 126.1086111),
	(874, '우이도', '송도 북측 갯바위', 34.6172222, 125.8675),
	(875, '가거도', '바둑바위', 34.0855556, 125.0955556),
	(876, '초도', '파랑끝', 34.2452778, 127.2622222),
	(877, '대청도·소청도', ' 대청도 서풍받이 서쪽 갯바위', 37.8016667, 124.6797222),
	(878, '청산도·대모도', ' 대모도 소로지말 갯바위', 34.1775, 126.7611111),
	(879, '풍도·난지도', ' 풍도 채석장 북측', 37.1141667, 126.38),
	(880, '십이동파도·비안도', ' 십이동파도 작은 쌍섬', 35.9936111, 126.2408333),
	(881, '금오도·안도', '안도 철탑 아래 갯바위', 34.4716667, 127.8022222),
	(882, '거제도 남부', '학동 용바위', 34.7686111, 128.6386111),
	(883, '연평도', '금능해수욕장 남측 갯바위', 37.6638889, 125.6833333),
	(884, '안마도·석만도', '나룻방 밑 갯바위', 37.4219444, 126.435),
	(885, '추자군도', '모진해수욕장 갯바위', 33.9518972, 126.3006611),
	(886, '순천만 부근', '교량낚시터', 34.7573167, 127.506775),
	(887, '고이도·매화도·선도·증도', '마산도 선창', 34.9525, 126.2491667),
	(888, '이작도·승봉도', '승봉도 목섬 부근', 37.1572222, 126.3208333),
	(889, '제주도 서부·차귀도·비양도', '비양도 동측 갯바위', 33.4097222, 126.2316667),
	(890, '제주도 북동부·우도', '우도치안센터 앞', 33.5230556, 126.9580556),
	(891, '시도', '수기해변 서측 갯바위', 37.5458333, 126.4272222),
	(892, '안면도 북부', '황도 연륙교 아래', 36.5966667, 126.375),
	(893, '가의도', '작은 마을 동측 안통', 36.6730556, 126.0713889),
	(894, '안마도·석만도', '똥섬 부근 갯바위', 35.3647222, 126.06),
	(895, '임자도·사옥도', '대두끝 갯바위', 35.0513889, 126.1063889),
	(896, '고이도·매화도·선도·증도', '선도북측 선창', 35.0066667, 126.2597222),
	(897, '안좌도·팔금도', '신안교 서단', 34.7663889, 126.1275),
	(898, '진도 북부', '군내방조제', 34.535, 126.2333333),
	(899, '안마도·석만도', '똥섬 갯바위', 35.3622222, 126.06),
	(900, '안마도·석만도', '긴 둑 밑 갯바위', 35.3397222, 126.0122222),
	(901, '진도 남동부', '현목항 선창', 34.3794444, 126.2675),
	(902, '초도', '막두', 34.2477778, 127.2430556),
	(903, '무의도', '무의도 곶부리', 37.4122222, 126.4080556),
	(904, '우이도', '선창구미', 34.6111111, 125.8597222),
	(905, '목포 부근', '명지식품 해안길', 34.8491389, 126.4047222),
	(906, '초도', '석머리', 34.2366667, 127.2344444),
	(907, '남해도 동부·신수도·창선도', '신수도 북쪽 갯바위', 34.91, 128.0736111),
	(908, '칠천도·가조도', '계도 어촌 체험 낚시터', 34.9763889, 128.5133333),
	(909, '추자도', '모진 해수욕장', 33.9447222, 126.3341667),
	(910, '상조도·하조도·관매도', '하조도 매동여(낚시배)', 34.2752778, 126.095),
	(911, '연평도', '검은서', 37.6413889, 125.7047222),
	(912, '돌산도', '계동등대 옆 갯바위', 34.6602778, 127.8058333),
	(913, '제주도 동부', '당두곶 우측 갯바위', 33.4233333, 126.9319444),
	(914, '남해도 동부·신수도·창선도', '모상개 해수욕장 우측 갯바위', 34.8280556, 128.0869444),
	(915, '우이도', '가도 북측 갯바위', 34.6233333, 125.8641667),
	(916, '진도 남동부', '접도리 선창', 34.3888889, 126.2836111),
	(917, '제주도 서부·차귀도·비양도', '비양도 초소 밑 갯바위', 33.4058333, 126.2227778),
	(918, '송이도', '큰내기 좌측 갯바위', 35.2925, 126.1386111),
	(919, '상조도·하조도·관매도', '하조도 등대', 34.3113889, 126.0880556),
	(920, '고이도·매화도·선도·증도', '왕바위', 34.9547222, 126.1269444),
	(921, '호도·녹도·외연도', '외연도 누적금 부근', 36.2308333, 126.075),
	(922, '십이동파도·비안도', '비안도 서쪽 돌출여 부근', 35.7338889, 126.4483333),
	(923, '말도·방축도', ' 방축도 북서바위', 35.8527778, 126.3675),
	(924, '비금도·도초도', ' 비금도 이미해수욕장 갯바위', 34.7583333, 125.8913889),
	(925, '한산도·용초도', '용초 뒤등 갯바위\r\n', 34.7391667, 128.4666667),
	(926, '추자도', '예초리 해안도로 갯바위', 33.9566667, 126.3363889),
	(927, '제주도 남서부·가파도·마라도', '할망당 아래 갯바위', 33.1219444, 126.2666667),
	(928, '고이도·매화도·선도·증도', '도둑섬 포인트', 35.0080556, 126.1011111),
	(929, '상조도·하조도·관매도', '고치여 하늘다리 주변', 34.2216667, 126.0366667),
	(930, '제주도 남서부·가파도·마라도', '사계리 체육공원 갯', 33.2213889, 126.2969444),
	(931, '암태도', '중앙대교 북단', 34.8005556, 126.1183333),
	(932, '추자도', '하추자도 남동측 끝단', 33.93, 126.3302778),
	(933, '안좌도·팔금도', '신안교 동단', 34.7675, 126.1319444),
	(934, '시도', '시모도 연륙교', 37.5363889, 126.4144444),
	(935, '암태도', '익금해변 갯바위', 34.8811111, 126.1219444),
	(936, '가거도', '오구멍박벌 갯바위', 34.0641667, 125.1113889),
	(937, '낭도 부근', '해안길 좌측', 34.5960694, 127.5398861),
	(938, '진해항 부근', '잠도 서측', 35.0598944, 128.6630139),
	(939, '추도 부근', '용머리치 끝', 34.7549056, 128.2833611),
	(940, '갈도 부근', '너부렁여', 34.5593722, 128.176375),
	(941, '홍도', '수력말과종바위 인근', 34.7135556, 125.2119306),
	(942, '득량만 부근', '정남진해양낚시공원', 34.4716278, 126.9784167),
	(943, '여수엑스포 부근', '국동항 인근', 34.7219833, 127.7254278),
	(944, '화원 부근', '마리나공사장 남측\r\n(*화원 마리나 포인트)', 34.6833333, 126.2578139),
	(945, '황제도', '흰여', 34.2164833, 127.1331111),
	(946, '홍도', '독립문 인근', 34.7165278, 125.2085583),
	(947, '연화도 부근', '연화리 갯바위', 34.6418028, 128.3635583),
	(948, '목포 부근', '꼬막섬', 34.8474056, 126.3043222),
	(949, '거차수도 부근', '동거차 둥근섬', 34.2471361, 125.9357833),
	(950, '독거군도 부근', '소슬도', 34.2541139, 126.1556861),
	(951, '거금수도 부근', '추도', 34.4791278, 127.381975),
	(952, '낭도 부근', '사도 서측', 34.5925722, 127.5534028),
	(953, '여수엑스포 부근', '검은모래해변 부근', 34.7696333, 127.7506444),
	(954, '손죽열도 부근', '소거문 홈통', 34.2826389, 127.3885),
	(955, '해남반도 부근', '어란리 서측', 34.3787639, 126.4738111),
	(956, '완도 부근', '사내방조제', 34.4616389, 126.7393944),
	(957, '대삼부도', '똥여부근 갯바위', 34.0588611, 127.3957389),
	(958, '연화도 부근', '대바위 인근', 34.6421306, 128.3444806),
	(959, '추자군도', '염도 좌측', 33.9742667, 126.3060111),
	(960, '진주만 부근', '삼분갑 근처 갯바위\r\n(*삼천포 마리나 포인트)', 34.9588139, 128.0321139),
	(961, '진해만 부근', '문턱개 북측', 34.8625972, 128.3884),
	(962, '갈도 부근', '빗바위', 34.5705528, 128.1893056),
	(963, '목포 부근', '도시촌 길 남측', 34.8149361, 126.3472667),
	(964, '거금수도 부근', '한옥민박 옆', 34.4734222, 127.2335611),
	(965, '진해항 부근', '해돋이까페 부근', 35.1040722, 128.601225),
	(966, '자란만 부근', '가오치 마을 앞', 34.9090556, 128.3198333),
	(967, '만재도', '내마도상단', 34.2105389, 125.4642806),
	(968, '대삼부도', '동굴 좌측', 34.0612194, 127.3901667),
	(969, '진해항 부근', '막개도', 35.137575, 128.5999528),
	(970, '추자군도', '섬생이 좌측', 33.9392111, 126.3093139),
	(971, '득량만 부근', '득량도 우측', 34.6024778, 127.1077361),
	(972, '연화도 부근', '가마동섬', 34.6615389, 128.3481167),
	(973, '순천만 부근', '선정 부근', 34.7511111, 127.3894444),
	(974, '목포 부근', '모삼머리들', 34.8678639, 126.3210528),
	(975, '추자군도', '검둥여 부근', 33.9759167, 126.3129722),
	(976, '사진리', '사진 2리 남단 영덕 무지개 폭포', 36.5286389, 129.4409167),
	(977, '축산항', '축산 죽도산 갯바위', 36.5087, 129.4529444),
	(978, '석리', '석리 탐조등 노물다섯짬 해안도로 갯바위1', 36.4587556, 129.4363278),
	(979, '석리', '석리 탐조등 노물다섯짬 해안도로 갯바위2', 36.4544389, 129.4354361),
	(980, '금진2리', '금진 2리 마을 회관 갯바위', 36.3703611, 129.3979972),
	(981, '남호리', '남호 해수욕장 백사장', 36.3276778, 129.3799528),
	(982, '장사리', '장사해수욕장 남동쪽 갯바위', 36.2774556, 129.3797222),
	(983, '부경리', '부경리 갯바위1', 36.2749639, 129.3810972),
	(984, '부경리', '부경리 갯바위2', 36.2736111, 129.3799806),
	(985, '삼정항', '석병방파제 갯바위', 36.0225, 129.5799972),
	(986, '삼정3리', '심정 3리 갯바위', 36.0084861, 129.5786944),
	(987, '구룡포항', '구룡포 해수욕장 남측 갯바위1', 35.9946111, 129.5665139),
	(988, '구룡포항', '구룡포 해수욕장 남측 갯바위2', 35.9914861, 129.5679472),
	(989, '구룡포항', '구룡포항 서쪽 바다 낚시터', 35.9895167, 129.5658889),
	(990, '장길리', '구룡포항 장길리 보릿돌', 35.9749028, 129.5529722),
	(991, '장길리', '장길리 복합 낚시 공원', 35.9516278, 129.5511417),
	(992, '신창리', '신창 간이 해수욕장', 35.8903667, 129.5247778),
	(993, '양포항', '양포항 남쪽 갯바위', 35.8719306, 129.5229833),
	(994, '계원2리', '계원 2리 등대 갯바위', 35.8534528, 129.5255278),
	(995, '척사항', '척사방파제 북쪽 갯바위', 35.8168639, 129.5132722),
	(996, '척사항', '척사방파제 남쪽 갯바위', 35.8126167, 129.5108611),
	(997, '감포항', '감포항 송대말 등대 앞 갯바위', 35.8064889, 129.5117333),
	(998, '판지항', '판지항 남측 갯바위', 35.6122611, 129.4585),
	(999, '제전항', '제전항 남측 갯바위', 35.6062583, 129.4624722),
	(1000, '우가포', '우가포갯바위', 35.5924639, 129.4637583),
	(1001, '당사해양낚시공원', '당사해양낚시공원', 35.5802222, 129.458575),
	(1002, '주전몽돌해변', '주전몽돌해변', 35.5657917, 129.4557028),
	(1003, '소바위', '울산소바위', 35.4862611, 129.4385639),
	(1004, '슬도', '울산 슬도', 35.4780556, 129.4312306),
	(1005, '대바위공원', '대바위공원', 35.3776806, 129.3453583),
	(1006, '신암1리', '신암1리 방파제 동측 갯바위', 35.3476333, 129.3320194),
	(1007, '신평소공원', '신평소공원 윷판대', 35.2934972, 129.261),
	(1008, '온정방파제', '온정방파제 동측 남사암', 35.2831361, 129.2599611),
	(1009, '대변항', '대변항 북측 갯바위', 35.2211722, 129.2383889),
	(1010, '원앙대', '원앙대(오랑대공원)', 35.2057472, 129.2282722),
	(1011, '죽도', '죽도갯바위(송일정)', 35.1788528, 129.2061694),
	(1012, '망양휴게소', '망양휴게소 갯바위', 36.8727028, 129.4216028),
	(1013, '사동항', '사동항 남측 갯바위', 36.8229306, 129.4498611),
	(1014, '봉산리', '봉산리 백사장 남측 갯바위', 36.7807306, 129.4696611),
	(1015, '봉산리', '봉산리 주변 갯바위1', 36.7758056, 129.4721167),
	(1016, '봉산리', '봉산리 주변 갯바위2', 36.771575, 129.475775),
	(1017, '봉산리', '봉산리 주변 갯바위3', 36.7678111, 129.4786028),
	(1018, '직산리', '직산리 주변 갯바위1', 36.7332222, 129.4761694),
	(1019, '직산리', '직산리 주변 갯바위2', 36.7271111, 129.4774306),
	(1020, '거일리', '거일리 주변 백사장', 36.7186944, 129.472575),
	(1021, '거일리', '거일리 주변 갯바위', 36.7108889, 129.4756944),
	(1022, '거일리', '거일리 주변 해안도로 갯바위', 36.7042472, 129.4747778),
	(1023, '거일리', '울진 바다목장 해상낚시 공원 및 주변 갯바위', 36.6994139, 129.4777722),
	(1024, '거일리', '거일리 남단 주변 갯바위', 36.6969972, 129.4731778),
	(1025, '거일리', '거일리 남단 주변 백사장', 36.6954333, 129.4695278),
	(1026, '후포항', '후포항 동쪽 갓바위', 36.6795528, 129.4661111),
	(1027, '금음리', '금음리 주변 갯바위1', 36.6580222, 129.431),
	(1028, '금음리', '금음리 주변 갯바위2', 36.6545444, 129.4303611),
	(1029, '금음리', '금음리 주변 갯바위3', 36.6520889, 129.4292861),
	(1030, '금음리', '금음리 주변 갯바위4', 36.6470056, 129.4259778),
	(1031, '금음리', '금음 4리 주변 갯바위', 36.641875, 129.4223222),
	(1032, '병곡리', '고래불 해수욕장 백사장', 36.5979917, 129.4113667),
	(1033, '대진항', '대진항 북쪽 도해단 갯바위', 36.5604472, 129.4323222),
	(1034, '대진항', '대진항 남단 갯바위1', 36.5550639, 129.4371556),
	(1035, '대진항', '대진항 남단 갯바위2', 36.5536111, 129.4385194),
	(1036, '오호항', '오호항주변 갯바위', 38.3277778, 128.5303889),
	(1037, '문암2리항', '문암2리항 갯바위', 38.2968583, 128.5498917),
	(1038, '아야진항', '아야진 방파제 갯바위', 38.2745556, 128.5570028),
	(1039, '아야진항', '아야진항 북측 갯바위', 38.2701306, 128.5580833),
	(1040, '청간해변', '청간해변 갯바위', 38.2663889, 128.5586444),
	(1041, '봉포해변', '봉포해변 갯바위', 38.2527667, 128.5686472),
	(1042, '낙산항', '낙산방파제 갯바위', 38.1241444, 128.6329167),
	(1043, '남애항', '남애항 북측 갯바위1', 37.9468889, 128.7862056),
	(1044, '남애항', '남애항 북측 갯바위2', 37.9449056, 128.7885944),
	(1045, '남애항', '남애항 남측 갯바위', 37.9397972, 128.7890556),
	(1046, '사천진해변', '사천진 바위', 37.8410722, 128.8776361),
	(1047, '어달리항', '어달리항 남측 갯바위', 37.560225, 129.1206444),
	(1048, '어달리항', '어달리항 북측 방조제', 37.5528556, 129.1195556),
	(1049, '한섬방파제', '동해기도원 갯바위', 37.5283722, 129.1223194),
	(1050, '후진항', '후진항 북측 갯바위', 37.4644167, 129.1770417),
	(1051, '덕산해수욕장', '덕봉산 주변 갯바위', 37.3885556, 129.2390944),
	(1052, '대진항', '대진항 내항', 37.3470611, 129.26125),
	(1053, '초곡항', '초곡항 서측 갯바위', 37.3094167, 129.2910306),
	(1054, '장호항', '장호항 갯바위', 37.2893528, 129.3179),
	(1055, '갈남항', '갈남항 서측 갯바위', 37.2816028, 129.3233694),
	(1056, '노곡항', '노곡항 남측 갯바위', 37.1996306, 129.3438583),
	(1057, '나곡해수욕장', '나곡해수욕장 남측 갯바위', 37.1255194, 129.3724833),
	(1058, '나곡해수욕장', '나곡바다 낚시공원', 37.1176944, 129.3796306),
	(1059, '석호항', '석호해변 갯바위', 37.1101694, 129.3745472),
	(1060, '부구해수욕장', '부구해수욕장 북측 갯바위', 37.1058111, 129.3774639),
	(1061, '후정해수욕장', '후정해수욕장 갯바위', 37.07, 129.4174694),
	(1062, '봉수항', '봉수항 북측 갯바위', 37.0655, 129.4243556),
	(1063, '봉수항', '봉수항 남측 갯바위', 37.0622611, 129.4275),
	(1064, '죽변항', '죽변항에서봉평해수욕장까지백사장', 37.0512278, 129.4146222),
	(1065, '양정항', '양정항 북쪽갯바위1', 37.0215278, 129.411),
	(1066, '양정항', '양정항 북쪽갯바위2', 37.0165306, 129.4130556),
	(1067, '양정항', '양정항에서 대나리항까지 해안도로', 37.011375, 129.4160361),
	(1068, '울진항', '울진항에서 공세항 해안도로', 36.9883056, 129.4140444),
	(1069, '남대천', '남대천하구', 36.9782167, 129.4086389),
	(1070, '산포리', '산포리갯바위', 36.9503694, 129.4193278),
	(1071, '산포리', '산포리 백사장 갯바위', 36.9435139, 129.4203639),
	(1072, '산포리', '산포리촛대바위', 36.9394722, 129.4209),
	(1073, '진복리', '진복리백사장갯바위', 36.9272778, 129.4180972),
	(1074, '진복항', '진복방파제 남측 갯바위', 36.9145389, 129.4156556),
	(1075, '오산항', '오산2리 마을회관 갯바위', 36.8966, 129.4204111),
	(1076, '덕신휴게소', '덕신휴게소 부근 백사장', 36.8795, 129.4188222),
	(1077, '추자도', '다무레미 북측 해상', 33.9691667, 126.2861111),
	(1078, '추자도', '다무레미 남측 해상', 33.9625, 126.2844444),
	(1079, '제주도 북부', '함덕 서우봉해변 앞 해상', 33.5525, 126.665),
	(1080, '제주도 북부', '달서 등대부근 해상', 33.56, 126.7016667),
	(1081, '제주도 북동부·우도', '김녕리 앞 해상', 33.5766389, 126.775),
	(1082, '제주도 북동부·우도', '반다여 부근', 33.5241667, 126.9330556),
	(1083, '제주도 북동부·우도', '종달리 포구 앞 해상', 33.5080556, 126.9216667),
	(1084, '제주도 북동부·우도', '천진항 앞 해상', 33.4852778, 126.9411111),
	(1085, '제주도 북동부·우도', '산호샤홍조단괴해수욕장 앞 해상', 33.5011111, 126.9344444),
	(1086, '제주도 북동부·우도', '독진곶 앞 해상', 33.5297222, 126.9469444),
	(1087, '제주도 북동부·우도', '비양도 북측해상', 33.5233333, 126.9702778),
	(1088, '제주도 동부', '성산일출봉 앞 해상', 33.4555556, 126.9519444),
	(1089, '제주도 동부', '온평리 앞 해상', 33.3952778, 126.9177778),
	(1090, '제주도 남동부', '태흥리포구 앞 해상', 33.2663889, 126.74),
	(1091, '제주도 남동부', '비안포구 앞 해상', 33.2708333, 126.7238889),
	(1092, '제주도 남부', '호도(범섬)부근 해상', 33.2236111, 126.5155556),
	(1093, '제주도 남부', '강정포구 앞 노란부표 부근', 33.2222222, 126.4936111),
	(1094, '제주도 남부', '강정포구 앞 입표 부근', 33.2194444, 126.4752778),
	(1095, '제주도 남서부·가파도·마라도', '광포란 부근 해상', 33.1741667, 126.2866667),
	(1096, '제주도 남서부·가파도·마라도', '형제도 부근 해상', 33.2125, 126.3097222),
	(1097, '홍도', '방구서 부근', 34.6728806, 125.195625),
	(1098, '홍도', '제비여 부근', 34.6655167, 125.1786056),
	(1099, '홍도', '상연서 부근', 34.6727194, 125.1758667),
	(1100, '홍도', '거북바위 인근', 34.6950528, 125.1895083),
	(1101, '홍도', '장도 부근', 34.7159583, 125.1864639),
	(1102, '홍도', '모도 부근', 34.7238806, 125.1929972),
	(1103, '홍도', '공작새바위 인근', 34.6964444, 125.2153306),
	(1104, '홍도', '흥어굴 인근', 34.6825056, 125.2090472),
	(1105, '만재도', '백서 남측 선상', 34.2218639, 125.476),
	(1106, '만재도', '만재도 북동측 선상', 34.2133583, 125.4863667),
	(1107, '만재도', '국도 북측 선상', 34.21085, 125.4900667),
	(1108, '만재도', '만재도 동측 선상', 34.2050056, 125.4854417),
	(1109, '만재도', '만재도 남측 선상', 34.2031111, 125.4755056),
	(1110, '만재도', '외마도 남측 선상', 34.2100306, 125.4626056),
	(1111, '만재도', '만재도 서측 선상', 34.2133083, 125.4648278),
	(1112, '거차수도 부근', '동거차 선착장 해상', 34.2462639, 125.9435667),
	(1113, '거차수도 부근', '동거차 해수욕장 해상', 34.2271417, 125.9302611),
	(1114, '거차수도 부근', '명도 부근 해상', 34.2151083, 125.8656361),
	(1115, '거차수도 부근', '새여 부근 해상', 34.2158972, 125.8416194),
	(1116, '독거군도 부근', '죽항 송도 해상', 34.2664667, 126.0947222),
	(1117, '독거군도 부근', '슬도 북쪽 해상', 34.2677167, 126.1406778),
	(1118, '독거군도 부근', '소슬도 해상', 34.2565333, 126.1518528),
	(1119, '독거군도 부근', '독거 동쪽 선창 해상', 34.2506694, 126.1890333),
	(1120, '독거군도 부근', '구도 해상', 34.2651611, 126.1689333),
	(1121, '독거군도 부근', '초도앞 해상', 34.2276083, 126.1559361),
	(1122, '독거군도 부근', '간암여 해상', 34.2286194, 126.1687417),
	(1123, '독거군도 부근', '제주섬 해상', 34.2251611, 126.1725583),
	(1124, '추자군도', '횡간도 북측 해상', 34.0171528, 126.3305),
	(1125, '추자군도', '곽도 앞 해상', 34.0079389, 126.3545472),
	(1126, '추자군도', '가인서 앞 해상', 33.9992556, 126.3629778),
	(1127, '추자군도', '흑검도 앞 해상', 33.9868778, 126.340775),
	(1128, '추자군도', '하추자도 북측 해상', 33.9681472, 126.3409861),
	(1129, '추자군도', '하추자도 동측 해상', 33.9543417, 126.3614),
	(1130, '추자군도', '하추자도와 청도 사이', 33.9218806, 126.3290639),
	(1131, '추자군도', '묵리 마을 앞 해상', 33.9434917, 126.2991583),
	(1132, '추자군도', '추자교 앞 해상', 33.9584722, 126.31035),
	(1133, '추자군도', '추자항 북측 해상', 33.9696944, 126.3063806),
	(1134, '추자군도', '대서리 인근 해상', 33.9703861, 126.2880972),
	(1135, '추자군도', '1상추자도와 직구도 사이', 33.97515, 126.2573528),
	(1136, '낭도 부근', '하과도 남측 해상', 34.6218083, 127.5379278),
	(1137, '낭도 부근', '홍도 남측 해상', 34.622275, 127.5539778),
	(1138, '낭도 부근', '목도 해상', 34.594425, 127.5407944),
	(1139, '낭도 부근', '추도 북측 해상', 34.6005806, 127.5576083),
	(1140, '낭도 부근', '상화도 서측 해상', 34.5952778, 127.593575),
	(1141, '낭도 부근', '장구도 동측 해상', 34.5920417, 127.6055083),
	(1142, '여수엑스포 부근', '향촌마을 부근', 34.729325, 127.8561806),
	(1143, '여수엑스포 부근', '죽도 인근 해상', 34.6876083, 127.7959972),
	(1144, '광양만 부근', '여수대교 부근', 34.8947222, 127.7049028),
	(1145, '광양만 부근', '마도 부근', 34.9446306, 127.7782333),
	(1146, '황제도', '알매섬 해상', 34.1938083, 127.06375),
	(1147, '황제도', '맞담 해상', 34.1899778, 127.0891417),
	(1148, '황제도', '흰여 해상', 34.2177417, 127.1402028),
	(1149, '황제도', '대마도 해상', 34.2034, 127.1412389),
	(1150, '황제도', '소마도 해상', 34.2024583, 127.1523444),
	(1151, '황제도', '원도 해상', 34.2145722, 127.1906111),
	(1152, '손죽열도 부근', '손죽 방파제 해상', 34.2910528, 127.3568556),
	(1153, '손죽열도 부근', '잔거리 동쪽 해상', 34.2978056, 127.3866889),
	(1154, '손죽열도 부근', '소거문도 북쪽 해상', 34.2997333, 127.3976444),
	(1155, '손죽열도 부근', '소거문도 동쪽 해상', 34.2825694, 127.40635),
	(1156, '남해도 동부·신수도·창선도', '후박 방파제 앞 해상', 34.9241667, 128.0158333),
	(1157, '남해도 동부·신수도·창선도', '벽재마을 앞 입표부근 해상', 34.9155556, 127.9972222),
	(1158, '남해도 동부·신수도·창선도', '증초 부근 해상', 34.8352778, 128.0227778),
	(1159, '남해도 동부·신수도·창선도', '적량마을 앞 해상', 34.8602778, 128.0677778),
	(1160, '남해도 동부·신수도·창선도', '송도 부근 해상', 34.9077778, 128.0494444),
	(1161, '남해도 남부', '항도 앞바다', 34.7161111, 127.8597222),
	(1162, '남해도 남부', '가천마을 앞바다', 34.7169444, 127.9033333),
	(1163, '남해도 남부', '조도부근 해상', 34.6936111, 128.0425),
	(1164, '두미도', '청석골', 37.63318, 125.678992),
	(1165, '두미도', '남구마을 남측 해상', 34.6944444, 128.2038889),
	(1166, '두미도', '북구마을 앞 해상', 34.7111111, 128.1841667),
	(1167, '두미도', '고운마을 앞 해상', 34.7119444, 128.1777778),
	(1168, '칠천도·가조도', '수야방도 서측 해상', 35.0186111, 128.6355556),
	(1169, '칠천도·가조도', '슬응도 부근 해상', 34.9733333, 128.6277778),
	(1170, '칠천도·가조도', '장안서 부근 해상', 34.9755556, 128.6441667),
	(1171, '칠천도·가조도', '황덕도 부근 해상', 35.0058333, 128.6236111),
	(1172, '칠천도·가조도', '돌끝여 부근 해상', 34.9597222, 128.5011111),
	(1173, '칠천도·가조도', '마당서 부근 해상', 34.9677778, 128.5060556),
	(1174, '칠천도·가조도', '만금여 부근 해상', 34.95, 128.5047222),
	(1175, '한산도·용초도', '용머리 부근 해상', 34.7302778, 128.4908333),
	(1176, '한산도·용초도', '호두마을 남측 해상', 34.7327778, 128.5008333),
	(1177, '한산도·용초도', '죽도부근 해상', 34.7294444, 128.5188889),
	(1178, '한산도·용초도', '의암마을 앞바다', 34.7594444, 128.4958333),
	(1179, '가덕도', '대항새바지에서 누릉여 사이 해상', 35.0211111, 128.8427778),
	(1180, '가덕도', '동선새바지에서 기도원 사이 해상', 35.05, 128.8527778),
	(1181, '영도', '생도 부근', 35.0377778, 129.0913889),
	(1182, '울릉도', '코끼리 바위 부근 해상', 37.5427778, 130.8538889),
	(1183, '울릉도', '남양항 부근 해상', 37.4566667, 130.8463889),
	(1184, '추자도', '상추자도 남측 입표 부근', 33.9483333, 126.2955556),
	(1185, '추자도', '섬도 남측 해상', 33.9377778, 126.3138889),
	(1186, '간수제도', '소평도 해상', 34.2553111, 127.4459972),
	(1187, '간수제도', '갈퀴섬 해상', 34.2343556, 127.4663028),
	(1188, '간수제도', '소두역서 해상', 34.2560111, 127.548325),
	(1189, '간수제도', '대두역서 해상', 34.2492833, 127.5336639),
	(1190, '대삼부도', '노루섬 인근 해상', 34.0612639, 127.3828056),
	(1191, '대삼부도', '무구여 인근 해상', 34.0524111, 127.3872111),
	(1192, '연도', '신강서 인근 해상', 34.4649028, 127.806525),
	(1193, '연도', '동부앞 인근 해상', 34.4297389, 127.8085889),
	(1194, '연도', '소룡단 인근 해상', 34.407975, 127.8069944),
	(1195, '연도', '덕포앞 해상', 34.4141139, 127.7934889),
	(1196, '연도', '역포항 인근 해상', 34.4295917, 127.7965222),
	(1197, '연도', '땅포앞 인근 해상', 34.4411111, 127.792575),
	(1198, '진주만 부근', '삼천포대교 밑', 34.9278111, 128.0517972),
	(1199, '자란만 부근', '두도 해상', 34.8883083, 128.2849444),
	(1200, '추도 부근', '개바위 끝 부근', 34.7461389, 128.3035167),
	(1201, '추도 부근', '대항승선장부근 해상', 34.7586778, 28.3003361),
	(1202, '추도 부근', '흰여 부근', 34.7580861, 128.3053667),
	(1203, '연화도 부근', '우서부근 해상', 34.6704417, 128.3633194),
	(1204, '연화도 부근', '연화도 방파제 인근해상', 34.6443389, 128.3710639),
	(1205, '연화도 부근', '연화항 부근 해상', 34.6525333, 128.3489778),
	(1206, '연화도 부근', '연화항 부근 해상', 34.6527194, 128.3505556),
	(1207, '갈도 부근', '갈도 북측', 34.5729472, 128.1826194),
	(1208, '갈도 부근', '귀신여 우측 하단', 34.5576611, 128.1808806),
	(1209, '당항포 부근', '동진교 해상', 35.0775278, 128.4686667),
	(1210, '당항포 부근', '카페이안펜션 해상', 35.0725556, 128.4505278),
	(1211, '부산항 부근', '몰운대 전망대 해상', 35.0332667, 128.973775),
	(1212, '수영만 부근', '광안대교 인근 해상', 35.1512861, 129.13845),
	(1213, '수영만 부근', '앞산초 인근 해상', 35.1512722, 129.1706583),
	(1214, '수영만 부근', '청사포항 인근 해상', 35.1592667, 129.1945611),
	(1215, '대청도·소청도', '선진포항 앞바다', 37.8316667, 124.7294444),
	(1216, '대청도·소청도', '곽암 부근', 37.7772222, 124.78),
	(1217, '대청도·소청도', '가두암 부근', 37.7513889, 124.7336111),
	(1218, '대청도·소청도', '갑죽도 부근', 37.8011111, 124.6638889),
	(1219, '장봉도', '비가지(날가지도) 부근', 37.5227778, 126.3177778),
	(1220, '장봉도', '부도 부근', 37.5380556, 126.3975),
	(1221, '자월도', '묵통도 부근', 37.2777778, 126.2791667),
	(1222, '자월도', '입암두 앞바다', 37.2694444, 126.3133333),
	(1223, '자월도', '굴뿌리 앞바다', 37.2583333, 126.3530556),
	(1224, '자월도', '월암두(부근여) 부근', 37.2394444, 126.3186111),
	(1225, '덕적도·소야도', '선미도 부근', 37.2783333, 126.0730556),
	(1226, '덕적도·소야도', '단탄 부근', 37.2591667, 126.0866667),
	(1227, '덕적도·소야도', '용담갑 앞바다', 37.2161111, 126.0808333),
	(1228, '덕적도·소야도', '감증탄 부근', 37.2055556, 126.0997222),
	(1229, '이작도·승봉도', '벌도와 동백도 사이', 37.1944444, 126.2105556),
	(1230, '이작도·승봉도', '동백도 동측 앞바다', 37.1986111, 126.22),
	(1231, '이작도·승봉도', '오형제바위 앞바다', 37.1852778, 126.2602778),
	(1232, '이작도·승봉도', '송곳부리 앞바다', 37.1613889, 126.2877778),
	(1233, '이작도·승봉도', '5  작은풀안해수욕장 앞바다', 37.165, 126.2558333),
	(1234, '이작도·승봉도', '6  선착장 앞바다', 37.18, 126.2461111),
	(1235, '문갑도·선갑도', '문갑도 감증탄 부근', 37.2036111, 126.0891667),
	(1236, '문갑도·선갑도', '문갑도 할미취 부근', 37.1866667, 126.1211111),
	(1237, '문갑도·선갑도', '선갑도 서측 바다', 37.0922222, 126.0436111),
	(1238, '문갑도·선갑도', '선갑도 우두암 부근', 37.0586111, 126.0808333),
	(1239, '백아도·굴업도', '백아도 오도 부근', 37.0644444, 125.9461111),
	(1240, '백아도·굴업도', '백아도 광대도 부근', 37.0566667, 125.9686111),
	(1241, '백아도·굴업도', '굴업도 동뿌리 앞바다', 37.1986111, 125.9991667),
	(1242, '백아도·굴업도', '굴업도 항도 부근', 37.18, 125.9802778),
	(1243, '입파도·국화도', '입파도 학산서 부근', 37.1222222, 126.5272222),
	(1244, '입파도·국화도', '입파도 남서측 바다', 37.0927778, 126.5227778),
	(1245, '입파도·국화도', '국화도 북동측 바다', 37.0805556, 126.5633333),
	(1246, '입파도·국화도', '국화도 등표 부근', 37.0491667, 126.5455556),
	(1247, '풍도·난지도', '풍도 북동측 바다', 37.1211111, 126.4002778),
	(1248, '풍도·난지도', '풍도 남동측 바다', 37.0841667, 126.4127778),
	(1249, '풍도·난지도', '풍도 남서측 바다', 37.0852778, 126.3783333),
	(1250, '풍도·난지도', '대난지도 철도 부근', 37.0569444, 126.4111111),
	(1251, '풍도·난지도', '5  소난지도 우모도 부근', 37.0280556, 126.4494444),
	(1252, '풍도·난지도', '6  소난지도 비경도 부근', 37.0280556, 126.4297222),
	(1253, '원산도·삽시도', '증도 부근', 36.3902778, 126.4216667),
	(1254, '원산도·삽시도', '납작도 부근', 36.3405556, 126.3891667),
	(1255, '원산도·삽시도', '면삽지 앞바다', 36.3438889, 126.3311111),
	(1256, '원산도·삽시도', '물건서 부근', 36.3613889, 126.3166667),
	(1257, '호도·녹도·외연도', '명덕도 부근', 36.3130556, 126.25),
	(1258, '호도·녹도·외연도', '석도 부근', 36.2658333, 126.2794444),
	(1259, '호도·녹도·외연도', '소화사도 부근', 36.2561111, 126.2769444),
	(1260, '호도·녹도·외연도', '모도 부근', 36.2716667, 126.2472222),
	(1261, '호도·녹도·외연도', '5  흑서 부근', 36.2313889, 126.0644444),
	(1262, '호도·녹도·외연도', '6  초망서 부근', 36.2019444, 126.0872222),
	(1263, '어청도·연도', '어청도 등대 북쪽 부근', 36.1322222, 125.9727778),
	(1264, '어청도·연도', '어청도 한우담 앞바다', 36.1208333, 126.0016667),
	(1265, '어청도·연도', '어청도 가진서 부근', 36.1058333, 125.9947222),
	(1266, '어청도·연도', '연도 북서쪽 부근', 36.0902778, 126.4263889),
	(1267, '십이동파도·비안도', '십이동파도 북도 북서측 바다', 36.0022222, 126.2175),
	(1268, '십이동파도·비안도', '십이동파도 소금도 남서측 바다', 35.9786111, 126.2277778),
	(1269, '십이동파도·비안도', '비안도 두리도 부근', 35.745, 126.4658333),
	(1270, '십이동파도·비안도', '비안도 치두도 부근', 35.7280556, 126.4572222),
	(1271, '말도·방축도', '말도 서쪽 바다', 35.8580556, 126.3025),
	(1272, '말도·방축도', '말도 등대 앞바다', 35.8625, 126.3158333),
	(1273, '말도·방축도', '말도와 보농도 사이 바다', 35.8555556, 126.3280556),
	(1274, '말도·방축도', '솔푼서 부근', 35.8605556, 126.3458333),
	(1275, '말도·방축도', '5  방축도 동쪽 바다', 35.855, 126.3902778),
	(1276, '말도·방축도', '6  흑도와 골서 부근', 35.8277778, 126.3769444),
	(1277, '선유도·무녀도·장자도·신시도', '증서 부근', 35.8108333, 126.3836111),
	(1278, '선유도·무녀도·장자도·신시도', '광서 부근', 35.8272222, 126.3955556),
	(1279, '선유도·무녀도·장자도·신시도', '도토머리도 부근', 35.8344444, 126.44),
	(1280, '선유도·무녀도·장자도·신시도', '만서, 만자서 부근', 35.7969444, 126.4436111),
	(1281, '선유도·무녀도·장자도·신시도', '5  만서, 만자서 앞바다', 35.7880556, 126.4519444),
	(1282, '선유도·무녀도·장자도·신시도', '6  장구도 앞바다', 35.7922222, 126.4002778),
	(1283, '왕등도·위도', '하왕등도 서쪽 바다', 35.6377778, 126.1011111),
	(1284, '왕등도·위도', '상왕등도 대구섬 부근', 35.6611111, 126.1186111),
	(1285, '왕등도·위도', '상왕등도 열도 부근', 35.6586111, 126.1372222),
	(1286, '왕등도·위도', '식도 북쪽 바다', 35.6366667, 126.2158333),
	(1287, '왕등도·위도', '5  위도 달루도 부근', 35.6113889, 126.2575),
	(1288, '왕등도·위도', '6  위도 외조도 부근', 35.5833333, 126.2272222),
	(1289, '비금도·도초도', '우세도 부근', 34.7941667, 125.9238889),
	(1290, '비금도·도초도', '토막도 부근', 34.8241667, 125.9541667),
	(1291, '비금도·도초도', '가도 부근', 34.6519444, 125.9686111),
	(1292, '비금도·도초도', '종달암 부근', 34.6466667, 125.9213889),
	(1293, '흑산도·삼태도', '대장도, 소장도 부근', 34.6847222, 125.3705556),
	(1294, '흑산도·삼태도', '대흑산도 호장도 부근', 34.7108333, 125.4111111),
	(1295, '흑산도·삼태도', '대흑산도 서산말 남동쪽 바다', 34.6180556, 125.4438889),
	(1296, '흑산도·삼태도', '삼태도 넓은여 부근', 34.3936111, 125.2480556),
	(1297, '노화도·보길도·소안도', '송도 부근', 34.2169444, 126.5413889),
	(1298, '노화도·보길도·소안도', '각씨여 부근', 34.2177778, 126.6575),
	(1299, '노화도·보길도·소안도', '소안도 거망치각 앞바다', 34.0980556, 126.66),
	(1300, '노화도·보길도·소안도', '예작도 부근', 34.1269444, 126.5830556),
	(1301, '노화도·보길도·소안도', '5  보길도 보죽각 앞바다', 34.1105556, 126.5036111),
	(1302, '노화도·보길도·소안도', '6  토금도 부근', 34.1622222, 126.4652778),
	(1303, '신지도', '완도 대구두 앞바다', 34.2747222, 126.7825),
	(1304, '신지도', '신지도 최남단 앞바다', 34.295, 126.8488889),
	(1305, '신지도', '제도 부근', 34.3044444, 126.8980556),
	(1306, '신지도', '모황도 부근', 34.2891667, 126.9141667),
	(1307, '청산도·대모도', '대모도 마도말 앞바다', 34.1841667, 126.7283333),
	(1308, '청산도·대모도', '장도 부근', 34.2058333, 126.8380556),
	(1309, '청산도·대모도', '항도 서측 바다', 34.1841667, 126.955),
	(1310, '청산도·대모도', '불근도 부근', 34.1491667, 126.765),
	(1311, '거금도', '연흥도 부근', 34.4594444, 127.0955556),
	(1312, '거금도', '감등서 부근', 34.5019444, 127.2397222),
	(1313, '거금도', '소독도 부근', 34.4258333, 127.2191667),
	(1314, '거금도', '형제도 부근', 34.4252778, 127.1208333),
	(1315, '여서도·거문도', '거문도 반여 부근', 34.0719444, 127.3091667),
	(1316, '여서도·거문도', '거문도 오지여 앞바다', 34.0302778, 127.3411111),
	(1317, '여서도·거문도', '거문도 배치바위 앞바다', 34.0011111, 127.3186111),
	(1318, '여서도·거문도', '만수용단 앞바다', 34.0183333, 127.2788889),
	(1319, '나로도', '보돌서 부근', 34.5275, 127.5344444),
	(1320, '나로도', '내나로도 등대 앞바다', 34.4919444, 127.5188889),
	(1321, '나로도', '외나로도 노랑바위 앞바다', 34.4047222, 127.4919444),
	(1322, '나로도', '숨은여 부근', 34.4927778, 127.4344444),
	(1323, '금오도·안도', '용두 앞바다', 34.5497222, 127.6916667),
	(1324, '금오도·안도', '문서 부근', 34.5519444, 127.7711111),
	(1325, '금오도·안도', '배다서 부근', 34.5269444, 127.8030556),
	(1326, '금오도·안도', '구몽암 부근', 34.475, 127.7661111),
	(1327, '사량도', '농개도 부근', 34.8394444, 128.1630556),
	(1328, '사량도', '죽도 부근', 34.8241667, 128.1730556),
	(1329, '사량도', '화도 부근', 34.8061111, 128.2602778),
	(1330, '사량도', '남무도 부근', 34.7702778, 128.2216667),
	(1331, '욕지도', '모도 부근', 34.6586111, 128.2525),
	(1332, '욕지도', '초도 부근', 34.6269444, 128.2986111),
	(1333, '욕지도', '가동서 부근', 34.6122222, 128.2755556),
	(1334, '욕지도', '흑초 부근', 34.61, 128.2591667),
	(1335, '미륵도', '태도 부근', 34.8397222, 128.3169167),
	(1336, '미륵도', '곤리도 부근', 34.7872222, 128.3630556),
	(1337, '미륵도', '가마도 부근', 34.7655556, 128.3652778),
	(1338, '미륵도', '학림도 부근', 34.7580556, 128.4194444),
	(1339, '비진도·매물도', '비진도 춘복도 부근', 34.7208333, 128.4552778),
	(1340, '비진도·매물도', '비진도 소장서(노루여) 부근', 34.7002778, 128.455),
	(1341, '비진도·매물도', '대매물도 가익도 부근', 34.6452778, 128.545),
	(1342, '비진도·매물도', '소매물도 등가도 부근', 34.6127778, 128.5969444),
	(1343, '거제도 북서부', '만금여 부근', 34.9486111, 128.4961111),
	(1344, '거제도 북서부', '수도 부근', 34.9272222, 128.4819444),
	(1345, '거제도 북서부', '지도 부근', 34.9058333, 128.4833333),
	(1346, '거제도 북서부', '화도 부근', 34.8191667, 128.4655556),
	(1347, '거제도 북동부', '망와도 부근', 35.0411111, 128.7244444),
	(1348, '거제도 북동부', '이수도 부근', 34.9730556, 128.7344444),
	(1349, '거제도 북동부', '양지암취 앞바다', 34.9052778, 128.7627778),
	(1350, '거제도 북동부', '지세포항 앞바다', 34.8327778, 128.7505556),
	(1351, '거제도 남부', '대덕도 부근', 34.6922222, 128.5441667),
	(1352, '거제도 남부', '소병태도 부근', 34.6980556, 128.6177778),
	(1353, '거제도 남부', '갈곶도 부근', 34.7269444, 128.6888889),
	(1354, '거제도 남부', '외조라도 부근', 34.775, 128.7119444),
	(1355, '연평도', '구지둔턱', 37.6283333, 125.6802778),
	(1356, '석모도', '외포리선착장 입표 부근 해상', 37.6958333, 126.3783333),
	(1357, '석모도', '서도부근 해상', 37.7438889, 126.2822222),
	(1358, '석모도', '선모도 부근 해상', 37.7119444, 126.3233333),
	(1359, '시도', '부도 부근 해상', 37.5327778, 126.3944444),
	(1360, '시도', '노랑섬 서측 간출암 부근 해상', 37.5116667, 126.4777778),
	(1361, '영종도·용유도', '왕산해변 북서측 해상', 37.4583333, 126.3530556),
	(1362, '영종도·용유도', '영종도 북측수문 북서측 해상', 37.463656, 126.348078),
	(1363, '무의도', '소무의도 동측 해상', 37.3691667, 126.4472222),
	(1364, '무의도', '해녀도 부근 해상', 37.3630556, 126.4402778),
	(1365, '무의도', '실미도 남서측 해상', 37.3952778, 126.3891667),
	(1366, '안면도 북부', '방포항 방파제 앞 해상', 36.5025, 126.3266667),
	(1367, '안면도 북부', '죽도 부근 해상', 36.5216667, 126.4161111),
	(1368, '안면도 북부', '황도 연육교 부근 해상', 36.5936111, 126.3752778),
	(1369, '안면도 남부', '목도 부근 해상', 36.4133333, 126.4536111),
	(1370, '안면도 남부', '외도 부근 해상', 36.4522222, 126.3122222),
	(1371, '가의도', '남측 곶부리 앞 해상', 36.6752778, 126.0841667),
	(1372, '가의도', '단도 부근 해상', 36.6675, 126.0377778),
	(1373, '가의도', '선착장 서축 갯바위 앞 해상', 36.6825, 126.0594444),
	(1374, '가의도', '선착장 앞 입표 부근 해상', 36.6833333, 126.0733333),
	(1375, '안마도·석만도', '문 끝 앞바다', 35.3294444, 126.0130556),
	(1376, '안마도·석만도', '쌀썩은여 앞바다', 35.3316667, 126.0322222),
	(1377, '안마도·석만도', '감곽여 부근 해상', 35.3508333, 126.0563889),
	(1378, '안마도·석만도', '똥 섬 부근 해상', 35.3633333, 126.0583333),
	(1379, '안마도·석만도', '쎄지기 사이 해상', 35.3708333, 126.0577778),
	(1380, '안마도·석만도', '대장재여 부근 해상', 35.3652778, 126.0188889),
	(1381, '안마도·석만도', '장재여 부근 해상', 35.3597222, 126.0091667),
	(1382, '안마도·석만도', '죽도 부근 해상', 35.3563889, 125.9991667),
	(1383, '안마도·석만도', '근여 부근 해상', 35.3575, 125.9947222),
	(1384, '송이도', '양골 앞 바다', 35.2869444, 126.1566667),
	(1385, '송이도', '큰내기 앞 바다', 35.2952778, 126.1363889),
	(1386, '송이도', '민머리 앞 바다', 35.2666667, 126.1408333),
	(1387, '고이도·매화도·선도·증도', '선도선창부근 해상', 34.9875, 126.2725),
	(1388, '고이도·매화도·선도·증도', '면도부근 해상', 34.9638889, 126.125),
	(1389, '자은도', '원도 부근', 34.8505556, 126.0505556),
	(1390, '압해도', '효지도 철탑아래 해상', 34.9113889, 126.3436111),
	(1391, '압해도', '대교 밑 해상', 34.9125, 126.3377778),
	(1392, '압해도', '대교동측 해상', 34.9127778, 126.3316667),
	(1393, '압해도', '압해도 선착장 앞 해상', 34.8205556, 126.3705556),
	(1394, '장산도', '신도 부근', 34.6788889, 126.1647222),
	(1395, '상조도·하조도·관매도', '고치서 북서측 간출암 부근 해상', 34.2252778, 126.0419444),
	(1396, '상조도·하조도·관매도', '고치서 입표 부근 해상', 34.2188889, 126.0366667),
	(1397, '가거도', '두억서 부근 해상', 34.105, 125.0983333),
	(1398, '가거도', '오동여, 검등여 사이 부근 해상', 34.0977778, 125.0936111),
	(1399, '완도', '납당여 부근 해상', 34.3886111, 126.7291667),
	(1400, '완도', '대야리 앞 해상', 34.3702778, 126.7455556),
	(1401, '완도', '장도 앞 해상', 34.3580556, 126.7430556),
	(1402, '금당도', '서방여부근', 34.4319444, 127.0408333),
	(1403, '금일도·생일도', '낭도 부근', 34.3202778, 127.0172222),
	(1404, '초 도', '외항도 내항도 사이', 34.2138889, 127.2147222),
	(1405, '돌산도', '예교마을 앞 입표 부근 해상', 34.6075, 127.7302778),
	(1406, '돌산도', '신기마을 앞 노란색 부표 부근', 34.5988889, 127.7336111),
	(1407, '돌산도', '화태도 대횡간도사이 입표 부근', 34.5819444, 127.75),
	(1408, '돌산도', '작금마을 동측 입표 부근', 34.5911111, 127.7561111),
	(1409, '돌산도', '밤섬 남측 해상', 34.6080556, 127.7522222),
	(1410, '돌산도', '백포 간출여 주변 해상', 37.4758333, 126.3547222),
	(1411, '돌산도', '죽도 부근 해상', 34.6866667, 127.7925),
	(1412, '돌산도', '내치도 부근 해상', 34.6947222, 127.7858333),
	(1413, '남해도 북부', '와도부근 해상', 34.9391667, 127.8583333),
	(1414, '남해도 북부', '차면리 방파제 북측 입표 부근', 34.9330556, 127.8552778),
	(1415, '남해도 북부', '난초섬 부근', 34.9041667, 127.8266667),
	(1416, '남해도 북부', '남상리 앞바다', 34.8422222, 127.7994444),
	(1417, '남해도 북부', '작장리 앞바다', 34.8236111, 127.8025),
	(1418, '남해도 북부', '서상리 앞바다', 34.8091667, 127.8113889),
	(1419, '남해도 북부', '노량수도', 34.9508333, 127.8969444),
	(1420, '남해도 북부', '왕지마을 앞바다', 34.9455556, 127.9158333),
	(1421, '남해도 북부', '상돈도 장도 사이 해상', 34.9205556, 127.9375),
	(1422, '남해도 동부·신수도·창선도', '지족리 앞바다', 34.8338889, 128.0105556);

-- 테이블 fubao.location_location_fish 구조 내보내기
CREATE TABLE IF NOT EXISTS `location_location_fish` (
  `id` bigint(20) NOT NULL AUTO_INCREMENT,
  `location_id` bigint(20) NOT NULL,
  `fish_id` bigint(20) NOT NULL,
  PRIMARY KEY (`id`),
  UNIQUE KEY `location_location_fish_location_id_fish_id_13cf85df_uniq` (`location_id`,`fish_id`),
  KEY `location_location_fish_fish_id_69395143_fk_fish_fish_id` (`fish_id`),
  CONSTRAINT `location_location_fi_location_id_52c95ed8_fk_location_` FOREIGN KEY (`location_id`) REFERENCES `location_location` (`id`),
  CONSTRAINT `location_location_fish_fish_id_69395143_fk_fish_fish_id` FOREIGN KEY (`fish_id`) REFERENCES `fish_fish` (`id`)
) ENGINE=InnoDB AUTO_INCREMENT=4785 DEFAULT CHARSET=utf8mb4 COLLATE=utf8mb4_general_ci;

-- 테이블 데이터 fubao.location_location_fish:~4,784 rows (대략적) 내보내기
INSERT INTO `location_location_fish` (`id`, `location_id`, `fish_id`) VALUES
	(1, 1, 2),
	(2, 1, 7),
	(3, 2, 8),
	(5, 3, 2),
	(7, 3, 5),
	(4, 3, 8),
	(6, 3, 9),
	(8, 4, 9),
	(9, 5, 9),
	(12, 6, 2),
	(10, 6, 6),
	(13, 6, 7),
	(11, 6, 10),
	(16, 7, 2),
	(14, 7, 6),
	(17, 7, 7),
	(15, 7, 10),
	(18, 8, 6),
	(19, 8, 7),
	(20, 9, 6),
	(21, 9, 7),
	(23, 10, 7),
	(22, 10, 10),
	(25, 11, 2),
	(24, 11, 6),
	(26, 11, 7),
	(28, 12, 2),
	(27, 12, 6),
	(29, 12, 7),
	(32, 13, 2),
	(30, 13, 6),
	(33, 13, 7),
	(31, 13, 10),
	(35, 14, 7),
	(34, 14, 10),
	(37, 15, 2),
	(36, 15, 6),
	(38, 15, 7),
	(42, 16, 2),
	(40, 16, 6),
	(43, 16, 7),
	(39, 16, 8),
	(41, 16, 10),
	(46, 17, 2),
	(45, 17, 6),
	(47, 17, 7),
	(44, 17, 8),
	(50, 18, 2),
	(48, 18, 6),
	(51, 18, 7),
	(49, 18, 10),
	(54, 19, 2),
	(53, 19, 6),
	(55, 19, 7),
	(52, 19, 8),
	(58, 20, 2),
	(56, 20, 6),
	(59, 20, 7),
	(57, 20, 10),
	(62, 21, 6),
	(63, 21, 7),
	(60, 21, 8),
	(61, 21, 10),
	(66, 22, 2),
	(64, 22, 6),
	(67, 22, 7),
	(65, 22, 10),
	(70, 23, 2),
	(69, 23, 6),
	(71, 23, 7),
	(68, 23, 8),
	(74, 24, 2),
	(75, 24, 4),
	(72, 24, 6),
	(76, 24, 7),
	(73, 24, 10),
	(78, 25, 2),
	(80, 25, 7),
	(77, 25, 8),
	(79, 25, 9),
	(82, 26, 2),
	(81, 26, 8),
	(83, 27, 8),
	(85, 28, 2),
	(86, 28, 7),
	(84, 28, 8),
	(88, 29, 2),
	(87, 29, 8),
	(89, 29, 10),
	(91, 30, 2),
	(90, 30, 8),
	(93, 31, 2),
	(92, 31, 8),
	(96, 32, 3),
	(95, 32, 5),
	(94, 32, 8),
	(98, 33, 2),
	(97, 33, 8),
	(100, 34, 2),
	(102, 34, 7),
	(99, 34, 8),
	(101, 34, 10),
	(104, 35, 2),
	(103, 35, 8),
	(106, 36, 2),
	(105, 36, 8),
	(107, 36, 9),
	(108, 37, 8),
	(109, 37, 9),
	(111, 38, 2),
	(110, 38, 8),
	(113, 39, 2),
	(112, 39, 8),
	(115, 40, 2),
	(114, 40, 8),
	(119, 41, 2),
	(118, 41, 4),
	(116, 41, 6),
	(117, 41, 7),
	(120, 41, 10),
	(124, 42, 2),
	(123, 42, 4),
	(121, 42, 6),
	(122, 42, 7),
	(125, 42, 10),
	(126, 43, 4),
	(128, 43, 6),
	(127, 43, 7),
	(129, 43, 10),
	(133, 44, 2),
	(132, 44, 4),
	(131, 44, 6),
	(130, 44, 7),
	(134, 44, 10),
	(138, 45, 4),
	(137, 45, 6),
	(135, 45, 7),
	(136, 45, 10),
	(142, 46, 4),
	(141, 46, 6),
	(139, 46, 7),
	(140, 46, 10),
	(146, 47, 4),
	(145, 47, 6),
	(143, 47, 7),
	(144, 47, 10),
	(147, 48, 4),
	(148, 48, 10),
	(151, 49, 5),
	(152, 49, 6),
	(149, 49, 7),
	(150, 49, 10),
	(153, 50, 8),
	(154, 51, 2),
	(155, 51, 8),
	(156, 52, 2),
	(157, 52, 8),
	(158, 53, 2),
	(159, 53, 8),
	(162, 54, 2),
	(161, 54, 6),
	(160, 54, 7),
	(163, 54, 10),
	(166, 55, 2),
	(165, 55, 4),
	(167, 55, 7),
	(164, 55, 8),
	(169, 56, 2),
	(171, 56, 7),
	(168, 56, 8),
	(170, 56, 10),
	(174, 57, 2),
	(175, 57, 4),
	(173, 57, 6),
	(176, 57, 7),
	(172, 57, 8),
	(178, 58, 2),
	(179, 58, 4),
	(180, 58, 7),
	(177, 58, 8),
	(182, 59, 7),
	(181, 59, 8),
	(183, 60, 2),
	(186, 60, 3),
	(184, 60, 4),
	(185, 60, 7),
	(189, 61, 2),
	(188, 61, 6),
	(190, 61, 7),
	(187, 61, 8),
	(192, 62, 2),
	(194, 62, 7),
	(191, 62, 8),
	(193, 62, 9),
	(196, 63, 6),
	(198, 63, 7),
	(195, 63, 8),
	(197, 63, 10),
	(203, 64, 2),
	(200, 64, 4),
	(201, 64, 7),
	(199, 64, 8),
	(202, 64, 10),
	(208, 65, 2),
	(205, 65, 4),
	(206, 65, 7),
	(204, 65, 8),
	(207, 65, 10),
	(211, 66, 2),
	(209, 66, 8),
	(210, 66, 9),
	(212, 67, 2),
	(214, 67, 7),
	(213, 67, 10),
	(215, 68, 2),
	(217, 68, 7),
	(216, 68, 10),
	(220, 69, 2),
	(218, 69, 8),
	(219, 69, 10),
	(223, 70, 2),
	(221, 70, 8),
	(222, 70, 10),
	(224, 71, 2),
	(225, 72, 8),
	(228, 73, 2),
	(226, 73, 8),
	(227, 73, 9),
	(230, 74, 8),
	(229, 74, 10),
	(232, 75, 8),
	(231, 75, 10),
	(234, 76, 4),
	(233, 76, 10),
	(237, 77, 2),
	(235, 77, 6),
	(238, 77, 7),
	(236, 77, 10),
	(240, 78, 2),
	(241, 78, 4),
	(242, 78, 7),
	(239, 78, 10),
	(245, 79, 2),
	(243, 79, 6),
	(246, 79, 7),
	(244, 79, 10),
	(247, 80, 6),
	(248, 80, 10),
	(251, 81, 2),
	(249, 81, 6),
	(252, 81, 7),
	(250, 81, 10),
	(255, 82, 2),
	(253, 82, 6),
	(256, 82, 7),
	(254, 82, 10),
	(258, 83, 7),
	(257, 83, 10),
	(263, 84, 2),
	(260, 84, 6),
	(264, 84, 7),
	(259, 84, 8),
	(261, 84, 9),
	(262, 84, 10),
	(268, 85, 2),
	(266, 85, 6),
	(269, 85, 7),
	(265, 85, 8),
	(267, 85, 10),
	(272, 86, 6),
	(273, 86, 7),
	(270, 86, 8),
	(271, 86, 10),
	(276, 87, 2),
	(275, 87, 6),
	(277, 87, 7),
	(274, 87, 8),
	(280, 88, 2),
	(278, 88, 6),
	(281, 88, 7),
	(279, 88, 10),
	(282, 89, 2),
	(283, 90, 2),
	(287, 91, 2),
	(286, 91, 7),
	(285, 91, 8),
	(284, 91, 9),
	(291, 92, 2),
	(290, 92, 7),
	(289, 92, 8),
	(288, 92, 9),
	(295, 93, 2),
	(294, 93, 7),
	(293, 93, 8),
	(292, 93, 9),
	(299, 94, 2),
	(298, 94, 7),
	(297, 94, 8),
	(296, 94, 9),
	(304, 95, 2),
	(303, 95, 6),
	(302, 95, 7),
	(301, 95, 8),
	(300, 95, 9),
	(309, 96, 2),
	(308, 96, 6),
	(307, 96, 7),
	(306, 96, 8),
	(305, 96, 9),
	(313, 97, 2),
	(311, 97, 7),
	(310, 97, 8),
	(312, 97, 10),
	(317, 98, 2),
	(315, 98, 7),
	(314, 98, 8),
	(316, 98, 10),
	(319, 99, 2),
	(318, 99, 8),
	(321, 100, 2),
	(320, 100, 8),
	(323, 101, 2),
	(322, 101, 8),
	(327, 102, 2),
	(326, 102, 7),
	(324, 102, 8),
	(325, 102, 9),
	(331, 103, 2),
	(330, 103, 7),
	(328, 103, 8),
	(329, 103, 9),
	(335, 104, 2),
	(334, 104, 6),
	(332, 104, 8),
	(333, 104, 9),
	(336, 105, 8),
	(337, 105, 9),
	(338, 106, 8),
	(339, 106, 9),
	(340, 107, 8),
	(341, 107, 9),
	(347, 108, 2),
	(345, 108, 4),
	(343, 108, 5),
	(346, 108, 7),
	(342, 108, 8),
	(348, 108, 9),
	(344, 108, 10),
	(350, 109, 2),
	(351, 109, 4),
	(349, 109, 8),
	(352, 109, 10),
	(354, 110, 2),
	(355, 110, 4),
	(353, 110, 8),
	(356, 110, 10),
	(358, 111, 4),
	(357, 111, 8),
	(360, 112, 4),
	(359, 112, 8),
	(362, 113, 2),
	(363, 113, 7),
	(361, 113, 8),
	(364, 113, 10),
	(366, 114, 2),
	(367, 114, 7),
	(365, 114, 8),
	(368, 114, 10),
	(370, 115, 2),
	(371, 115, 7),
	(369, 115, 8),
	(372, 115, 10),
	(374, 116, 2),
	(375, 116, 4),
	(373, 116, 8),
	(380, 117, 2),
	(377, 117, 4),
	(378, 117, 7),
	(376, 117, 8),
	(379, 117, 10),
	(382, 118, 2),
	(383, 118, 4),
	(381, 118, 8),
	(385, 119, 2),
	(386, 119, 4),
	(384, 119, 8),
	(387, 120, 4),
	(388, 121, 4),
	(391, 122, 2),
	(390, 122, 8),
	(389, 122, 9),
	(394, 123, 2),
	(392, 123, 4),
	(393, 123, 8),
	(395, 123, 10),
	(398, 124, 2),
	(396, 124, 4),
	(397, 124, 8),
	(399, 124, 10),
	(404, 125, 2),
	(405, 125, 4),
	(402, 125, 7),
	(400, 125, 8),
	(401, 125, 9),
	(403, 125, 10),
	(410, 126, 2),
	(411, 126, 4),
	(408, 126, 7),
	(406, 126, 8),
	(407, 126, 9),
	(409, 126, 10),
	(416, 127, 2),
	(417, 127, 4),
	(414, 127, 7),
	(412, 127, 8),
	(413, 127, 9),
	(415, 127, 10),
	(420, 128, 2),
	(419, 128, 8),
	(418, 128, 9),
	(421, 129, 5),
	(426, 130, 2),
	(427, 130, 4),
	(425, 130, 6),
	(424, 130, 7),
	(422, 130, 8),
	(423, 130, 10),
	(433, 131, 2),
	(431, 131, 4),
	(430, 131, 6),
	(432, 131, 7),
	(428, 131, 8),
	(429, 131, 10),
	(439, 132, 2),
	(437, 132, 4),
	(436, 132, 6),
	(438, 132, 7),
	(434, 132, 8),
	(435, 132, 10),
	(445, 133, 2),
	(443, 133, 4),
	(442, 133, 6),
	(444, 133, 7),
	(440, 133, 8),
	(441, 133, 10),
	(451, 134, 2),
	(449, 134, 4),
	(448, 134, 6),
	(450, 134, 7),
	(446, 134, 8),
	(447, 134, 10),
	(452, 135, 5),
	(455, 136, 2),
	(456, 136, 7),
	(453, 136, 8),
	(454, 136, 10),
	(458, 137, 2),
	(457, 137, 10),
	(460, 138, 2),
	(459, 138, 8),
	(462, 139, 2),
	(461, 139, 8),
	(463, 140, 2),
	(464, 140, 8),
	(468, 141, 7),
	(465, 141, 8),
	(467, 141, 9),
	(466, 141, 10),
	(472, 142, 7),
	(469, 142, 8),
	(470, 142, 9),
	(471, 142, 10),
	(475, 143, 2),
	(476, 143, 7),
	(473, 143, 8),
	(474, 143, 10),
	(478, 144, 2),
	(479, 144, 7),
	(477, 144, 10),
	(482, 145, 1),
	(483, 145, 2),
	(484, 145, 7),
	(480, 145, 8),
	(485, 145, 9),
	(481, 145, 10),
	(486, 146, 6),
	(488, 146, 7),
	(487, 146, 10),
	(491, 147, 2),
	(489, 147, 6),
	(492, 147, 7),
	(490, 147, 10),
	(496, 148, 2),
	(494, 148, 6),
	(497, 148, 7),
	(493, 148, 8),
	(495, 148, 10),
	(500, 149, 2),
	(501, 149, 4),
	(498, 149, 6),
	(502, 149, 7),
	(499, 149, 10),
	(503, 150, 2),
	(504, 150, 4),
	(505, 150, 7),
	(506, 151, 2),
	(507, 151, 8),
	(509, 152, 2),
	(510, 152, 7),
	(508, 152, 8),
	(511, 152, 10),
	(515, 153, 2),
	(513, 153, 7),
	(512, 153, 8),
	(514, 153, 10),
	(517, 154, 2),
	(518, 154, 4),
	(516, 154, 8),
	(521, 155, 2),
	(520, 155, 8),
	(519, 155, 9),
	(527, 156, 2),
	(525, 156, 4),
	(524, 156, 6),
	(526, 156, 7),
	(522, 156, 8),
	(523, 156, 10),
	(531, 157, 7),
	(528, 157, 8),
	(530, 157, 9),
	(529, 157, 10),
	(534, 158, 2),
	(532, 158, 8),
	(533, 158, 10),
	(537, 159, 2),
	(535, 159, 6),
	(538, 159, 7),
	(536, 159, 10),
	(541, 160, 2),
	(539, 160, 6),
	(542, 160, 7),
	(540, 160, 10),
	(545, 161, 2),
	(546, 161, 6),
	(543, 161, 7),
	(544, 161, 10),
	(551, 162, 2),
	(552, 162, 4),
	(549, 162, 7),
	(547, 162, 8),
	(548, 162, 9),
	(550, 162, 10),
	(555, 163, 2),
	(554, 163, 8),
	(553, 163, 9),
	(558, 164, 2),
	(556, 164, 6),
	(559, 164, 7),
	(557, 164, 10),
	(561, 165, 2),
	(560, 165, 6),
	(562, 165, 7),
	(565, 166, 2),
	(563, 166, 6),
	(566, 166, 7),
	(564, 166, 10),
	(567, 167, 8),
	(569, 168, 2),
	(571, 168, 7),
	(568, 168, 8),
	(570, 168, 9),
	(575, 169, 4),
	(574, 169, 6),
	(572, 169, 7),
	(573, 169, 10),
	(577, 170, 2),
	(576, 170, 8),
	(578, 170, 9),
	(580, 171, 7),
	(579, 171, 8),
	(581, 172, 8),
	(583, 173, 2),
	(584, 173, 4),
	(585, 173, 7),
	(582, 173, 8),
	(588, 174, 2),
	(586, 174, 8),
	(587, 174, 9),
	(589, 175, 9),
	(590, 176, 9),
	(592, 177, 7),
	(591, 177, 10),
	(593, 178, 2),
	(594, 179, 2),
	(598, 180, 2),
	(597, 180, 6),
	(595, 180, 8),
	(596, 180, 9),
	(599, 181, 8),
	(600, 181, 9),
	(605, 182, 2),
	(602, 182, 4),
	(603, 182, 7),
	(601, 182, 8),
	(604, 182, 10),
	(607, 183, 2),
	(608, 183, 4),
	(606, 183, 8),
	(611, 184, 2),
	(612, 184, 6),
	(609, 184, 8),
	(610, 184, 9),
	(617, 185, 2),
	(618, 185, 4),
	(615, 185, 7),
	(613, 185, 8),
	(614, 185, 9),
	(616, 185, 10),
	(621, 186, 2),
	(620, 186, 8),
	(619, 186, 9),
	(622, 187, 2),
	(623, 187, 8),
	(627, 188, 7),
	(624, 188, 8),
	(626, 188, 9),
	(625, 188, 10),
	(630, 189, 1),
	(631, 189, 2),
	(632, 189, 7),
	(628, 189, 8),
	(633, 189, 9),
	(629, 189, 10),
	(634, 190, 2),
	(636, 190, 7),
	(635, 190, 10),
	(638, 191, 7),
	(637, 191, 10),
	(639, 192, 8),
	(640, 192, 10),
	(643, 193, 2),
	(641, 193, 8),
	(642, 193, 9),
	(646, 194, 2),
	(647, 194, 7),
	(644, 194, 8),
	(645, 194, 10),
	(649, 195, 2),
	(648, 195, 8),
	(650, 196, 8),
	(651, 196, 9),
	(656, 197, 2),
	(657, 197, 5),
	(653, 197, 6),
	(654, 197, 7),
	(652, 197, 8),
	(655, 197, 10),
	(658, 198, 6),
	(660, 198, 7),
	(659, 198, 10),
	(663, 199, 2),
	(661, 199, 6),
	(664, 199, 7),
	(662, 199, 10),
	(668, 200, 2),
	(666, 200, 6),
	(669, 200, 7),
	(665, 200, 8),
	(667, 200, 10),
	(673, 201, 2),
	(671, 201, 6),
	(674, 201, 7),
	(670, 201, 8),
	(672, 201, 10),
	(677, 202, 2),
	(676, 202, 6),
	(679, 202, 7),
	(675, 202, 8),
	(678, 202, 9),
	(682, 203, 2),
	(680, 203, 6),
	(683, 203, 7),
	(681, 203, 10),
	(684, 204, 8),
	(685, 204, 10),
	(687, 205, 2),
	(689, 205, 7),
	(686, 205, 8),
	(688, 205, 10),
	(691, 206, 2),
	(690, 206, 8),
	(692, 207, 5),
	(693, 207, 8),
	(694, 207, 10),
	(696, 208, 2),
	(697, 208, 7),
	(695, 208, 8),
	(700, 209, 2),
	(699, 209, 5),
	(698, 209, 8),
	(701, 210, 6),
	(702, 210, 10),
	(703, 211, 4),
	(704, 211, 10),
	(707, 212, 2),
	(706, 212, 8),
	(705, 212, 9),
	(710, 213, 2),
	(708, 213, 8),
	(709, 213, 10),
	(713, 214, 2),
	(711, 214, 8),
	(712, 214, 10),
	(715, 215, 6),
	(714, 215, 7),
	(716, 215, 8),
	(718, 216, 6),
	(717, 216, 7),
	(719, 216, 8),
	(721, 217, 2),
	(720, 217, 8),
	(723, 218, 2),
	(722, 218, 8),
	(724, 219, 8),
	(725, 219, 9),
	(726, 220, 8),
	(727, 220, 9),
	(731, 221, 2),
	(730, 221, 6),
	(728, 221, 8),
	(729, 221, 9),
	(734, 222, 2),
	(733, 222, 8),
	(732, 222, 9),
	(736, 223, 2),
	(735, 223, 8),
	(737, 223, 9),
	(739, 224, 6),
	(738, 224, 7),
	(740, 224, 8),
	(743, 225, 2),
	(741, 225, 6),
	(744, 225, 7),
	(742, 225, 10),
	(746, 226, 7),
	(745, 226, 10),
	(749, 227, 1),
	(750, 227, 2),
	(751, 227, 7),
	(747, 227, 8),
	(752, 227, 9),
	(748, 227, 10),
	(753, 228, 6),
	(754, 228, 10),
	(757, 229, 2),
	(755, 229, 6),
	(758, 229, 7),
	(756, 229, 10),
	(761, 230, 2),
	(760, 230, 6),
	(762, 230, 7),
	(759, 230, 8),
	(765, 231, 2),
	(764, 231, 6),
	(766, 231, 7),
	(763, 231, 8),
	(768, 232, 2),
	(770, 232, 7),
	(767, 232, 8),
	(769, 232, 10),
	(771, 233, 8),
	(772, 233, 9),
	(773, 234, 4),
	(774, 234, 7),
	(775, 234, 10),
	(777, 235, 2),
	(778, 235, 4),
	(776, 235, 8),
	(779, 236, 2),
	(784, 237, 2),
	(783, 237, 6),
	(782, 237, 7),
	(781, 237, 8),
	(780, 237, 9),
	(786, 238, 2),
	(785, 238, 8),
	(790, 239, 2),
	(789, 239, 7),
	(787, 239, 8),
	(788, 239, 9),
	(794, 240, 2),
	(793, 240, 6),
	(791, 240, 8),
	(792, 240, 9),
	(795, 241, 8),
	(796, 241, 9),
	(798, 242, 2),
	(799, 242, 4),
	(797, 242, 8),
	(802, 243, 2),
	(803, 243, 6),
	(800, 243, 8),
	(801, 243, 9),
	(808, 244, 2),
	(809, 244, 4),
	(806, 244, 7),
	(804, 244, 8),
	(805, 244, 9),
	(807, 244, 10),
	(812, 245, 2),
	(811, 245, 8),
	(810, 245, 9),
	(813, 246, 2),
	(816, 246, 7),
	(815, 246, 9),
	(814, 246, 10),
	(819, 247, 1),
	(820, 247, 2),
	(821, 247, 7),
	(817, 247, 8),
	(822, 247, 9),
	(818, 247, 10),
	(824, 249, 8),
	(823, 249, 10),
	(827, 250, 2),
	(825, 250, 6),
	(828, 250, 7),
	(826, 250, 10),
	(831, 251, 2),
	(829, 251, 6),
	(832, 251, 7),
	(830, 251, 10),
	(834, 252, 2),
	(835, 252, 7),
	(833, 252, 8),
	(837, 253, 2),
	(839, 253, 7),
	(836, 253, 8),
	(838, 253, 9),
	(840, 254, 9),
	(842, 255, 2),
	(843, 255, 4),
	(841, 255, 8),
	(846, 256, 2),
	(847, 256, 6),
	(844, 256, 8),
	(845, 256, 9),
	(848, 257, 2),
	(850, 257, 7),
	(849, 257, 10),
	(852, 258, 2),
	(851, 258, 8),
	(856, 259, 2),
	(854, 259, 6),
	(857, 259, 7),
	(853, 259, 8),
	(855, 259, 10),
	(860, 260, 2),
	(859, 260, 8),
	(858, 260, 9),
	(862, 261, 2),
	(861, 261, 8),
	(863, 261, 9),
	(865, 262, 2),
	(864, 262, 8),
	(866, 262, 9),
	(869, 263, 5),
	(870, 263, 6),
	(867, 263, 7),
	(868, 263, 10),
	(871, 264, 8),
	(872, 265, 8),
	(873, 266, 2),
	(874, 266, 8),
	(875, 267, 6),
	(876, 267, 7),
	(877, 267, 10),
	(881, 268, 2),
	(882, 268, 4),
	(879, 268, 5),
	(878, 268, 8),
	(880, 268, 10),
	(884, 269, 7),
	(883, 269, 8),
	(886, 270, 2),
	(888, 270, 7),
	(885, 270, 8),
	(887, 270, 9),
	(891, 271, 3),
	(889, 271, 8),
	(890, 271, 9),
	(893, 272, 2),
	(894, 272, 4),
	(892, 272, 8),
	(896, 273, 2),
	(897, 273, 4),
	(895, 273, 8),
	(898, 274, 8),
	(899, 275, 9),
	(900, 276, 9),
	(902, 277, 7),
	(901, 277, 10),
	(903, 278, 2),
	(907, 279, 2),
	(906, 279, 7),
	(905, 279, 8),
	(904, 279, 9),
	(911, 280, 2),
	(910, 280, 7),
	(909, 280, 8),
	(908, 280, 9),
	(916, 281, 2),
	(915, 281, 6),
	(914, 281, 7),
	(913, 281, 8),
	(912, 281, 9),
	(918, 282, 2),
	(917, 282, 8),
	(922, 283, 2),
	(921, 283, 7),
	(919, 283, 8),
	(920, 283, 9),
	(923, 284, 8),
	(924, 284, 9),
	(926, 285, 4),
	(925, 285, 8),
	(928, 286, 4),
	(927, 286, 8),
	(930, 287, 2),
	(931, 287, 7),
	(929, 287, 8),
	(932, 287, 10),
	(937, 288, 2),
	(934, 288, 4),
	(935, 288, 7),
	(933, 288, 8),
	(936, 288, 10),
	(939, 289, 2),
	(940, 289, 4),
	(938, 289, 8),
	(942, 290, 2),
	(943, 290, 4),
	(941, 290, 8),
	(946, 291, 2),
	(945, 291, 8),
	(944, 291, 9),
	(949, 292, 2),
	(950, 292, 6),
	(947, 292, 8),
	(948, 292, 9),
	(955, 293, 2),
	(956, 293, 4),
	(953, 293, 7),
	(951, 293, 8),
	(952, 293, 9),
	(954, 293, 10),
	(961, 294, 2),
	(962, 294, 4),
	(959, 294, 7),
	(957, 294, 8),
	(958, 294, 9),
	(960, 294, 10),
	(965, 295, 2),
	(964, 295, 8),
	(963, 295, 9),
	(968, 296, 2),
	(967, 296, 4),
	(969, 296, 7),
	(966, 296, 8),
	(974, 297, 2),
	(975, 297, 4),
	(973, 297, 6),
	(972, 297, 7),
	(970, 297, 8),
	(971, 297, 10),
	(978, 298, 2),
	(977, 298, 4),
	(976, 298, 8),
	(980, 299, 7),
	(979, 299, 10),
	(982, 300, 2),
	(981, 300, 8),
	(983, 301, 2),
	(984, 301, 10),
	(988, 302, 7),
	(985, 302, 8),
	(987, 302, 9),
	(986, 302, 10),
	(991, 303, 1),
	(992, 303, 2),
	(993, 303, 7),
	(989, 303, 8),
	(994, 303, 9),
	(990, 303, 10),
	(997, 304, 1),
	(998, 304, 2),
	(999, 304, 7),
	(995, 304, 8),
	(1000, 304, 9),
	(996, 304, 10),
	(1003, 305, 2),
	(1001, 305, 4),
	(1002, 305, 7),
	(1004, 305, 8),
	(1007, 306, 2),
	(1005, 306, 8),
	(1006, 306, 10),
	(1010, 307, 2),
	(1008, 307, 8),
	(1009, 307, 9),
	(1012, 308, 7),
	(1011, 308, 10),
	(1015, 309, 2),
	(1013, 309, 8),
	(1014, 309, 10),
	(1018, 311, 5),
	(1019, 311, 6),
	(1016, 311, 7),
	(1017, 311, 10),
	(1021, 312, 2),
	(1022, 312, 7),
	(1020, 312, 8),
	(1023, 312, 10),
	(1026, 313, 1),
	(1025, 313, 9),
	(1024, 313, 10),
	(1028, 314, 7),
	(1027, 314, 10),
	(1032, 315, 2),
	(1031, 315, 7),
	(1030, 315, 8),
	(1029, 315, 9),
	(1037, 316, 2),
	(1036, 316, 6),
	(1035, 316, 7),
	(1034, 316, 8),
	(1033, 316, 9),
	(1041, 317, 2),
	(1040, 317, 6),
	(1038, 317, 8),
	(1039, 317, 9),
	(1043, 318, 2),
	(1044, 318, 7),
	(1042, 318, 8),
	(1045, 318, 10),
	(1047, 319, 2),
	(1048, 319, 4),
	(1046, 319, 8),
	(1049, 320, 4),
	(1053, 321, 2),
	(1052, 321, 7),
	(1051, 321, 8),
	(1050, 321, 9),
	(1057, 322, 2),
	(1056, 322, 7),
	(1055, 322, 8),
	(1054, 322, 9),
	(1061, 323, 2),
	(1060, 323, 7),
	(1059, 323, 8),
	(1058, 323, 9),
	(1066, 324, 2),
	(1065, 324, 6),
	(1064, 324, 7),
	(1063, 324, 8),
	(1062, 324, 9),
	(1071, 325, 2),
	(1070, 325, 6),
	(1069, 325, 7),
	(1068, 325, 8),
	(1067, 325, 9),
	(1072, 326, 6),
	(1074, 326, 7),
	(1073, 326, 10),
	(1075, 327, 6),
	(1077, 327, 7),
	(1076, 327, 10),
	(1079, 328, 2),
	(1078, 328, 6),
	(1080, 328, 7),
	(1082, 329, 2),
	(1081, 329, 6),
	(1083, 329, 7),
	(1086, 330, 2),
	(1085, 330, 6),
	(1087, 330, 7),
	(1084, 330, 8),
	(1091, 331, 2),
	(1089, 331, 6),
	(1092, 331, 7),
	(1088, 331, 8),
	(1090, 331, 10),
	(1096, 332, 2),
	(1094, 332, 6),
	(1097, 332, 7),
	(1093, 332, 8),
	(1095, 332, 10),
	(1100, 333, 2),
	(1099, 333, 6),
	(1102, 333, 7),
	(1098, 333, 8),
	(1101, 333, 9),
	(1107, 334, 2),
	(1104, 334, 6),
	(1108, 334, 7),
	(1103, 334, 8),
	(1105, 334, 9),
	(1106, 334, 10),
	(1112, 335, 2),
	(1110, 335, 6),
	(1113, 335, 7),
	(1109, 335, 8),
	(1111, 335, 10),
	(1116, 336, 2),
	(1114, 336, 6),
	(1117, 336, 7),
	(1115, 336, 10),
	(1119, 337, 6),
	(1121, 337, 7),
	(1118, 337, 8),
	(1120, 337, 9),
	(1123, 338, 6),
	(1125, 338, 7),
	(1122, 338, 8),
	(1124, 338, 9),
	(1129, 339, 2),
	(1130, 339, 4),
	(1127, 339, 6),
	(1131, 339, 7),
	(1126, 339, 8),
	(1128, 339, 10),
	(1134, 340, 2),
	(1135, 340, 4),
	(1132, 340, 6),
	(1136, 340, 7),
	(1133, 340, 10),
	(1138, 341, 2),
	(1140, 341, 7),
	(1139, 341, 9),
	(1137, 341, 10),
	(1142, 342, 2),
	(1141, 342, 8),
	(1143, 342, 9),
	(1145, 343, 2),
	(1144, 343, 8),
	(1146, 343, 9),
	(1148, 344, 2),
	(1147, 344, 8),
	(1150, 345, 2),
	(1151, 345, 7),
	(1149, 345, 8),
	(1153, 346, 2),
	(1155, 346, 7),
	(1152, 346, 8),
	(1154, 346, 10),
	(1156, 347, 2),
	(1157, 347, 7),
	(1158, 347, 10),
	(1161, 348, 2),
	(1159, 348, 8),
	(1160, 348, 10),
	(1162, 349, 8),
	(1163, 349, 9),
	(1165, 350, 2),
	(1164, 350, 8),
	(1166, 351, 8),
	(1169, 352, 2),
	(1170, 352, 7),
	(1167, 352, 8),
	(1168, 352, 9),
	(1172, 353, 2),
	(1173, 353, 4),
	(1171, 353, 8),
	(1178, 354, 2),
	(1179, 354, 4),
	(1176, 354, 7),
	(1174, 354, 8),
	(1175, 354, 9),
	(1177, 354, 10),
	(1182, 355, 2),
	(1180, 355, 8),
	(1181, 355, 10),
	(1185, 356, 2),
	(1183, 356, 6),
	(1186, 356, 7),
	(1184, 356, 10),
	(1189, 357, 4),
	(1187, 357, 6),
	(1190, 357, 7),
	(1188, 357, 10),
	(1193, 358, 2),
	(1191, 358, 6),
	(1194, 358, 7),
	(1192, 358, 10),
	(1196, 359, 2),
	(1195, 359, 6),
	(1197, 359, 7),
	(1200, 360, 2),
	(1198, 360, 6),
	(1201, 360, 7),
	(1199, 360, 10),
	(1204, 361, 2),
	(1202, 361, 6),
	(1205, 361, 7),
	(1203, 361, 10),
	(1208, 362, 2),
	(1206, 362, 6),
	(1209, 362, 7),
	(1207, 362, 10),
	(1212, 363, 2),
	(1210, 363, 8),
	(1211, 363, 9),
	(1213, 364, 6),
	(1214, 364, 7),
	(1217, 365, 2),
	(1216, 365, 6),
	(1218, 365, 7),
	(1215, 365, 8),
	(1221, 366, 2),
	(1219, 366, 8),
	(1220, 366, 9),
	(1224, 367, 2),
	(1223, 367, 4),
	(1222, 367, 8),
	(1225, 368, 2),
	(1226, 368, 8),
	(1229, 369, 2),
	(1228, 369, 6),
	(1230, 369, 7),
	(1227, 369, 8),
	(1233, 370, 2),
	(1231, 370, 8),
	(1232, 370, 10),
	(1234, 371, 8),
	(1235, 371, 9),
	(1236, 372, 6),
	(1237, 372, 7),
	(1239, 373, 2),
	(1240, 373, 4),
	(1241, 373, 7),
	(1238, 373, 10),
	(1244, 374, 2),
	(1242, 374, 6),
	(1245, 374, 7),
	(1243, 374, 10),
	(1247, 375, 2),
	(1249, 375, 7),
	(1246, 375, 8),
	(1248, 375, 10),
	(1251, 376, 2),
	(1253, 376, 7),
	(1250, 376, 8),
	(1252, 376, 10),
	(1256, 377, 3),
	(1254, 377, 8),
	(1255, 377, 9),
	(1258, 378, 2),
	(1259, 378, 4),
	(1257, 378, 8),
	(1260, 379, 8),
	(1261, 380, 1),
	(1262, 380, 9),
	(1263, 380, 10),
	(1264, 381, 9),
	(1265, 382, 9),
	(1266, 383, 9),
	(1267, 384, 9),
	(1268, 385, 2),
	(1272, 386, 2),
	(1271, 386, 7),
	(1270, 386, 8),
	(1269, 386, 9),
	(1273, 387, 4),
	(1274, 388, 4),
	(1277, 389, 2),
	(1276, 389, 8),
	(1275, 389, 9),
	(1280, 390, 2),
	(1279, 390, 8),
	(1278, 390, 9),
	(1283, 391, 2),
	(1284, 391, 6),
	(1281, 391, 8),
	(1282, 391, 9),
	(1287, 392, 2),
	(1288, 392, 6),
	(1285, 392, 8),
	(1286, 392, 9),
	(1291, 393, 2),
	(1292, 393, 6),
	(1289, 393, 8),
	(1290, 393, 9),
	(1297, 394, 2),
	(1298, 394, 4),
	(1295, 394, 7),
	(1293, 394, 8),
	(1294, 394, 9),
	(1296, 394, 10),
	(1303, 395, 2),
	(1304, 395, 4),
	(1301, 395, 7),
	(1299, 395, 8),
	(1300, 395, 9),
	(1302, 395, 10),
	(1309, 396, 2),
	(1310, 396, 4),
	(1307, 396, 7),
	(1305, 396, 8),
	(1306, 396, 9),
	(1308, 396, 10),
	(1315, 397, 2),
	(1316, 397, 4),
	(1313, 397, 7),
	(1311, 397, 8),
	(1312, 397, 9),
	(1314, 397, 10),
	(1321, 398, 2),
	(1322, 398, 4),
	(1319, 398, 7),
	(1317, 398, 8),
	(1318, 398, 9),
	(1320, 398, 10),
	(1327, 399, 2),
	(1328, 399, 4),
	(1325, 399, 7),
	(1323, 399, 8),
	(1324, 399, 9),
	(1326, 399, 10),
	(1333, 400, 2),
	(1334, 400, 4),
	(1331, 400, 7),
	(1329, 400, 8),
	(1330, 400, 9),
	(1332, 400, 10),
	(1339, 401, 2),
	(1340, 401, 4),
	(1337, 401, 7),
	(1335, 401, 8),
	(1336, 401, 9),
	(1338, 401, 10),
	(1345, 402, 2),
	(1346, 402, 4),
	(1343, 402, 7),
	(1341, 402, 8),
	(1342, 402, 9),
	(1344, 402, 10),
	(1349, 403, 2),
	(1348, 403, 8),
	(1347, 403, 9),
	(1352, 404, 2),
	(1351, 404, 4),
	(1353, 404, 7),
	(1350, 404, 8),
	(1354, 405, 5),
	(1359, 406, 2),
	(1360, 406, 4),
	(1358, 406, 6),
	(1357, 406, 7),
	(1355, 406, 8),
	(1356, 406, 10),
	(1365, 407, 2),
	(1366, 407, 4),
	(1364, 407, 6),
	(1363, 407, 7),
	(1361, 407, 8),
	(1362, 407, 10),
	(1371, 408, 2),
	(1372, 408, 4),
	(1370, 408, 6),
	(1369, 408, 7),
	(1367, 408, 8),
	(1368, 408, 10),
	(1378, 409, 2),
	(1376, 409, 4),
	(1375, 409, 6),
	(1377, 409, 7),
	(1373, 409, 8),
	(1374, 409, 10),
	(1384, 410, 2),
	(1382, 410, 4),
	(1381, 410, 6),
	(1383, 410, 7),
	(1379, 410, 8),
	(1380, 410, 10),
	(1390, 411, 2),
	(1388, 411, 4),
	(1387, 411, 6),
	(1389, 411, 7),
	(1385, 411, 8),
	(1386, 411, 10),
	(1393, 412, 2),
	(1394, 412, 7),
	(1391, 412, 8),
	(1392, 412, 10),
	(1397, 413, 7),
	(1395, 413, 8),
	(1396, 413, 10),
	(1400, 414, 2),
	(1401, 414, 7),
	(1398, 414, 8),
	(1399, 414, 10),
	(1403, 415, 2),
	(1402, 415, 8),
	(1404, 416, 2),
	(1405, 416, 8),
	(1407, 417, 2),
	(1408, 417, 7),
	(1406, 417, 8),
	(1411, 418, 2),
	(1409, 418, 5),
	(1410, 418, 8),
	(1413, 419, 2),
	(1412, 419, 8),
	(1415, 420, 2),
	(1416, 420, 7),
	(1414, 420, 8),
	(1418, 421, 2),
	(1419, 421, 7),
	(1417, 421, 8),
	(1422, 422, 2),
	(1421, 422, 5),
	(1420, 422, 8),
	(1426, 423, 2),
	(1425, 423, 4),
	(1423, 423, 6),
	(1424, 423, 7),
	(1427, 423, 10),
	(1431, 424, 2),
	(1430, 424, 4),
	(1428, 424, 6),
	(1429, 424, 7),
	(1432, 424, 10),
	(1433, 425, 6),
	(1434, 425, 10),
	(1435, 426, 4),
	(1436, 426, 7),
	(1437, 426, 10),
	(1438, 427, 4),
	(1439, 427, 7),
	(1440, 427, 10),
	(1441, 428, 8),
	(1442, 428, 10),
	(1443, 429, 6),
	(1444, 429, 7),
	(1445, 429, 10),
	(1446, 430, 4),
	(1447, 430, 10),
	(1451, 431, 4),
	(1450, 431, 6),
	(1448, 431, 7),
	(1449, 431, 10),
	(1455, 432, 4),
	(1454, 432, 6),
	(1452, 432, 7),
	(1453, 432, 10),
	(1459, 433, 2),
	(1458, 433, 4),
	(1457, 433, 6),
	(1456, 433, 7),
	(1460, 433, 10),
	(1463, 434, 5),
	(1464, 434, 6),
	(1461, 434, 7),
	(1462, 434, 10),
	(1467, 435, 5),
	(1468, 435, 6),
	(1465, 435, 7),
	(1466, 435, 10),
	(1469, 436, 8),
	(1470, 437, 2),
	(1471, 437, 8),
	(1474, 438, 6),
	(1473, 438, 7),
	(1472, 438, 10),
	(1477, 439, 2),
	(1476, 439, 4),
	(1478, 439, 7),
	(1475, 439, 8),
	(1480, 440, 2),
	(1482, 440, 7),
	(1479, 440, 8),
	(1481, 440, 9),
	(1484, 441, 2),
	(1485, 441, 4),
	(1486, 441, 7),
	(1483, 441, 8),
	(1488, 442, 2),
	(1490, 442, 7),
	(1487, 442, 8),
	(1489, 442, 9),
	(1492, 443, 2),
	(1494, 443, 7),
	(1491, 443, 8),
	(1493, 443, 9),
	(1497, 444, 2),
	(1498, 444, 7),
	(1495, 444, 8),
	(1496, 444, 9),
	(1501, 445, 2),
	(1502, 445, 7),
	(1499, 445, 8),
	(1500, 445, 9),
	(1507, 446, 2),
	(1506, 446, 6),
	(1505, 446, 7),
	(1504, 446, 8),
	(1503, 446, 9),
	(1512, 447, 2),
	(1511, 447, 6),
	(1510, 447, 7),
	(1509, 447, 8),
	(1508, 447, 9),
	(1516, 448, 2),
	(1514, 448, 7),
	(1513, 448, 8),
	(1515, 448, 10),
	(1520, 449, 2),
	(1518, 449, 7),
	(1517, 449, 8),
	(1519, 449, 10),
	(1522, 450, 2),
	(1521, 450, 8),
	(1524, 451, 2),
	(1523, 451, 8),
	(1528, 452, 2),
	(1527, 452, 7),
	(1525, 452, 8),
	(1526, 452, 9),
	(1532, 453, 2),
	(1531, 453, 7),
	(1529, 453, 8),
	(1530, 453, 9),
	(1536, 454, 2),
	(1535, 454, 7),
	(1533, 454, 8),
	(1534, 454, 9),
	(1540, 455, 2),
	(1539, 455, 7),
	(1537, 455, 8),
	(1538, 455, 9),
	(1544, 456, 2),
	(1543, 456, 6),
	(1541, 456, 8),
	(1542, 456, 9),
	(1548, 457, 2),
	(1547, 457, 6),
	(1545, 457, 8),
	(1546, 457, 9),
	(1552, 458, 2),
	(1551, 458, 6),
	(1549, 458, 8),
	(1550, 458, 9),
	(1553, 459, 8),
	(1554, 459, 9),
	(1555, 460, 8),
	(1556, 460, 9),
	(1558, 461, 2),
	(1559, 461, 4),
	(1557, 461, 8),
	(1564, 462, 2),
	(1561, 462, 4),
	(1562, 462, 7),
	(1560, 462, 8),
	(1563, 462, 10),
	(1569, 463, 2),
	(1566, 463, 4),
	(1567, 463, 7),
	(1565, 463, 8),
	(1568, 463, 10),
	(1574, 464, 2),
	(1571, 464, 4),
	(1572, 464, 7),
	(1570, 464, 8),
	(1573, 464, 10),
	(1576, 465, 2),
	(1577, 465, 4),
	(1575, 465, 8),
	(1579, 466, 2),
	(1580, 466, 4),
	(1578, 466, 8),
	(1582, 467, 2),
	(1583, 467, 4),
	(1581, 467, 8),
	(1587, 468, 7),
	(1584, 468, 8),
	(1585, 468, 9),
	(1586, 468, 10),
	(1590, 469, 2),
	(1591, 469, 7),
	(1588, 469, 8),
	(1592, 469, 9),
	(1589, 469, 10),
	(1595, 470, 1),
	(1596, 470, 2),
	(1597, 470, 7),
	(1593, 470, 8),
	(1598, 470, 9),
	(1594, 470, 10),
	(1601, 471, 1),
	(1602, 471, 2),
	(1603, 471, 7),
	(1599, 471, 8),
	(1604, 471, 9),
	(1600, 471, 10),
	(1607, 472, 1),
	(1608, 472, 2),
	(1609, 472, 7),
	(1605, 472, 8),
	(1610, 472, 9),
	(1606, 472, 10),
	(1613, 473, 1),
	(1614, 473, 2),
	(1615, 473, 7),
	(1611, 473, 8),
	(1616, 473, 9),
	(1612, 473, 10),
	(1621, 474, 2),
	(1618, 474, 4),
	(1619, 474, 7),
	(1617, 474, 8),
	(1620, 474, 10),
	(1624, 475, 2),
	(1622, 475, 8),
	(1623, 475, 9),
	(1627, 476, 2),
	(1625, 476, 8),
	(1626, 476, 9),
	(1630, 477, 2),
	(1628, 477, 8),
	(1629, 477, 9),
	(1633, 478, 2),
	(1632, 478, 7),
	(1631, 478, 8),
	(1634, 478, 10),
	(1638, 479, 7),
	(1635, 479, 8),
	(1637, 479, 9),
	(1636, 479, 10),
	(1642, 480, 7),
	(1639, 480, 8),
	(1641, 480, 9),
	(1640, 480, 10),
	(1643, 481, 8),
	(1644, 481, 9),
	(1650, 482, 2),
	(1648, 482, 4),
	(1646, 482, 5),
	(1649, 482, 7),
	(1645, 482, 8),
	(1651, 482, 9),
	(1647, 482, 10),
	(1653, 483, 2),
	(1654, 483, 4),
	(1652, 483, 8),
	(1655, 483, 10),
	(1657, 484, 2),
	(1658, 484, 4),
	(1656, 484, 8),
	(1659, 484, 10),
	(1661, 485, 2),
	(1662, 485, 4),
	(1660, 485, 8),
	(1663, 485, 10),
	(1665, 486, 4),
	(1664, 486, 8),
	(1667, 487, 4),
	(1666, 487, 8),
	(1670, 488, 2),
	(1668, 488, 6),
	(1671, 488, 7),
	(1669, 488, 10),
	(1673, 489, 2),
	(1674, 489, 4),
	(1675, 489, 7),
	(1672, 489, 10),
	(1678, 490, 2),
	(1676, 490, 6),
	(1679, 490, 7),
	(1677, 490, 10),
	(1682, 491, 2),
	(1680, 491, 6),
	(1683, 491, 7),
	(1681, 491, 10),
	(1685, 492, 2),
	(1684, 492, 6),
	(1686, 492, 7),
	(1688, 493, 4),
	(1687, 493, 6),
	(1689, 493, 7),
	(1693, 494, 2),
	(1691, 494, 6),
	(1694, 494, 7),
	(1690, 494, 8),
	(1692, 494, 10),
	(1696, 495, 6),
	(1698, 495, 7),
	(1695, 495, 8),
	(1697, 495, 9),
	(1700, 496, 2),
	(1702, 496, 7),
	(1701, 496, 9),
	(1699, 496, 10),
	(1703, 497, 8),
	(1704, 497, 9),
	(1706, 498, 2),
	(1708, 498, 3),
	(1707, 498, 7),
	(1705, 498, 8),
	(1711, 499, 5),
	(1712, 499, 6),
	(1709, 499, 7),
	(1710, 499, 10),
	(1713, 500, 2),
	(1714, 500, 8),
	(1717, 501, 2),
	(1716, 501, 6),
	(1718, 501, 7),
	(1715, 501, 8),
	(1720, 502, 2),
	(1721, 502, 4),
	(1719, 502, 8),
	(1722, 503, 9),
	(1723, 504, 9),
	(1727, 505, 2),
	(1726, 505, 6),
	(1724, 505, 8),
	(1725, 505, 9),
	(1728, 506, 8),
	(1729, 506, 9),
	(1730, 507, 8),
	(1731, 507, 9),
	(1736, 508, 2),
	(1733, 508, 4),
	(1734, 508, 7),
	(1732, 508, 8),
	(1735, 508, 10),
	(1741, 509, 2),
	(1742, 509, 4),
	(1739, 509, 7),
	(1737, 509, 8),
	(1738, 509, 9),
	(1740, 509, 10),
	(1747, 510, 2),
	(1748, 510, 4),
	(1745, 510, 7),
	(1743, 510, 8),
	(1744, 510, 9),
	(1746, 510, 10),
	(1751, 511, 2),
	(1750, 511, 8),
	(1749, 511, 9),
	(1757, 512, 2),
	(1755, 512, 4),
	(1754, 512, 6),
	(1756, 512, 7),
	(1752, 512, 8),
	(1753, 512, 10),
	(1763, 513, 2),
	(1761, 513, 4),
	(1760, 513, 6),
	(1762, 513, 7),
	(1758, 513, 8),
	(1759, 513, 10),
	(1765, 514, 2),
	(1764, 514, 8),
	(1766, 514, 9),
	(1768, 515, 2),
	(1767, 515, 8),
	(1769, 515, 9),
	(1771, 516, 2),
	(1770, 516, 8),
	(1772, 516, 9),
	(1773, 517, 2),
	(1774, 517, 7),
	(1775, 517, 10),
	(1776, 518, 2),
	(1777, 518, 7),
	(1778, 518, 10),
	(1779, 519, 2),
	(1780, 519, 7),
	(1781, 519, 10),
	(1784, 520, 2),
	(1785, 520, 7),
	(1782, 520, 8),
	(1783, 520, 10),
	(1787, 521, 6),
	(1786, 521, 7),
	(1788, 521, 8),
	(1790, 522, 6),
	(1789, 522, 7),
	(1791, 522, 8),
	(1793, 523, 6),
	(1792, 523, 7),
	(1794, 523, 8),
	(1796, 524, 2),
	(1795, 524, 8),
	(1798, 525, 2),
	(1797, 525, 8),
	(1800, 526, 2),
	(1799, 526, 8),
	(1801, 527, 8),
	(1802, 527, 9),
	(1803, 528, 8),
	(1804, 528, 9),
	(1805, 529, 2),
	(1807, 530, 2),
	(1806, 530, 8),
	(1808, 530, 9),
	(1810, 531, 2),
	(1809, 531, 8),
	(1811, 531, 9),
	(1814, 532, 2),
	(1812, 532, 8),
	(1813, 532, 10),
	(1816, 533, 6),
	(1815, 533, 7),
	(1817, 533, 8),
	(1819, 534, 2),
	(1818, 534, 8),
	(1822, 535, 2),
	(1820, 535, 6),
	(1823, 535, 7),
	(1821, 535, 10),
	(1825, 536, 2),
	(1824, 536, 6),
	(1827, 537, 2),
	(1826, 537, 6),
	(1829, 537, 7),
	(1828, 537, 10),
	(1831, 538, 2),
	(1832, 538, 7),
	(1830, 538, 8),
	(1834, 539, 2),
	(1833, 539, 8),
	(1836, 540, 2),
	(1837, 540, 7),
	(1835, 540, 8),
	(1839, 541, 2),
	(1841, 541, 7),
	(1838, 541, 8),
	(1840, 541, 10),
	(1843, 542, 7),
	(1842, 542, 10),
	(1844, 543, 2),
	(1846, 543, 7),
	(1845, 543, 10),
	(1849, 544, 2),
	(1847, 544, 8),
	(1848, 544, 10),
	(1852, 545, 2),
	(1850, 545, 8),
	(1851, 545, 10),
	(1853, 546, 5),
	(1854, 547, 2),
	(1857, 548, 2),
	(1855, 548, 8),
	(1856, 548, 9),
	(1860, 549, 2),
	(1858, 549, 8),
	(1859, 549, 9),
	(1861, 550, 8),
	(1863, 551, 8),
	(1862, 551, 10),
	(1867, 552, 7),
	(1864, 552, 8),
	(1865, 552, 9),
	(1866, 552, 10),
	(1868, 553, 2),
	(1870, 553, 7),
	(1869, 553, 10),
	(1871, 554, 2),
	(1873, 554, 7),
	(1872, 554, 10),
	(1874, 555, 8),
	(1877, 556, 2),
	(1875, 556, 8),
	(1876, 556, 9),
	(1879, 557, 2),
	(1878, 557, 8),
	(1881, 558, 2),
	(1880, 558, 8),
	(1882, 559, 8),
	(1883, 559, 9),
	(1886, 560, 2),
	(1887, 560, 3),
	(1885, 560, 6),
	(1884, 560, 8),
	(1889, 561, 2),
	(1888, 561, 8),
	(1891, 562, 2),
	(1893, 562, 7),
	(1890, 562, 8),
	(1892, 562, 10),
	(1896, 563, 7),
	(1894, 563, 8),
	(1895, 563, 9),
	(1899, 564, 7),
	(1897, 564, 8),
	(1898, 564, 9),
	(1901, 565, 2),
	(1902, 565, 7),
	(1900, 565, 8),
	(1905, 566, 2),
	(1904, 566, 6),
	(1903, 566, 7),
	(1906, 566, 10),
	(1907, 567, 6),
	(1908, 567, 7),
	(1909, 567, 10),
	(1912, 568, 2),
	(1911, 568, 8),
	(1910, 568, 9),
	(1914, 569, 2),
	(1913, 569, 8),
	(1915, 569, 9),
	(1917, 570, 2),
	(1916, 570, 8),
	(1918, 570, 9),
	(1920, 571, 7),
	(1919, 571, 10),
	(1922, 572, 2),
	(1921, 572, 8),
	(1926, 573, 2),
	(1925, 573, 6),
	(1923, 573, 8),
	(1924, 573, 9),
	(1929, 574, 2),
	(1927, 574, 4),
	(1928, 574, 8),
	(1930, 574, 10),
	(1931, 575, 2),
	(1932, 575, 7),
	(1933, 575, 10),
	(1936, 576, 4),
	(1934, 576, 6),
	(1937, 576, 7),
	(1935, 576, 10),
	(1941, 577, 2),
	(1939, 577, 5),
	(1938, 577, 8),
	(1940, 577, 10),
	(1943, 578, 2),
	(1942, 578, 8),
	(1944, 579, 8),
	(1947, 580, 2),
	(1948, 580, 6),
	(1945, 580, 7),
	(1946, 580, 10),
	(1952, 581, 4),
	(1951, 581, 6),
	(1949, 581, 7),
	(1950, 581, 10),
	(1955, 582, 5),
	(1956, 582, 6),
	(1953, 582, 7),
	(1954, 582, 10),
	(1957, 583, 2),
	(1958, 583, 8),
	(1959, 584, 2),
	(1960, 584, 8),
	(1963, 585, 6),
	(1962, 585, 7),
	(1961, 585, 10),
	(1966, 586, 2),
	(1965, 586, 6),
	(1964, 586, 7),
	(1967, 586, 10),
	(1969, 587, 2),
	(1971, 587, 7),
	(1968, 587, 8),
	(1970, 587, 9),
	(1973, 588, 2),
	(1974, 588, 4),
	(1975, 588, 7),
	(1972, 588, 8),
	(1977, 589, 2),
	(1979, 589, 7),
	(1976, 589, 8),
	(1978, 589, 9),
	(1980, 590, 2),
	(1983, 590, 3),
	(1981, 590, 4),
	(1982, 590, 7),
	(1986, 591, 2),
	(1985, 591, 6),
	(1987, 591, 7),
	(1984, 591, 8),
	(1990, 592, 2),
	(1989, 592, 6),
	(1991, 592, 7),
	(1988, 592, 8),
	(1992, 593, 8),
	(1993, 593, 9),
	(1994, 594, 8),
	(1995, 594, 9),
	(1998, 595, 7),
	(1996, 595, 8),
	(1997, 595, 10),
	(1999, 596, 8),
	(2003, 597, 2),
	(2001, 597, 6),
	(2004, 597, 7),
	(2000, 597, 8),
	(2002, 597, 10),
	(2008, 598, 2),
	(2007, 598, 6),
	(2005, 598, 8),
	(2006, 598, 9),
	(2014, 599, 2),
	(2012, 599, 4),
	(2010, 599, 5),
	(2013, 599, 7),
	(2009, 599, 8),
	(2015, 599, 9),
	(2011, 599, 10),
	(2017, 600, 2),
	(2018, 600, 4),
	(2016, 600, 8),
	(2021, 601, 1),
	(2022, 601, 2),
	(2023, 601, 7),
	(2019, 601, 8),
	(2024, 601, 9),
	(2020, 601, 10),
	(2026, 602, 7),
	(2025, 602, 10),
	(2030, 603, 2),
	(2028, 603, 6),
	(2031, 603, 7),
	(2027, 603, 8),
	(2029, 603, 10),
	(2033, 604, 2),
	(2032, 604, 6),
	(2034, 604, 7),
	(2038, 605, 2),
	(2036, 605, 6),
	(2039, 605, 7),
	(2035, 605, 8),
	(2037, 605, 10),
	(2041, 606, 6),
	(2043, 606, 7),
	(2040, 606, 8),
	(2042, 606, 10),
	(2045, 607, 6),
	(2047, 607, 7),
	(2044, 607, 8),
	(2046, 607, 9),
	(2049, 608, 2),
	(2051, 608, 7),
	(2048, 608, 8),
	(2050, 608, 9),
	(2053, 609, 2),
	(2052, 609, 8),
	(2054, 609, 9),
	(2056, 610, 2),
	(2057, 610, 7),
	(2055, 610, 8),
	(2059, 611, 2),
	(2060, 611, 7),
	(2058, 611, 8),
	(2061, 612, 2),
	(2062, 612, 8),
	(2065, 613, 2),
	(2064, 613, 7),
	(2063, 613, 8),
	(2066, 613, 10),
	(2070, 614, 7),
	(2067, 614, 8),
	(2069, 614, 9),
	(2068, 614, 10),
	(2073, 615, 1),
	(2074, 615, 2),
	(2075, 615, 7),
	(2071, 615, 8),
	(2076, 615, 9),
	(2072, 615, 10),
	(2079, 616, 2),
	(2077, 616, 8),
	(2078, 616, 10),
	(2081, 617, 7),
	(2080, 617, 8),
	(2082, 617, 10),
	(2085, 618, 2),
	(2083, 618, 8),
	(2084, 618, 9),
	(2086, 619, 2),
	(2088, 619, 7),
	(2087, 619, 10),
	(2091, 620, 2),
	(2089, 620, 8),
	(2090, 620, 10),
	(2092, 621, 2),
	(2093, 621, 8),
	(2094, 622, 8),
	(2096, 623, 2),
	(2095, 623, 8),
	(2097, 623, 9),
	(2099, 624, 7),
	(2098, 624, 8),
	(2100, 625, 9),
	(2104, 626, 2),
	(2103, 626, 7),
	(2102, 626, 8),
	(2101, 626, 9),
	(2108, 627, 2),
	(2106, 627, 7),
	(2105, 627, 8),
	(2107, 627, 10),
	(2109, 628, 8),
	(2110, 628, 9),
	(2116, 629, 2),
	(2114, 629, 4),
	(2112, 629, 5),
	(2115, 629, 7),
	(2111, 629, 8),
	(2117, 629, 9),
	(2113, 629, 10),
	(2119, 630, 2),
	(2120, 630, 4),
	(2118, 630, 8),
	(2125, 631, 2),
	(2122, 631, 4),
	(2123, 631, 7),
	(2121, 631, 8),
	(2124, 631, 10),
	(2128, 632, 2),
	(2127, 632, 8),
	(2126, 632, 9),
	(2129, 633, 8),
	(2134, 634, 2),
	(2135, 634, 4),
	(2132, 634, 7),
	(2130, 634, 8),
	(2131, 634, 9),
	(2133, 634, 10),
	(2137, 635, 2),
	(2139, 635, 7),
	(2136, 635, 8),
	(2138, 635, 10),
	(2141, 636, 2),
	(2140, 636, 8),
	(2142, 636, 9),
	(2143, 637, 8),
	(2144, 637, 9),
	(2148, 638, 2),
	(2147, 638, 7),
	(2146, 638, 8),
	(2145, 638, 9),
	(2153, 639, 2),
	(2150, 639, 4),
	(2151, 639, 7),
	(2149, 639, 8),
	(2152, 639, 10),
	(2154, 640, 2),
	(2158, 641, 2),
	(2157, 641, 7),
	(2155, 641, 8),
	(2156, 641, 9),
	(2159, 642, 8),
	(2160, 642, 9),
	(2162, 643, 2),
	(2163, 643, 4),
	(2161, 643, 8),
	(2168, 644, 2),
	(2169, 644, 4),
	(2167, 644, 6),
	(2166, 644, 7),
	(2164, 644, 8),
	(2165, 644, 10),
	(2171, 645, 2),
	(2170, 645, 8),
	(2174, 646, 2),
	(2172, 646, 8),
	(2173, 646, 9),
	(2175, 647, 6),
	(2177, 647, 7),
	(2176, 647, 10),
	(2180, 648, 2),
	(2179, 648, 6),
	(2178, 648, 7),
	(2181, 648, 10),
	(2186, 649, 2),
	(2183, 649, 4),
	(2184, 649, 7),
	(2182, 649, 8),
	(2185, 649, 10),
	(2188, 650, 2),
	(2187, 650, 8),
	(2189, 650, 9),
	(2191, 651, 2),
	(2190, 651, 8),
	(2194, 652, 2),
	(2192, 652, 6),
	(2195, 652, 7),
	(2193, 652, 10),
	(2198, 653, 2),
	(2196, 653, 6),
	(2197, 653, 10),
	(2200, 654, 2),
	(2199, 654, 10),
	(2202, 655, 2),
	(2204, 655, 7),
	(2201, 655, 8),
	(2203, 655, 9),
	(2206, 656, 2),
	(2208, 656, 7),
	(2205, 656, 8),
	(2207, 656, 9),
	(2209, 657, 8),
	(2213, 658, 2),
	(2212, 658, 7),
	(2211, 658, 8),
	(2210, 658, 9),
	(2217, 659, 2),
	(2216, 659, 6),
	(2214, 659, 8),
	(2215, 659, 9),
	(2219, 660, 7),
	(2218, 660, 10),
	(2221, 661, 7),
	(2220, 661, 10),
	(2225, 662, 2),
	(2224, 662, 7),
	(2223, 662, 8),
	(2222, 662, 9),
	(2229, 663, 2),
	(2228, 663, 7),
	(2227, 663, 8),
	(2226, 663, 9),
	(2233, 664, 2),
	(2232, 664, 7),
	(2231, 664, 8),
	(2230, 664, 9),
	(2238, 665, 2),
	(2237, 665, 6),
	(2236, 665, 7),
	(2235, 665, 8),
	(2234, 665, 9),
	(2242, 666, 2),
	(2241, 666, 6),
	(2239, 666, 8),
	(2240, 666, 9),
	(2246, 667, 2),
	(2245, 667, 6),
	(2243, 667, 8),
	(2244, 667, 9),
	(2247, 668, 8),
	(2248, 668, 9),
	(2249, 669, 8),
	(2250, 669, 9),
	(2256, 670, 2),
	(2254, 670, 4),
	(2252, 670, 5),
	(2255, 670, 7),
	(2251, 670, 8),
	(2257, 670, 9),
	(2253, 670, 10),
	(2259, 671, 2),
	(2260, 671, 4),
	(2258, 671, 8),
	(2261, 671, 10),
	(2263, 672, 2),
	(2264, 672, 4),
	(2262, 672, 8),
	(2265, 672, 10),
	(2267, 673, 2),
	(2268, 673, 4),
	(2266, 673, 8),
	(2269, 673, 10),
	(2271, 674, 4),
	(2270, 674, 8),
	(2273, 675, 4),
	(2272, 675, 8),
	(2275, 676, 2),
	(2276, 676, 4),
	(2274, 676, 8),
	(2278, 677, 2),
	(2279, 677, 4),
	(2277, 677, 8),
	(2282, 678, 2),
	(2281, 678, 8),
	(2280, 678, 9),
	(2285, 679, 2),
	(2284, 679, 8),
	(2283, 679, 9),
	(2288, 680, 2),
	(2286, 680, 4),
	(2287, 680, 8),
	(2289, 680, 10),
	(2292, 681, 2),
	(2293, 681, 6),
	(2290, 681, 8),
	(2291, 681, 9),
	(2298, 682, 2),
	(2299, 682, 4),
	(2296, 682, 7),
	(2294, 682, 8),
	(2295, 682, 9),
	(2297, 682, 10),
	(2304, 683, 2),
	(2305, 683, 4),
	(2302, 683, 7),
	(2300, 683, 8),
	(2301, 683, 9),
	(2303, 683, 10),
	(2310, 684, 2),
	(2311, 684, 4),
	(2308, 684, 7),
	(2306, 684, 8),
	(2307, 684, 9),
	(2309, 684, 10),
	(2316, 685, 2),
	(2317, 685, 4),
	(2314, 685, 7),
	(2312, 685, 8),
	(2313, 685, 9),
	(2315, 685, 10),
	(2320, 686, 2),
	(2319, 686, 8),
	(2318, 686, 9),
	(2325, 687, 2),
	(2326, 687, 4),
	(2324, 687, 6),
	(2323, 687, 7),
	(2321, 687, 8),
	(2322, 687, 10),
	(2332, 688, 2),
	(2330, 688, 4),
	(2329, 688, 6),
	(2331, 688, 7),
	(2327, 688, 8),
	(2328, 688, 10),
	(2335, 689, 2),
	(2336, 689, 7),
	(2333, 689, 8),
	(2334, 689, 10),
	(2341, 690, 2),
	(2342, 690, 4),
	(2339, 690, 7),
	(2337, 690, 8),
	(2338, 690, 9),
	(2340, 690, 10),
	(2347, 691, 2),
	(2348, 691, 4),
	(2346, 691, 6),
	(2345, 691, 7),
	(2343, 691, 8),
	(2344, 691, 10),
	(2351, 692, 2),
	(2350, 692, 4),
	(2349, 692, 8),
	(2355, 693, 7),
	(2352, 693, 8),
	(2353, 693, 9),
	(2354, 693, 10),
	(2358, 694, 2),
	(2356, 694, 8),
	(2357, 694, 9),
	(2362, 695, 2),
	(2360, 695, 6),
	(2363, 695, 7),
	(2359, 695, 8),
	(2361, 695, 10),
	(2367, 696, 2),
	(2368, 696, 4),
	(2365, 696, 6),
	(2369, 696, 7),
	(2364, 696, 8),
	(2366, 696, 10),
	(2372, 697, 5),
	(2373, 697, 6),
	(2370, 697, 7),
	(2371, 697, 10),
	(2379, 698, 2),
	(2377, 698, 4),
	(2376, 698, 6),
	(2378, 698, 7),
	(2374, 698, 8),
	(2375, 698, 10),
	(2385, 699, 2),
	(2383, 699, 4),
	(2382, 699, 6),
	(2384, 699, 7),
	(2380, 699, 8),
	(2381, 699, 10),
	(2390, 700, 2),
	(2387, 700, 4),
	(2388, 700, 7),
	(2386, 700, 8),
	(2389, 700, 10),
	(2394, 701, 2),
	(2392, 701, 6),
	(2395, 701, 7),
	(2391, 701, 8),
	(2393, 701, 10),
	(2399, 702, 2),
	(2398, 702, 6),
	(2396, 702, 8),
	(2397, 702, 9),
	(2402, 703, 2),
	(2403, 703, 7),
	(2400, 703, 8),
	(2401, 703, 9),
	(2405, 704, 2),
	(2404, 704, 8),
	(2406, 704, 9),
	(2409, 705, 5),
	(2410, 705, 6),
	(2407, 705, 7),
	(2408, 705, 10),
	(2415, 706, 2),
	(2414, 706, 6),
	(2413, 706, 7),
	(2412, 706, 8),
	(2411, 706, 9),
	(2417, 707, 2),
	(2418, 707, 4),
	(2416, 707, 8),
	(2419, 707, 10),
	(2424, 708, 2),
	(2425, 708, 4),
	(2423, 708, 6),
	(2422, 708, 7),
	(2420, 708, 8),
	(2421, 708, 10),
	(2428, 709, 2),
	(2429, 709, 7),
	(2426, 709, 8),
	(2427, 709, 10),
	(2432, 710, 2),
	(2431, 710, 7),
	(2430, 710, 8),
	(2433, 710, 10),
	(2437, 711, 2),
	(2438, 711, 4),
	(2435, 711, 6),
	(2439, 711, 7),
	(2434, 711, 8),
	(2436, 711, 10),
	(2444, 712, 2),
	(2445, 712, 4),
	(2442, 712, 7),
	(2440, 712, 8),
	(2441, 712, 9),
	(2443, 712, 10),
	(2447, 713, 2),
	(2446, 713, 8),
	(2449, 714, 2),
	(2448, 714, 8),
	(2451, 715, 2),
	(2452, 715, 4),
	(2453, 715, 7),
	(2450, 715, 8),
	(2455, 716, 7),
	(2454, 716, 8),
	(2456, 716, 10),
	(2460, 717, 7),
	(2457, 717, 8),
	(2459, 717, 9),
	(2458, 717, 10),
	(2461, 718, 8),
	(2464, 719, 2),
	(2462, 719, 6),
	(2465, 719, 7),
	(2463, 719, 10),
	(2468, 720, 6),
	(2467, 720, 7),
	(2466, 720, 10),
	(2469, 721, 8),
	(2470, 721, 9),
	(2473, 722, 2),
	(2474, 722, 6),
	(2471, 722, 7),
	(2472, 722, 10),
	(2477, 723, 7),
	(2475, 723, 8),
	(2476, 723, 9),
	(2478, 724, 9),
	(2482, 725, 2),
	(2481, 725, 7),
	(2480, 725, 8),
	(2479, 725, 9),
	(2486, 726, 2),
	(2485, 726, 7),
	(2484, 726, 8),
	(2483, 726, 9),
	(2490, 727, 2),
	(2489, 727, 7),
	(2488, 727, 8),
	(2487, 727, 9),
	(2494, 728, 2),
	(2492, 728, 7),
	(2491, 728, 8),
	(2493, 728, 10),
	(2498, 729, 2),
	(2496, 729, 7),
	(2495, 729, 8),
	(2497, 729, 10),
	(2499, 730, 8),
	(2500, 730, 9),
	(2505, 731, 2),
	(2502, 731, 4),
	(2503, 731, 7),
	(2501, 731, 8),
	(2504, 731, 10),
	(2508, 732, 2),
	(2509, 732, 6),
	(2506, 732, 8),
	(2507, 732, 9),
	(2510, 733, 6),
	(2511, 733, 7),
	(2515, 734, 2),
	(2513, 734, 6),
	(2516, 734, 7),
	(2512, 734, 8),
	(2514, 734, 10),
	(2518, 735, 2),
	(2519, 735, 7),
	(2517, 735, 8),
	(2521, 736, 2),
	(2522, 736, 7),
	(2520, 736, 8),
	(2526, 737, 4),
	(2525, 737, 6),
	(2523, 737, 7),
	(2524, 737, 10),
	(2529, 738, 2),
	(2528, 738, 6),
	(2530, 738, 7),
	(2527, 738, 8),
	(2532, 739, 2),
	(2533, 739, 4),
	(2531, 739, 8),
	(2536, 740, 2),
	(2535, 740, 8),
	(2534, 740, 9),
	(2539, 741, 2),
	(2537, 741, 8),
	(2538, 741, 10),
	(2542, 742, 2),
	(2540, 742, 6),
	(2543, 742, 7),
	(2541, 742, 10),
	(2544, 743, 4),
	(2545, 743, 10),
	(2546, 744, 8),
	(2547, 744, 9),
	(2548, 745, 2),
	(2549, 745, 7),
	(2550, 745, 10),
	(2552, 746, 2),
	(2553, 746, 6),
	(2551, 746, 7),
	(2554, 746, 10),
	(2556, 747, 2),
	(2557, 747, 4),
	(2555, 747, 6),
	(2558, 748, 2),
	(2559, 748, 4),
	(2560, 748, 7),
	(2561, 749, 4),
	(2562, 750, 2),
	(2564, 750, 7),
	(2563, 750, 10),
	(2565, 751, 8),
	(2567, 752, 2),
	(2566, 752, 8),
	(2568, 753, 2),
	(2569, 753, 6),
	(2570, 753, 7),
	(2571, 753, 10),
	(2575, 754, 2),
	(2574, 754, 7),
	(2573, 754, 8),
	(2572, 754, 9),
	(2577, 755, 6),
	(2576, 755, 7),
	(2578, 755, 8),
	(2581, 756, 2),
	(2582, 756, 4),
	(2580, 756, 6),
	(2583, 756, 7),
	(2579, 756, 8),
	(2585, 757, 7),
	(2584, 757, 10),
	(2588, 758, 2),
	(2586, 758, 6),
	(2589, 758, 7),
	(2587, 758, 10),
	(2590, 759, 8),
	(2591, 759, 10),
	(2592, 760, 6),
	(2593, 760, 10),
	(2594, 761, 2),
	(2596, 761, 4),
	(2597, 761, 7),
	(2595, 761, 10),
	(2598, 762, 9),
	(2600, 763, 2),
	(2602, 763, 7),
	(2599, 763, 8),
	(2601, 763, 10),
	(2607, 764, 2),
	(2604, 764, 6),
	(2608, 764, 7),
	(2603, 764, 8),
	(2605, 764, 9),
	(2606, 764, 10),
	(2609, 765, 8),
	(2610, 765, 9),
	(2612, 766, 2),
	(2613, 766, 4),
	(2611, 766, 8),
	(2614, 766, 10),
	(2615, 767, 8),
	(2616, 767, 9),
	(2618, 768, 7),
	(2617, 768, 10),
	(2622, 769, 2),
	(2621, 769, 6),
	(2619, 769, 8),
	(2620, 769, 9),
	(2628, 770, 2),
	(2626, 770, 4),
	(2625, 770, 6),
	(2627, 770, 7),
	(2623, 770, 8),
	(2624, 770, 10),
	(2632, 771, 2),
	(2631, 771, 7),
	(2630, 771, 8),
	(2629, 771, 9),
	(2636, 772, 7),
	(2633, 772, 8),
	(2634, 772, 9),
	(2635, 772, 10),
	(2639, 773, 2),
	(2637, 773, 6),
	(2640, 773, 7),
	(2638, 773, 10),
	(2646, 774, 2),
	(2644, 774, 4),
	(2643, 774, 6),
	(2645, 774, 7),
	(2641, 774, 8),
	(2642, 774, 10),
	(2647, 775, 2),
	(2648, 775, 4),
	(2649, 775, 7),
	(2652, 776, 4),
	(2650, 776, 6),
	(2653, 776, 7),
	(2651, 776, 10),
	(2655, 777, 2),
	(2656, 777, 4),
	(2657, 777, 7),
	(2654, 777, 10),
	(2659, 778, 2),
	(2660, 778, 4),
	(2658, 778, 6),
	(2662, 779, 7),
	(2661, 779, 10),
	(2664, 780, 2),
	(2663, 780, 6),
	(2666, 780, 7),
	(2665, 780, 10),
	(2668, 781, 2),
	(2667, 781, 6),
	(2669, 781, 7),
	(2672, 782, 2),
	(2670, 782, 6),
	(2673, 782, 7),
	(2671, 782, 10),
	(2674, 783, 5),
	(2675, 783, 8),
	(2676, 783, 10),
	(2679, 784, 2),
	(2678, 784, 6),
	(2680, 784, 7),
	(2677, 784, 8),
	(2682, 785, 4),
	(2683, 785, 7),
	(2681, 785, 10),
	(2684, 786, 6),
	(2685, 786, 7),
	(2688, 787, 2),
	(2686, 787, 6),
	(2689, 787, 7),
	(2687, 787, 10),
	(2692, 788, 2),
	(2690, 788, 6),
	(2693, 788, 7),
	(2691, 788, 10),
	(2695, 789, 7),
	(2694, 789, 10),
	(2698, 790, 2),
	(2696, 790, 6),
	(2699, 790, 7),
	(2697, 790, 10),
	(2702, 791, 2),
	(2701, 791, 6),
	(2703, 791, 7),
	(2700, 791, 8),
	(2705, 792, 2),
	(2706, 792, 4),
	(2704, 792, 8),
	(2712, 793, 2),
	(2710, 793, 4),
	(2709, 793, 6),
	(2711, 793, 7),
	(2707, 793, 8),
	(2708, 793, 10),
	(2715, 794, 2),
	(2714, 794, 7),
	(2713, 794, 8),
	(2716, 794, 10),
	(2720, 795, 2),
	(2721, 795, 4),
	(2718, 795, 5),
	(2717, 795, 8),
	(2719, 795, 10),
	(2723, 796, 2),
	(2722, 796, 6),
	(2724, 796, 7),
	(2727, 797, 2),
	(2726, 797, 6),
	(2729, 797, 7),
	(2725, 797, 8),
	(2728, 797, 9),
	(2731, 798, 2),
	(2733, 798, 7),
	(2730, 798, 8),
	(2732, 798, 10),
	(2736, 799, 2),
	(2734, 799, 6),
	(2737, 799, 7),
	(2735, 799, 10),
	(2738, 800, 8),
	(2739, 800, 9),
	(2741, 801, 7),
	(2740, 801, 8),
	(2743, 802, 2),
	(2742, 802, 8),
	(2746, 803, 2),
	(2745, 803, 6),
	(2747, 803, 7),
	(2744, 803, 8),
	(2749, 804, 7),
	(2748, 804, 8),
	(2751, 805, 2),
	(2753, 805, 7),
	(2750, 805, 8),
	(2752, 805, 10),
	(2755, 806, 2),
	(2754, 806, 8),
	(2756, 807, 4),
	(2757, 808, 8),
	(2758, 808, 10),
	(2760, 809, 7),
	(2759, 809, 8),
	(2761, 809, 10),
	(2764, 810, 2),
	(2762, 810, 8),
	(2763, 810, 9),
	(2766, 811, 2),
	(2765, 811, 8),
	(2768, 812, 7),
	(2767, 812, 10),
	(2772, 813, 4),
	(2771, 813, 6),
	(2769, 813, 7),
	(2770, 813, 10),
	(2775, 814, 2),
	(2776, 814, 6),
	(2773, 814, 8),
	(2774, 814, 9),
	(2777, 815, 8),
	(2780, 816, 2),
	(2781, 816, 7),
	(2778, 816, 8),
	(2779, 816, 10),
	(2784, 817, 2),
	(2783, 817, 8),
	(2782, 817, 9),
	(2790, 818, 2),
	(2788, 818, 4),
	(2787, 818, 6),
	(2789, 818, 7),
	(2785, 818, 8),
	(2786, 818, 10),
	(2793, 819, 5),
	(2794, 819, 6),
	(2791, 819, 7),
	(2792, 819, 10),
	(2796, 820, 2),
	(2797, 820, 4),
	(2795, 820, 8),
	(2802, 821, 2),
	(2803, 821, 4),
	(2801, 821, 6),
	(2800, 821, 7),
	(2798, 821, 8),
	(2799, 821, 10),
	(2806, 822, 2),
	(2804, 822, 6),
	(2807, 822, 7),
	(2805, 822, 10),
	(2810, 823, 1),
	(2811, 823, 2),
	(2812, 823, 7),
	(2808, 823, 8),
	(2813, 823, 9),
	(2809, 823, 10),
	(2816, 824, 2),
	(2814, 824, 8),
	(2815, 824, 10),
	(2820, 825, 7),
	(2817, 825, 8),
	(2819, 825, 9),
	(2818, 825, 10),
	(2822, 826, 2),
	(2821, 826, 8),
	(2823, 826, 9),
	(2826, 827, 2),
	(2827, 827, 7),
	(2824, 827, 8),
	(2825, 827, 9),
	(2830, 828, 2),
	(2828, 828, 8),
	(2829, 828, 9),
	(2833, 829, 2),
	(2831, 829, 8),
	(2832, 829, 10),
	(2837, 830, 7),
	(2834, 830, 8),
	(2835, 830, 9),
	(2836, 830, 10),
	(2841, 831, 2),
	(2840, 831, 4),
	(2838, 831, 6),
	(2839, 831, 7),
	(2842, 831, 10),
	(2844, 832, 6),
	(2843, 832, 7),
	(2845, 832, 8),
	(2846, 833, 8),
	(2849, 834, 1),
	(2850, 834, 2),
	(2851, 834, 7),
	(2847, 834, 8),
	(2852, 834, 9),
	(2848, 834, 10),
	(2855, 835, 2),
	(2853, 835, 6),
	(2856, 835, 7),
	(2854, 835, 10),
	(2858, 836, 2),
	(2859, 836, 4),
	(2860, 836, 7),
	(2857, 836, 8),
	(2863, 837, 1),
	(2862, 837, 9),
	(2861, 837, 10),
	(2866, 838, 2),
	(2864, 838, 6),
	(2867, 838, 7),
	(2865, 838, 10),
	(2870, 839, 2),
	(2868, 839, 6),
	(2871, 839, 7),
	(2869, 839, 10),
	(2873, 840, 2),
	(2875, 840, 4),
	(2876, 840, 7),
	(2872, 840, 8),
	(2874, 840, 10),
	(2881, 841, 2),
	(2878, 841, 4),
	(2879, 841, 7),
	(2877, 841, 8),
	(2880, 841, 10),
	(2884, 842, 2),
	(2883, 842, 4),
	(2882, 842, 8),
	(2888, 843, 7),
	(2885, 843, 8),
	(2887, 843, 9),
	(2886, 843, 10),
	(2890, 844, 2),
	(2889, 844, 8),
	(2891, 844, 9),
	(2892, 845, 2),
	(2893, 845, 6),
	(2894, 845, 7),
	(2895, 845, 10),
	(2897, 846, 2),
	(2899, 846, 7),
	(2896, 846, 8),
	(2898, 846, 10),
	(2901, 847, 2),
	(2902, 847, 4),
	(2900, 847, 8),
	(2903, 848, 8),
	(2904, 848, 9),
	(2907, 849, 2),
	(2905, 849, 8),
	(2906, 849, 9),
	(2911, 850, 2),
	(2910, 850, 7),
	(2909, 850, 8),
	(2908, 850, 9),
	(2914, 851, 2),
	(2913, 851, 5),
	(2912, 851, 8),
	(2919, 852, 2),
	(2920, 852, 4),
	(2917, 852, 7),
	(2915, 852, 8),
	(2916, 852, 9),
	(2918, 852, 10),
	(2921, 853, 8),
	(2923, 854, 2),
	(2922, 854, 8),
	(2926, 855, 2),
	(2925, 855, 6),
	(2927, 855, 7),
	(2924, 855, 8),
	(2929, 856, 7),
	(2928, 856, 8),
	(2930, 857, 6),
	(2931, 857, 7),
	(2934, 858, 2),
	(2932, 858, 6),
	(2935, 858, 7),
	(2933, 858, 10),
	(2936, 859, 6),
	(2938, 859, 7),
	(2937, 859, 10),
	(2941, 860, 2),
	(2939, 860, 6),
	(2942, 860, 7),
	(2940, 860, 10),
	(2944, 861, 7),
	(2943, 861, 8),
	(2947, 862, 2),
	(2945, 862, 6),
	(2948, 862, 7),
	(2946, 862, 10),
	(2951, 863, 2),
	(2950, 863, 6),
	(2952, 863, 7),
	(2949, 863, 8),
	(2955, 864, 2),
	(2957, 864, 4),
	(2953, 864, 6),
	(2956, 864, 7),
	(2954, 864, 10),
	(2959, 865, 2),
	(2960, 865, 7),
	(2958, 865, 8),
	(2961, 865, 10),
	(2963, 866, 2),
	(2964, 866, 7),
	(2962, 866, 8),
	(2967, 867, 2),
	(2965, 867, 6),
	(2968, 867, 7),
	(2966, 867, 10),
	(2970, 868, 2),
	(2969, 868, 8),
	(2972, 869, 7),
	(2971, 869, 10),
	(2973, 870, 6),
	(2974, 870, 10),
	(2977, 871, 6),
	(2976, 871, 7),
	(2975, 871, 10),
	(2982, 872, 2),
	(2983, 872, 4),
	(2981, 872, 6),
	(2980, 872, 7),
	(2978, 872, 8),
	(2979, 872, 10),
	(2986, 873, 2),
	(2985, 873, 4),
	(2984, 873, 8),
	(2988, 874, 2),
	(2989, 874, 7),
	(2987, 874, 10),
	(2992, 875, 1),
	(2993, 875, 2),
	(2994, 875, 7),
	(2990, 875, 8),
	(2995, 875, 9),
	(2991, 875, 10),
	(2998, 876, 2),
	(2996, 876, 8),
	(2997, 876, 9),
	(3001, 877, 2),
	(2999, 877, 6),
	(3002, 877, 7),
	(3000, 877, 10),
	(3004, 878, 2),
	(3005, 878, 7),
	(3003, 878, 8),
	(3006, 878, 10),
	(3009, 879, 2),
	(3007, 879, 6),
	(3010, 879, 7),
	(3008, 879, 10),
	(3014, 880, 2),
	(3012, 880, 6),
	(3015, 880, 7),
	(3011, 880, 8),
	(3013, 880, 10),
	(3016, 881, 8),
	(3020, 882, 2),
	(3018, 882, 5),
	(3017, 882, 6),
	(3019, 882, 10),
	(3024, 883, 2),
	(3023, 883, 4),
	(3021, 883, 6),
	(3022, 883, 7),
	(3025, 883, 10),
	(3028, 884, 6),
	(3027, 884, 7),
	(3026, 884, 10),
	(3029, 885, 8),
	(3030, 885, 9),
	(3031, 886, 4),
	(3037, 887, 2),
	(3035, 887, 4),
	(3034, 887, 6),
	(3036, 887, 7),
	(3032, 887, 8),
	(3033, 887, 10),
	(3040, 888, 2),
	(3038, 888, 6),
	(3041, 888, 7),
	(3039, 888, 10),
	(3042, 889, 8),
	(3043, 890, 9),
	(3046, 891, 2),
	(3045, 891, 6),
	(3044, 891, 7),
	(3047, 891, 10),
	(3051, 892, 4),
	(3050, 892, 6),
	(3048, 892, 7),
	(3049, 892, 10),
	(3054, 893, 5),
	(3055, 893, 6),
	(3052, 893, 7),
	(3053, 893, 10),
	(3058, 894, 6),
	(3057, 894, 7),
	(3056, 894, 10),
	(3063, 895, 2),
	(3064, 895, 4),
	(3062, 895, 6),
	(3061, 895, 7),
	(3059, 895, 8),
	(3060, 895, 10),
	(3070, 896, 2),
	(3068, 896, 4),
	(3067, 896, 6),
	(3069, 896, 7),
	(3065, 896, 8),
	(3066, 896, 10),
	(3073, 897, 2),
	(3072, 897, 4),
	(3071, 897, 8),
	(3077, 898, 1),
	(3078, 898, 4),
	(3076, 898, 7),
	(3075, 898, 8),
	(3074, 898, 9),
	(3079, 898, 10),
	(3082, 899, 6),
	(3081, 899, 7),
	(3080, 899, 10),
	(3085, 900, 2),
	(3086, 900, 6),
	(3083, 900, 7),
	(3084, 900, 10),
	(3090, 901, 1),
	(3091, 901, 4),
	(3089, 901, 7),
	(3088, 901, 8),
	(3087, 901, 9),
	(3092, 901, 10),
	(3095, 902, 2),
	(3093, 902, 8),
	(3094, 902, 9),
	(3099, 903, 2),
	(3097, 903, 4),
	(3096, 903, 6),
	(3098, 903, 7),
	(3100, 904, 10),
	(3104, 905, 2),
	(3102, 905, 7),
	(3101, 905, 8),
	(3103, 905, 10),
	(3107, 906, 2),
	(3105, 906, 8),
	(3106, 906, 9),
	(3109, 907, 7),
	(3108, 907, 10),
	(3110, 908, 8),
	(3111, 908, 10),
	(3114, 909, 2),
	(3112, 909, 8),
	(3113, 909, 9),
	(3118, 910, 7),
	(3115, 910, 8),
	(3117, 910, 9),
	(3116, 910, 10),
	(3122, 911, 2),
	(3121, 911, 4),
	(3119, 911, 6),
	(3120, 911, 7),
	(3123, 911, 10),
	(3124, 912, 2),
	(3126, 912, 7),
	(3125, 912, 10),
	(3127, 913, 9),
	(3128, 914, 2),
	(3130, 914, 7),
	(3129, 914, 10),
	(3133, 915, 7),
	(3131, 915, 8),
	(3132, 915, 10),
	(3137, 916, 1),
	(3138, 916, 4),
	(3136, 916, 7),
	(3135, 916, 8),
	(3134, 916, 9),
	(3139, 916, 10),
	(3140, 917, 8),
	(3143, 918, 2),
	(3142, 918, 4),
	(3144, 918, 7),
	(3141, 918, 8),
	(3148, 919, 7),
	(3145, 919, 8),
	(3147, 919, 9),
	(3146, 919, 10),
	(3154, 920, 2),
	(3152, 920, 4),
	(3151, 920, 6),
	(3153, 920, 7),
	(3149, 920, 8),
	(3150, 920, 10),
	(3158, 921, 2),
	(3156, 921, 6),
	(3159, 921, 7),
	(3155, 921, 8),
	(3157, 921, 10),
	(3163, 922, 2),
	(3161, 922, 6),
	(3164, 922, 7),
	(3160, 922, 8),
	(3162, 922, 10),
	(3167, 923, 2),
	(3166, 923, 6),
	(3168, 923, 7),
	(3165, 923, 8),
	(3170, 924, 2),
	(3172, 924, 7),
	(3171, 924, 9),
	(3169, 924, 10),
	(3173, 925, 8),
	(3176, 926, 2),
	(3174, 926, 8),
	(3175, 926, 9),
	(3177, 927, 2),
	(3183, 928, 2),
	(3181, 928, 4),
	(3180, 928, 6),
	(3182, 928, 7),
	(3178, 928, 8),
	(3179, 928, 10),
	(3187, 929, 7),
	(3184, 929, 8),
	(3185, 929, 9),
	(3186, 929, 10),
	(3188, 930, 2),
	(3191, 931, 2),
	(3190, 931, 4),
	(3189, 931, 8),
	(3194, 932, 2),
	(3192, 932, 8),
	(3193, 932, 9),
	(3195, 933, 5),
	(3198, 934, 2),
	(3197, 934, 4),
	(3196, 934, 7),
	(3199, 934, 10),
	(3202, 935, 2),
	(3201, 935, 4),
	(3200, 935, 8),
	(3204, 936, 2),
	(3205, 936, 7),
	(3203, 936, 10),
	(3207, 937, 2),
	(3208, 937, 4),
	(3206, 937, 8),
	(3210, 938, 8),
	(3209, 938, 10),
	(3212, 939, 6),
	(3211, 939, 7),
	(3213, 939, 8),
	(3214, 940, 8),
	(3215, 940, 9),
	(3219, 941, 2),
	(3218, 941, 7),
	(3217, 941, 8),
	(3216, 941, 9),
	(3221, 942, 2),
	(3222, 942, 7),
	(3220, 942, 8),
	(3223, 942, 10),
	(3226, 943, 2),
	(3225, 943, 8),
	(3224, 943, 9),
	(3228, 944, 2),
	(3227, 944, 8),
	(3231, 945, 2),
	(3232, 945, 6),
	(3229, 945, 8),
	(3230, 945, 9),
	(3236, 946, 2),
	(3235, 946, 7),
	(3234, 946, 8),
	(3233, 946, 9),
	(3238, 947, 2),
	(3237, 947, 8),
	(3242, 948, 2),
	(3240, 948, 7),
	(3239, 948, 8),
	(3241, 948, 10),
	(3246, 949, 2),
	(3245, 949, 7),
	(3243, 949, 8),
	(3244, 949, 9),
	(3250, 950, 2),
	(3249, 950, 6),
	(3247, 950, 8),
	(3248, 950, 9),
	(3255, 951, 2),
	(3252, 951, 4),
	(3253, 951, 7),
	(3251, 951, 8),
	(3254, 951, 10),
	(3257, 952, 2),
	(3258, 952, 4),
	(3256, 952, 8),
	(3261, 953, 2),
	(3260, 953, 8),
	(3259, 953, 9),
	(3266, 954, 2),
	(3267, 954, 4),
	(3264, 954, 7),
	(3262, 954, 8),
	(3263, 954, 9),
	(3265, 954, 10),
	(3273, 955, 2),
	(3271, 955, 4),
	(3269, 955, 5),
	(3272, 955, 7),
	(3268, 955, 8),
	(3274, 955, 9),
	(3270, 955, 10),
	(3276, 956, 2),
	(3277, 956, 4),
	(3275, 956, 8),
	(3278, 956, 10),
	(3281, 957, 2),
	(3280, 957, 8),
	(3279, 957, 9),
	(3283, 958, 2),
	(3282, 958, 8),
	(3284, 959, 8),
	(3285, 959, 9),
	(3288, 960, 2),
	(3286, 960, 8),
	(3287, 960, 10),
	(3293, 961, 2),
	(3294, 961, 5),
	(3290, 961, 6),
	(3291, 961, 7),
	(3289, 961, 8),
	(3292, 961, 10),
	(3295, 962, 8),
	(3296, 962, 9),
	(3300, 963, 2),
	(3298, 963, 7),
	(3297, 963, 8),
	(3299, 963, 10),
	(3305, 964, 2),
	(3302, 964, 4),
	(3303, 964, 7),
	(3301, 964, 8),
	(3304, 964, 10),
	(3307, 965, 8),
	(3306, 965, 10),
	(3310, 966, 2),
	(3311, 966, 7),
	(3308, 966, 8),
	(3309, 966, 10),
	(3316, 967, 2),
	(3315, 967, 6),
	(3314, 967, 7),
	(3313, 967, 8),
	(3312, 967, 9),
	(3319, 968, 2),
	(3318, 968, 8),
	(3317, 968, 9),
	(3321, 969, 8),
	(3320, 969, 10),
	(3322, 970, 8),
	(3323, 970, 9),
	(3325, 971, 2),
	(3326, 971, 7),
	(3324, 971, 8),
	(3327, 971, 10),
	(3329, 972, 2),
	(3328, 972, 8),
	(3330, 973, 4),
	(3334, 974, 2),
	(3332, 974, 7),
	(3331, 974, 8),
	(3333, 974, 10),
	(3335, 975, 8),
	(3336, 975, 9),
	(3339, 976, 2),
	(3340, 976, 4),
	(3337, 976, 8),
	(3338, 976, 10),
	(3343, 977, 4),
	(3341, 977, 8),
	(3342, 977, 10),
	(3346, 978, 2),
	(3347, 978, 4),
	(3344, 978, 8),
	(3345, 978, 10),
	(3350, 979, 2),
	(3351, 979, 4),
	(3348, 979, 8),
	(3349, 979, 10),
	(3353, 980, 4),
	(3352, 980, 10),
	(3355, 981, 2),
	(3354, 981, 10),
	(3357, 982, 2),
	(3356, 982, 10),
	(3360, 983, 2),
	(3361, 983, 4),
	(3358, 983, 8),
	(3359, 983, 10),
	(3364, 984, 2),
	(3365, 984, 4),
	(3362, 984, 8),
	(3363, 984, 10),
	(3368, 985, 2),
	(3369, 985, 4),
	(3366, 985, 8),
	(3367, 985, 10),
	(3371, 986, 2),
	(3372, 986, 4),
	(3370, 986, 10),
	(3374, 987, 2),
	(3375, 987, 4),
	(3373, 987, 10),
	(3377, 988, 2),
	(3378, 988, 4),
	(3376, 988, 10),
	(3380, 989, 2),
	(3381, 989, 4),
	(3379, 989, 10),
	(3383, 990, 2),
	(3384, 990, 4),
	(3382, 990, 10),
	(3386, 991, 2),
	(3387, 991, 4),
	(3385, 991, 10),
	(3389, 992, 2),
	(3390, 992, 4),
	(3388, 992, 10),
	(3392, 993, 2),
	(3393, 993, 4),
	(3391, 993, 10),
	(3395, 994, 2),
	(3396, 994, 4),
	(3394, 994, 10),
	(3398, 995, 2),
	(3399, 995, 4),
	(3397, 995, 10),
	(3401, 996, 2),
	(3402, 996, 4),
	(3400, 996, 10),
	(3404, 997, 2),
	(3405, 997, 4),
	(3403, 997, 10),
	(3408, 998, 3),
	(3406, 998, 8),
	(3407, 998, 10),
	(3409, 999, 8),
	(3410, 1000, 8),
	(3412, 1001, 3),
	(3411, 1001, 10),
	(3413, 1002, 4),
	(3415, 1003, 3),
	(3416, 1003, 4),
	(3414, 1003, 8),
	(3419, 1004, 3),
	(3418, 1004, 4),
	(3417, 1004, 8),
	(3421, 1005, 4),
	(3420, 1005, 10),
	(3423, 1006, 2),
	(3422, 1006, 8),
	(3425, 1007, 2),
	(3424, 1007, 8),
	(3427, 1008, 2),
	(3426, 1008, 8),
	(3428, 1009, 8),
	(3429, 1009, 10),
	(3432, 1010, 2),
	(3431, 1010, 5),
	(3430, 1010, 8),
	(3433, 1011, 8),
	(3434, 1011, 10),
	(3438, 1012, 2),
	(3439, 1012, 4),
	(3436, 1012, 6),
	(3435, 1012, 8),
	(3437, 1012, 10),
	(3443, 1013, 2),
	(3444, 1013, 4),
	(3441, 1013, 6),
	(3440, 1013, 8),
	(3442, 1013, 10),
	(3448, 1014, 2),
	(3449, 1014, 4),
	(3446, 1014, 6),
	(3445, 1014, 8),
	(3447, 1014, 10),
	(3453, 1015, 2),
	(3454, 1015, 4),
	(3451, 1015, 6),
	(3450, 1015, 8),
	(3452, 1015, 10),
	(3458, 1016, 2),
	(3459, 1016, 4),
	(3456, 1016, 6),
	(3455, 1016, 8),
	(3457, 1016, 10),
	(3463, 1017, 2),
	(3464, 1017, 4),
	(3461, 1017, 6),
	(3460, 1017, 8),
	(3462, 1017, 10),
	(3468, 1018, 2),
	(3469, 1018, 4),
	(3466, 1018, 6),
	(3465, 1018, 8),
	(3467, 1018, 10),
	(3473, 1019, 2),
	(3474, 1019, 4),
	(3471, 1019, 6),
	(3470, 1019, 8),
	(3472, 1019, 10),
	(3476, 1020, 2),
	(3477, 1020, 4),
	(3475, 1020, 10),
	(3480, 1021, 2),
	(3481, 1021, 4),
	(3478, 1021, 8),
	(3479, 1021, 10),
	(3484, 1022, 2),
	(3485, 1022, 4),
	(3482, 1022, 8),
	(3483, 1022, 10),
	(3488, 1023, 2),
	(3489, 1023, 4),
	(3486, 1023, 8),
	(3487, 1023, 10),
	(3492, 1024, 4),
	(3490, 1024, 8),
	(3491, 1024, 10),
	(3495, 1025, 2),
	(3496, 1025, 4),
	(3493, 1025, 8),
	(3494, 1025, 10),
	(3499, 1026, 2),
	(3500, 1026, 4),
	(3497, 1026, 8),
	(3498, 1026, 10),
	(3503, 1027, 2),
	(3504, 1027, 4),
	(3501, 1027, 8),
	(3502, 1027, 10),
	(3506, 1028, 2),
	(3507, 1028, 4),
	(3505, 1028, 8),
	(3510, 1029, 2),
	(3511, 1029, 4),
	(3508, 1029, 8),
	(3509, 1029, 10),
	(3514, 1030, 2),
	(3515, 1030, 4),
	(3512, 1030, 8),
	(3513, 1030, 10),
	(3518, 1031, 2),
	(3519, 1031, 4),
	(3516, 1031, 8),
	(3517, 1031, 10),
	(3520, 1032, 2),
	(3521, 1032, 4),
	(3524, 1033, 2),
	(3525, 1033, 4),
	(3522, 1033, 8),
	(3523, 1033, 10),
	(3528, 1034, 4),
	(3526, 1034, 8),
	(3527, 1034, 10),
	(3531, 1035, 4),
	(3529, 1035, 8),
	(3530, 1035, 10),
	(3535, 1036, 2),
	(3536, 1036, 4),
	(3533, 1036, 6),
	(3532, 1036, 8),
	(3534, 1036, 10),
	(3540, 1037, 2),
	(3541, 1037, 4),
	(3538, 1037, 6),
	(3537, 1037, 8),
	(3539, 1037, 10),
	(3545, 1038, 4),
	(3543, 1038, 6),
	(3542, 1038, 8),
	(3544, 1038, 10),
	(3549, 1039, 4),
	(3547, 1039, 6),
	(3546, 1039, 8),
	(3548, 1039, 10),
	(3553, 1040, 4),
	(3551, 1040, 6),
	(3550, 1040, 8),
	(3552, 1040, 10),
	(3556, 1041, 4),
	(3555, 1041, 6),
	(3554, 1041, 8),
	(3559, 1042, 4),
	(3557, 1042, 8),
	(3558, 1042, 10),
	(3562, 1043, 4),
	(3560, 1043, 8),
	(3561, 1043, 10),
	(3565, 1044, 4),
	(3563, 1044, 8),
	(3564, 1044, 10),
	(3568, 1045, 4),
	(3566, 1045, 8),
	(3567, 1045, 10),
	(3572, 1046, 4),
	(3570, 1046, 6),
	(3569, 1046, 8),
	(3571, 1046, 10),
	(3576, 1047, 4),
	(3574, 1047, 6),
	(3573, 1047, 8),
	(3575, 1047, 10),
	(3580, 1048, 4),
	(3578, 1048, 6),
	(3577, 1048, 8),
	(3579, 1048, 10),
	(3584, 1049, 2),
	(3585, 1049, 4),
	(3582, 1049, 6),
	(3581, 1049, 8),
	(3583, 1049, 10),
	(3586, 1050, 8),
	(3587, 1050, 10),
	(3588, 1051, 8),
	(3589, 1051, 10),
	(3593, 1052, 4),
	(3591, 1052, 6),
	(3590, 1052, 8),
	(3592, 1052, 10),
	(3597, 1053, 4),
	(3595, 1053, 6),
	(3594, 1053, 8),
	(3596, 1053, 10),
	(3598, 1055, 7),
	(3599, 1055, 10),
	(3602, 1056, 4),
	(3600, 1056, 8),
	(3601, 1056, 10),
	(3604, 1057, 6),
	(3603, 1057, 8),
	(3606, 1058, 6),
	(3605, 1058, 8),
	(3608, 1059, 6),
	(3607, 1059, 8),
	(3610, 1060, 6),
	(3609, 1060, 8),
	(3612, 1061, 6),
	(3611, 1061, 8),
	(3614, 1062, 6),
	(3613, 1062, 8),
	(3616, 1063, 6),
	(3615, 1063, 8),
	(3619, 1064, 4),
	(3617, 1064, 8),
	(3618, 1064, 10),
	(3623, 1065, 2),
	(3624, 1065, 4),
	(3621, 1065, 6),
	(3620, 1065, 8),
	(3622, 1065, 10),
	(3628, 1066, 2),
	(3629, 1066, 4),
	(3626, 1066, 6),
	(3625, 1066, 8),
	(3627, 1066, 10),
	(3633, 1067, 2),
	(3634, 1067, 4),
	(3631, 1067, 6),
	(3630, 1067, 8),
	(3632, 1067, 10),
	(3638, 1068, 2),
	(3639, 1068, 4),
	(3636, 1068, 6),
	(3635, 1068, 8),
	(3637, 1068, 10),
	(3643, 1069, 2),
	(3644, 1069, 4),
	(3641, 1069, 6),
	(3640, 1069, 8),
	(3642, 1069, 10),
	(3648, 1070, 2),
	(3649, 1070, 4),
	(3646, 1070, 6),
	(3645, 1070, 8),
	(3647, 1070, 10),
	(3653, 1071, 2),
	(3654, 1071, 4),
	(3651, 1071, 6),
	(3650, 1071, 8),
	(3652, 1071, 10),
	(3658, 1072, 2),
	(3659, 1072, 4),
	(3656, 1072, 6),
	(3655, 1072, 8),
	(3657, 1072, 10),
	(3663, 1073, 2),
	(3664, 1073, 4),
	(3661, 1073, 6),
	(3660, 1073, 8),
	(3662, 1073, 10),
	(3668, 1074, 2),
	(3669, 1074, 4),
	(3666, 1074, 6),
	(3665, 1074, 8),
	(3667, 1074, 10),
	(3673, 1075, 2),
	(3674, 1075, 4),
	(3671, 1075, 6),
	(3670, 1075, 8),
	(3672, 1075, 10),
	(3678, 1076, 2),
	(3679, 1076, 4),
	(3676, 1076, 6),
	(3675, 1076, 8),
	(3677, 1076, 10),
	(3682, 1077, 2),
	(3680, 1077, 8),
	(3681, 1077, 9),
	(3685, 1078, 2),
	(3683, 1078, 8),
	(3684, 1078, 9),
	(3686, 1079, 1),
	(3687, 1079, 9),
	(3688, 1079, 10),
	(3689, 1080, 1),
	(3690, 1080, 9),
	(3691, 1080, 10),
	(3692, 1081, 9),
	(3693, 1082, 9),
	(3694, 1083, 9),
	(3695, 1084, 9),
	(3696, 1085, 9),
	(3697, 1086, 9),
	(3698, 1087, 9),
	(3699, 1088, 9),
	(3700, 1089, 9),
	(3701, 1090, 9),
	(3702, 1091, 9),
	(3704, 1092, 7),
	(3703, 1092, 10),
	(3706, 1093, 7),
	(3705, 1093, 10),
	(3708, 1094, 7),
	(3707, 1094, 10),
	(3709, 1095, 2),
	(3710, 1096, 2),
	(3714, 1097, 2),
	(3713, 1097, 7),
	(3712, 1097, 8),
	(3711, 1097, 9),
	(3718, 1098, 2),
	(3717, 1098, 7),
	(3716, 1098, 8),
	(3715, 1098, 9),
	(3722, 1099, 2),
	(3721, 1099, 7),
	(3720, 1099, 8),
	(3719, 1099, 9),
	(3726, 1100, 2),
	(3725, 1100, 7),
	(3724, 1100, 8),
	(3723, 1100, 9),
	(3730, 1101, 2),
	(3729, 1101, 7),
	(3728, 1101, 8),
	(3727, 1101, 9),
	(3734, 1102, 2),
	(3733, 1102, 7),
	(3732, 1102, 8),
	(3731, 1102, 9),
	(3738, 1103, 2),
	(3737, 1103, 7),
	(3736, 1103, 8),
	(3735, 1103, 9),
	(3742, 1104, 2),
	(3741, 1104, 7),
	(3740, 1104, 8),
	(3739, 1104, 9),
	(3747, 1105, 2),
	(3746, 1105, 6),
	(3745, 1105, 7),
	(3744, 1105, 8),
	(3743, 1105, 9),
	(3752, 1106, 2),
	(3751, 1106, 6),
	(3750, 1106, 7),
	(3749, 1106, 8),
	(3748, 1106, 9),
	(3757, 1107, 2),
	(3756, 1107, 6),
	(3755, 1107, 7),
	(3754, 1107, 8),
	(3753, 1107, 9),
	(3762, 1108, 2),
	(3761, 1108, 6),
	(3760, 1108, 7),
	(3759, 1108, 8),
	(3758, 1108, 9),
	(3767, 1109, 2),
	(3766, 1109, 6),
	(3765, 1109, 7),
	(3764, 1109, 8),
	(3763, 1109, 9),
	(3772, 1110, 2),
	(3771, 1110, 6),
	(3770, 1110, 7),
	(3769, 1110, 8),
	(3768, 1110, 9),
	(3777, 1111, 2),
	(3776, 1111, 6),
	(3775, 1111, 7),
	(3774, 1111, 8),
	(3773, 1111, 9),
	(3781, 1112, 2),
	(3780, 1112, 7),
	(3778, 1112, 8),
	(3779, 1112, 9),
	(3785, 1113, 2),
	(3784, 1113, 7),
	(3782, 1113, 8),
	(3783, 1113, 9),
	(3789, 1114, 2),
	(3788, 1114, 7),
	(3786, 1114, 8),
	(3787, 1114, 9),
	(3793, 1115, 2),
	(3792, 1115, 7),
	(3790, 1115, 8),
	(3791, 1115, 9),
	(3797, 1116, 2),
	(3796, 1116, 6),
	(3794, 1116, 8),
	(3795, 1116, 9),
	(3801, 1117, 2),
	(3800, 1117, 6),
	(3798, 1117, 8),
	(3799, 1117, 9),
	(3805, 1118, 2),
	(3804, 1118, 6),
	(3802, 1118, 8),
	(3803, 1118, 9),
	(3809, 1119, 2),
	(3808, 1119, 6),
	(3806, 1119, 8),
	(3807, 1119, 9),
	(3813, 1120, 2),
	(3812, 1120, 6),
	(3810, 1120, 8),
	(3811, 1120, 9),
	(3817, 1121, 2),
	(3816, 1121, 6),
	(3814, 1121, 8),
	(3815, 1121, 9),
	(3821, 1122, 2),
	(3820, 1122, 6),
	(3818, 1122, 8),
	(3819, 1122, 9),
	(3825, 1123, 2),
	(3824, 1123, 6),
	(3822, 1123, 8),
	(3823, 1123, 9),
	(3826, 1124, 8),
	(3827, 1124, 9),
	(3828, 1125, 8),
	(3829, 1125, 9),
	(3830, 1126, 8),
	(3831, 1126, 9),
	(3832, 1127, 8),
	(3833, 1127, 9),
	(3834, 1128, 8),
	(3835, 1128, 9),
	(3836, 1129, 8),
	(3837, 1129, 9),
	(3838, 1130, 8),
	(3839, 1130, 9),
	(3840, 1131, 8),
	(3841, 1131, 9),
	(3842, 1132, 8),
	(3843, 1132, 9),
	(3844, 1133, 8),
	(3845, 1133, 9),
	(3846, 1134, 8),
	(3847, 1134, 9),
	(3848, 1135, 8),
	(3849, 1135, 9),
	(3851, 1136, 2),
	(3852, 1136, 4),
	(3850, 1136, 8),
	(3854, 1137, 2),
	(3855, 1137, 4),
	(3853, 1137, 8),
	(3857, 1138, 2),
	(3858, 1138, 4),
	(3856, 1138, 8),
	(3860, 1139, 2),
	(3861, 1139, 4),
	(3859, 1139, 8),
	(3863, 1140, 2),
	(3864, 1140, 4),
	(3862, 1140, 8),
	(3866, 1141, 2),
	(3867, 1141, 4),
	(3865, 1141, 8),
	(3870, 1142, 2),
	(3869, 1142, 8),
	(3868, 1142, 9),
	(3873, 1143, 2),
	(3872, 1143, 8),
	(3871, 1143, 9),
	(3876, 1146, 2),
	(3877, 1146, 6),
	(3874, 1146, 8),
	(3875, 1146, 9),
	(3880, 1147, 2),
	(3881, 1147, 6),
	(3878, 1147, 8),
	(3879, 1147, 9),
	(3884, 1148, 2),
	(3885, 1148, 6),
	(3882, 1148, 8),
	(3883, 1148, 9),
	(3888, 1149, 2),
	(3889, 1149, 6),
	(3886, 1149, 8),
	(3887, 1149, 9),
	(3892, 1150, 2),
	(3893, 1150, 6),
	(3890, 1150, 8),
	(3891, 1150, 9),
	(3896, 1151, 2),
	(3897, 1151, 6),
	(3894, 1151, 8),
	(3895, 1151, 9),
	(3898, 1156, 2),
	(3900, 1156, 7),
	(3899, 1156, 10),
	(3901, 1157, 2),
	(3903, 1157, 7),
	(3902, 1157, 10),
	(3904, 1158, 2),
	(3906, 1158, 7),
	(3905, 1158, 10),
	(3907, 1159, 5),
	(3908, 1160, 2),
	(3910, 1160, 7),
	(3909, 1160, 10),
	(3911, 1161, 2),
	(3913, 1161, 7),
	(3912, 1161, 10),
	(3914, 1162, 2),
	(3916, 1162, 7),
	(3915, 1162, 10),
	(3917, 1163, 2),
	(3919, 1163, 7),
	(3918, 1163, 10),
	(3922, 1164, 2),
	(3920, 1164, 8),
	(3921, 1164, 10),
	(3925, 1165, 2),
	(3923, 1165, 8),
	(3924, 1165, 10),
	(3928, 1166, 2),
	(3926, 1166, 8),
	(3927, 1166, 10),
	(3931, 1167, 2),
	(3929, 1167, 8),
	(3930, 1167, 10),
	(3932, 1168, 8),
	(3933, 1168, 10),
	(3934, 1169, 8),
	(3935, 1169, 10),
	(3936, 1170, 8),
	(3937, 1170, 10),
	(3938, 1171, 8),
	(3939, 1171, 10),
	(3940, 1172, 8),
	(3941, 1172, 10),
	(3942, 1173, 8),
	(3943, 1173, 10),
	(3944, 1174, 8),
	(3945, 1174, 10),
	(3947, 1175, 8),
	(3946, 1175, 10),
	(3949, 1176, 8),
	(3948, 1176, 10),
	(3951, 1177, 8),
	(3950, 1177, 10),
	(3952, 1178, 5),
	(3953, 1179, 5),
	(3954, 1179, 8),
	(3955, 1180, 5),
	(3956, 1180, 8),
	(3959, 1181, 3),
	(3958, 1181, 5),
	(3957, 1181, 8),
	(3962, 1184, 2),
	(3960, 1184, 8),
	(3961, 1184, 9),
	(3965, 1185, 2),
	(3963, 1185, 8),
	(3964, 1185, 9),
	(3968, 1190, 2),
	(3967, 1190, 8),
	(3966, 1190, 9),
	(3971, 1191, 2),
	(3970, 1191, 8),
	(3969, 1191, 9),
	(3973, 1192, 2),
	(3972, 1192, 8),
	(3974, 1192, 9),
	(3976, 1193, 2),
	(3975, 1193, 8),
	(3977, 1193, 9),
	(3979, 1194, 2),
	(3978, 1194, 8),
	(3980, 1194, 9),
	(3982, 1195, 2),
	(3981, 1195, 8),
	(3983, 1195, 9),
	(3985, 1196, 2),
	(3984, 1196, 8),
	(3986, 1196, 9),
	(3988, 1197, 2),
	(3987, 1197, 8),
	(3989, 1197, 9),
	(3992, 1198, 2),
	(3990, 1198, 8),
	(3991, 1198, 10),
	(3994, 1200, 6),
	(3993, 1200, 7),
	(3995, 1200, 8),
	(3997, 1201, 6),
	(3996, 1201, 7),
	(3998, 1201, 8),
	(4000, 1202, 6),
	(3999, 1202, 7),
	(4001, 1202, 8),
	(4003, 1203, 2),
	(4002, 1203, 8),
	(4005, 1204, 2),
	(4004, 1204, 8),
	(4007, 1205, 2),
	(4006, 1205, 8),
	(4009, 1206, 2),
	(4008, 1206, 8),
	(4010, 1207, 8),
	(4011, 1207, 9),
	(4012, 1208, 8),
	(4013, 1208, 9),
	(4015, 1209, 8),
	(4014, 1209, 10),
	(4017, 1210, 8),
	(4016, 1210, 10),
	(4020, 1215, 2),
	(4018, 1215, 6),
	(4021, 1215, 7),
	(4019, 1215, 10),
	(4024, 1216, 2),
	(4022, 1216, 6),
	(4025, 1216, 7),
	(4023, 1216, 10),
	(4028, 1217, 2),
	(4026, 1217, 6),
	(4029, 1217, 7),
	(4027, 1217, 10),
	(4032, 1218, 2),
	(4030, 1218, 6),
	(4033, 1218, 7),
	(4031, 1218, 10),
	(4036, 1219, 4),
	(4034, 1219, 6),
	(4037, 1219, 7),
	(4035, 1219, 10),
	(4040, 1220, 4),
	(4038, 1220, 6),
	(4041, 1220, 7),
	(4039, 1220, 10),
	(4042, 1221, 2),
	(4043, 1221, 7),
	(4044, 1222, 2),
	(4045, 1222, 7),
	(4046, 1223, 2),
	(4047, 1223, 7),
	(4048, 1224, 2),
	(4049, 1224, 7),
	(4052, 1225, 2),
	(4050, 1225, 6),
	(4053, 1225, 7),
	(4051, 1225, 10),
	(4056, 1226, 2),
	(4054, 1226, 6),
	(4057, 1226, 7),
	(4055, 1226, 10),
	(4060, 1227, 2),
	(4058, 1227, 6),
	(4061, 1227, 7),
	(4059, 1227, 10),
	(4064, 1228, 2),
	(4062, 1228, 6),
	(4065, 1228, 7),
	(4063, 1228, 10),
	(4068, 1229, 2),
	(4067, 1229, 4),
	(4069, 1229, 6),
	(4070, 1229, 7),
	(4066, 1229, 10),
	(4073, 1230, 2),
	(4072, 1230, 4),
	(4074, 1230, 6),
	(4075, 1230, 7),
	(4071, 1230, 10),
	(4078, 1231, 2),
	(4079, 1231, 4),
	(4076, 1231, 6),
	(4080, 1231, 7),
	(4077, 1231, 10),
	(4083, 1232, 2),
	(4084, 1232, 4),
	(4081, 1232, 6),
	(4085, 1232, 7),
	(4082, 1232, 10),
	(4088, 1233, 2),
	(4089, 1233, 4),
	(4086, 1233, 6),
	(4090, 1233, 7),
	(4087, 1233, 10),
	(4093, 1234, 2),
	(4094, 1234, 4),
	(4091, 1234, 6),
	(4095, 1234, 7),
	(4092, 1234, 10),
	(4098, 1235, 2),
	(4096, 1235, 6),
	(4099, 1235, 7),
	(4097, 1235, 10),
	(4102, 1236, 2),
	(4100, 1236, 6),
	(4103, 1236, 7),
	(4101, 1236, 10),
	(4106, 1237, 2),
	(4104, 1237, 6),
	(4107, 1237, 7),
	(4105, 1237, 10),
	(4110, 1238, 2),
	(4108, 1238, 6),
	(4111, 1238, 7),
	(4109, 1238, 10),
	(4114, 1239, 2),
	(4112, 1239, 6),
	(4115, 1239, 7),
	(4113, 1239, 10),
	(4118, 1240, 2),
	(4116, 1240, 6),
	(4119, 1240, 7),
	(4117, 1240, 10),
	(4122, 1241, 2),
	(4120, 1241, 6),
	(4123, 1241, 7),
	(4121, 1241, 10),
	(4126, 1242, 2),
	(4124, 1242, 6),
	(4127, 1242, 7),
	(4125, 1242, 10),
	(4128, 1243, 6),
	(4130, 1243, 7),
	(4129, 1243, 10),
	(4131, 1244, 6),
	(4133, 1244, 7),
	(4132, 1244, 10),
	(4134, 1245, 6),
	(4136, 1245, 7),
	(4135, 1245, 10),
	(4137, 1246, 6),
	(4139, 1246, 7),
	(4138, 1246, 10),
	(4142, 1247, 2),
	(4140, 1247, 6),
	(4143, 1247, 7),
	(4141, 1247, 10),
	(4146, 1248, 2),
	(4144, 1248, 6),
	(4147, 1248, 7),
	(4145, 1248, 10),
	(4150, 1249, 2),
	(4148, 1249, 6),
	(4151, 1249, 7),
	(4149, 1249, 10),
	(4153, 1250, 2),
	(4152, 1250, 6),
	(4154, 1250, 7),
	(4156, 1251, 2),
	(4155, 1251, 6),
	(4157, 1251, 7),
	(4159, 1252, 2),
	(4158, 1252, 6),
	(4160, 1252, 7),
	(4163, 1253, 2),
	(4162, 1253, 6),
	(4164, 1253, 7),
	(4161, 1253, 8),
	(4167, 1254, 2),
	(4166, 1254, 6),
	(4168, 1254, 7),
	(4165, 1254, 8),
	(4171, 1255, 2),
	(4170, 1255, 6),
	(4172, 1255, 7),
	(4169, 1255, 8),
	(4175, 1256, 2),
	(4174, 1256, 6),
	(4176, 1256, 7),
	(4173, 1256, 8),
	(4179, 1257, 2),
	(4178, 1257, 6),
	(4181, 1257, 7),
	(4177, 1257, 8),
	(4180, 1257, 10),
	(4184, 1258, 2),
	(4183, 1258, 6),
	(4186, 1258, 7),
	(4182, 1258, 8),
	(4185, 1258, 10),
	(4189, 1259, 2),
	(4188, 1259, 6),
	(4191, 1259, 7),
	(4187, 1259, 8),
	(4190, 1259, 10),
	(4194, 1260, 2),
	(4193, 1260, 6),
	(4196, 1260, 7),
	(4192, 1260, 8),
	(4195, 1260, 10),
	(4200, 1261, 2),
	(4198, 1261, 6),
	(4201, 1261, 7),
	(4197, 1261, 8),
	(4199, 1261, 10),
	(4205, 1262, 2),
	(4203, 1262, 6),
	(4206, 1262, 7),
	(4202, 1262, 8),
	(4204, 1262, 10),
	(4207, 1263, 2),
	(4210, 1263, 7),
	(4209, 1263, 9),
	(4208, 1263, 10),
	(4211, 1264, 2),
	(4214, 1264, 7),
	(4213, 1264, 9),
	(4212, 1264, 10),
	(4216, 1265, 2),
	(4215, 1265, 6),
	(4217, 1265, 9),
	(4220, 1266, 2),
	(4219, 1266, 6),
	(4221, 1266, 7),
	(4218, 1266, 8),
	(4225, 1267, 2),
	(4223, 1267, 6),
	(4226, 1267, 7),
	(4222, 1267, 8),
	(4224, 1267, 10),
	(4230, 1268, 2),
	(4228, 1268, 6),
	(4231, 1268, 7),
	(4227, 1268, 8),
	(4229, 1268, 10),
	(4234, 1269, 2),
	(4232, 1269, 6),
	(4235, 1269, 7),
	(4233, 1269, 10),
	(4238, 1270, 2),
	(4236, 1270, 6),
	(4239, 1270, 7),
	(4237, 1270, 10),
	(4240, 1271, 6),
	(4242, 1271, 7),
	(4241, 1271, 10),
	(4245, 1272, 2),
	(4243, 1272, 6),
	(4246, 1272, 7),
	(4244, 1272, 10),
	(4249, 1273, 6),
	(4250, 1273, 7),
	(4247, 1273, 8),
	(4248, 1273, 10),
	(4253, 1274, 7),
	(4251, 1274, 8),
	(4252, 1274, 10),
	(4256, 1275, 2),
	(4254, 1275, 6),
	(4257, 1275, 7),
	(4255, 1275, 10),
	(4260, 1276, 6),
	(4261, 1276, 7),
	(4258, 1276, 8),
	(4259, 1276, 10),
	(4264, 1277, 2),
	(4262, 1277, 6),
	(4265, 1277, 7),
	(4263, 1277, 10),
	(4268, 1278, 2),
	(4266, 1278, 6),
	(4269, 1278, 7),
	(4267, 1278, 10),
	(4272, 1279, 2),
	(4270, 1279, 6),
	(4273, 1279, 7),
	(4271, 1279, 10),
	(4276, 1280, 2),
	(4274, 1280, 6),
	(4277, 1280, 7),
	(4275, 1280, 10),
	(4280, 1281, 2),
	(4278, 1281, 6),
	(4281, 1281, 7),
	(4279, 1281, 10),
	(4284, 1282, 2),
	(4282, 1282, 6),
	(4285, 1282, 7),
	(4283, 1282, 10),
	(4288, 1283, 2),
	(4287, 1283, 6),
	(4290, 1283, 7),
	(4286, 1283, 8),
	(4289, 1283, 9),
	(4293, 1284, 2),
	(4292, 1284, 6),
	(4295, 1284, 7),
	(4291, 1284, 8),
	(4294, 1284, 9),
	(4298, 1285, 2),
	(4297, 1285, 6),
	(4300, 1285, 7),
	(4296, 1285, 8),
	(4299, 1285, 9),
	(4304, 1286, 2),
	(4305, 1286, 4),
	(4302, 1286, 6),
	(4306, 1286, 7),
	(4301, 1286, 8),
	(4303, 1286, 10),
	(4310, 1287, 2),
	(4311, 1287, 4),
	(4308, 1287, 6),
	(4312, 1287, 7),
	(4307, 1287, 8),
	(4309, 1287, 10),
	(4316, 1288, 2),
	(4317, 1288, 4),
	(4314, 1288, 6),
	(4318, 1288, 7),
	(4313, 1288, 8),
	(4315, 1288, 10),
	(4320, 1289, 2),
	(4322, 1289, 7),
	(4319, 1289, 8),
	(4321, 1289, 9),
	(4324, 1290, 2),
	(4326, 1290, 7),
	(4323, 1290, 8),
	(4325, 1290, 9),
	(4328, 1291, 2),
	(4330, 1291, 7),
	(4327, 1291, 8),
	(4329, 1291, 9),
	(4332, 1292, 2),
	(4334, 1292, 7),
	(4331, 1292, 8),
	(4333, 1292, 9),
	(4337, 1293, 2),
	(4336, 1293, 6),
	(4339, 1293, 7),
	(4335, 1293, 8),
	(4338, 1293, 9),
	(4342, 1294, 2),
	(4341, 1294, 6),
	(4344, 1294, 7),
	(4340, 1294, 8),
	(4343, 1294, 9),
	(4347, 1295, 2),
	(4346, 1295, 6),
	(4349, 1295, 7),
	(4345, 1295, 8),
	(4348, 1295, 9),
	(4352, 1296, 2),
	(4351, 1296, 6),
	(4354, 1296, 7),
	(4350, 1296, 8),
	(4353, 1296, 9),
	(4357, 1297, 7),
	(4355, 1297, 8),
	(4356, 1297, 9),
	(4360, 1298, 7),
	(4358, 1298, 8),
	(4359, 1298, 9),
	(4363, 1299, 7),
	(4361, 1299, 8),
	(4362, 1299, 9),
	(4366, 1300, 7),
	(4364, 1300, 8),
	(4365, 1300, 9),
	(4369, 1301, 7),
	(4367, 1301, 8),
	(4368, 1301, 9),
	(4372, 1302, 7),
	(4370, 1302, 8),
	(4371, 1302, 9),
	(4375, 1303, 7),
	(4373, 1303, 8),
	(4374, 1303, 9),
	(4378, 1304, 7),
	(4376, 1304, 8),
	(4377, 1304, 9),
	(4381, 1305, 7),
	(4379, 1305, 8),
	(4380, 1305, 9),
	(4384, 1306, 7),
	(4382, 1306, 8),
	(4383, 1306, 9),
	(4386, 1307, 2),
	(4388, 1307, 7),
	(4385, 1307, 8),
	(4387, 1307, 10),
	(4390, 1308, 2),
	(4392, 1308, 7),
	(4389, 1308, 8),
	(4391, 1308, 9),
	(4394, 1309, 2),
	(4396, 1309, 7),
	(4393, 1309, 8),
	(4395, 1309, 9),
	(4398, 1310, 2),
	(4400, 1310, 7),
	(4397, 1310, 8),
	(4399, 1310, 10),
	(4402, 1311, 2),
	(4404, 1311, 4),
	(4405, 1311, 7),
	(4401, 1311, 8),
	(4403, 1311, 9),
	(4407, 1312, 2),
	(4409, 1312, 4),
	(4410, 1312, 7),
	(4406, 1312, 8),
	(4408, 1312, 9),
	(4412, 1313, 2),
	(4414, 1313, 4),
	(4415, 1313, 7),
	(4411, 1313, 8),
	(4413, 1313, 9),
	(4417, 1314, 2),
	(4419, 1314, 4),
	(4420, 1314, 7),
	(4416, 1314, 8),
	(4418, 1314, 9),
	(4423, 1315, 2),
	(4421, 1315, 8),
	(4422, 1315, 9),
	(4426, 1316, 2),
	(4424, 1316, 8),
	(4425, 1316, 9),
	(4429, 1317, 2),
	(4427, 1317, 8),
	(4428, 1317, 9),
	(4432, 1318, 2),
	(4430, 1318, 8),
	(4431, 1318, 9),
	(4434, 1319, 2),
	(4435, 1319, 4),
	(4433, 1319, 8),
	(4437, 1320, 2),
	(4438, 1320, 4),
	(4436, 1320, 8),
	(4440, 1321, 2),
	(4441, 1321, 4),
	(4439, 1321, 8),
	(4443, 1322, 2),
	(4444, 1322, 4),
	(4442, 1322, 8),
	(4447, 1323, 7),
	(4445, 1323, 8),
	(4446, 1323, 9),
	(4450, 1324, 7),
	(4448, 1324, 8),
	(4449, 1324, 9),
	(4453, 1325, 7),
	(4451, 1325, 8),
	(4452, 1325, 9),
	(4456, 1326, 7),
	(4454, 1326, 8),
	(4455, 1326, 9),
	(4458, 1327, 2),
	(4459, 1327, 7),
	(4457, 1327, 8),
	(4461, 1328, 2),
	(4462, 1328, 7),
	(4460, 1328, 8),
	(4464, 1329, 2),
	(4465, 1329, 7),
	(4463, 1329, 8),
	(4467, 1330, 2),
	(4468, 1330, 7),
	(4466, 1330, 8),
	(4470, 1331, 2),
	(4469, 1331, 8),
	(4472, 1332, 2),
	(4471, 1332, 8),
	(4474, 1333, 2),
	(4473, 1333, 8),
	(4476, 1334, 2),
	(4475, 1334, 8),
	(4478, 1335, 2),
	(4479, 1335, 7),
	(4477, 1335, 8),
	(4481, 1336, 2),
	(4482, 1336, 7),
	(4480, 1336, 8),
	(4484, 1337, 2),
	(4485, 1337, 7),
	(4483, 1337, 8),
	(4487, 1338, 2),
	(4488, 1338, 7),
	(4486, 1338, 8),
	(4490, 1339, 2),
	(4492, 1339, 7),
	(4489, 1339, 8),
	(4491, 1339, 10),
	(4494, 1340, 2),
	(4496, 1340, 7),
	(4493, 1340, 8),
	(4495, 1340, 9),
	(4499, 1341, 7),
	(4497, 1341, 8),
	(4498, 1341, 9),
	(4502, 1342, 7),
	(4500, 1342, 8),
	(4501, 1342, 9),
	(4504, 1343, 5),
	(4503, 1343, 8),
	(4505, 1343, 9),
	(4507, 1344, 5),
	(4506, 1344, 8),
	(4508, 1344, 9),
	(4510, 1345, 5),
	(4509, 1345, 8),
	(4511, 1345, 9),
	(4513, 1346, 5),
	(4512, 1346, 8),
	(4514, 1346, 9),
	(4516, 1347, 2),
	(4517, 1347, 7),
	(4515, 1347, 8),
	(4519, 1348, 2),
	(4520, 1348, 7),
	(4518, 1348, 8),
	(4522, 1349, 2),
	(4523, 1349, 7),
	(4521, 1349, 8),
	(4525, 1350, 2),
	(4526, 1350, 7),
	(4524, 1350, 8),
	(4529, 1351, 7),
	(4527, 1351, 8),
	(4528, 1351, 9),
	(4532, 1352, 7),
	(4530, 1352, 8),
	(4531, 1352, 9),
	(4535, 1353, 7),
	(4533, 1353, 8),
	(4534, 1353, 9),
	(4538, 1354, 7),
	(4536, 1354, 8),
	(4537, 1354, 9),
	(4542, 1355, 2),
	(4541, 1355, 4),
	(4539, 1355, 6),
	(4540, 1355, 7),
	(4543, 1355, 10),
	(4544, 1356, 2),
	(4545, 1356, 4),
	(4546, 1356, 7),
	(4547, 1357, 2),
	(4548, 1357, 4),
	(4549, 1357, 7),
	(4550, 1358, 2),
	(4551, 1358, 4),
	(4552, 1358, 7),
	(4553, 1359, 4),
	(4555, 1359, 7),
	(4554, 1359, 10),
	(4556, 1360, 4),
	(4558, 1360, 7),
	(4557, 1360, 10),
	(4559, 1361, 4),
	(4560, 1361, 7),
	(4561, 1361, 10),
	(4562, 1362, 4),
	(4563, 1362, 7),
	(4564, 1362, 10),
	(4565, 1363, 4),
	(4567, 1363, 7),
	(4566, 1363, 10),
	(4568, 1364, 4),
	(4570, 1364, 7),
	(4569, 1364, 10),
	(4571, 1365, 4),
	(4572, 1365, 10),
	(4576, 1366, 4),
	(4575, 1366, 6),
	(4573, 1366, 7),
	(4574, 1366, 10),
	(4580, 1367, 4),
	(4579, 1367, 6),
	(4577, 1367, 7),
	(4578, 1367, 10),
	(4584, 1368, 4),
	(4583, 1368, 6),
	(4581, 1368, 7),
	(4582, 1368, 10),
	(4588, 1369, 4),
	(4587, 1369, 6),
	(4585, 1369, 7),
	(4586, 1369, 10),
	(4592, 1370, 4),
	(4591, 1370, 6),
	(4589, 1370, 7),
	(4590, 1370, 10),
	(4595, 1371, 5),
	(4596, 1371, 6),
	(4593, 1371, 7),
	(4594, 1371, 10),
	(4599, 1372, 5),
	(4600, 1372, 6),
	(4597, 1372, 7),
	(4598, 1372, 10),
	(4603, 1373, 5),
	(4604, 1373, 6),
	(4601, 1373, 7),
	(4602, 1373, 10),
	(4607, 1374, 5),
	(4608, 1374, 6),
	(4605, 1374, 7),
	(4606, 1374, 10),
	(4611, 1375, 2),
	(4610, 1375, 7),
	(4609, 1375, 8),
	(4612, 1375, 10),
	(4615, 1376, 2),
	(4614, 1376, 7),
	(4613, 1376, 8),
	(4616, 1376, 10),
	(4619, 1377, 2),
	(4618, 1377, 7),
	(4617, 1377, 8),
	(4620, 1377, 10),
	(4623, 1378, 6),
	(4622, 1378, 7),
	(4621, 1378, 10),
	(4626, 1379, 6),
	(4625, 1379, 7),
	(4624, 1379, 10),
	(4629, 1380, 2),
	(4628, 1380, 7),
	(4627, 1380, 8),
	(4630, 1380, 10),
	(4633, 1381, 2),
	(4632, 1381, 7),
	(4631, 1381, 8),
	(4634, 1381, 10),
	(4637, 1382, 2),
	(4636, 1382, 7),
	(4635, 1382, 8),
	(4638, 1382, 10),
	(4641, 1383, 2),
	(4640, 1383, 7),
	(4639, 1383, 8),
	(4642, 1383, 10),
	(4645, 1384, 2),
	(4644, 1384, 4),
	(4646, 1384, 7),
	(4643, 1384, 8),
	(4649, 1385, 2),
	(4648, 1385, 4),
	(4650, 1385, 7),
	(4647, 1385, 8),
	(4653, 1386, 2),
	(4652, 1386, 4),
	(4654, 1386, 7),
	(4651, 1386, 8),
	(4660, 1387, 2),
	(4658, 1387, 4),
	(4657, 1387, 6),
	(4659, 1387, 7),
	(4655, 1387, 8),
	(4656, 1387, 10),
	(4666, 1388, 2),
	(4664, 1388, 4),
	(4663, 1388, 6),
	(4665, 1388, 7),
	(4661, 1388, 8),
	(4662, 1388, 10),
	(4669, 1389, 2),
	(4668, 1389, 4),
	(4667, 1389, 8),
	(4672, 1390, 2),
	(4673, 1390, 7),
	(4670, 1390, 8),
	(4671, 1390, 10),
	(4676, 1391, 2),
	(4677, 1391, 7),
	(4674, 1391, 8),
	(4675, 1391, 10),
	(4680, 1392, 2),
	(4681, 1392, 7),
	(4678, 1392, 8),
	(4679, 1392, 10),
	(4684, 1393, 2),
	(4685, 1393, 7),
	(4682, 1393, 8),
	(4683, 1393, 10),
	(4687, 1394, 2),
	(4686, 1394, 8),
	(4691, 1395, 7),
	(4688, 1395, 8),
	(4690, 1395, 9),
	(4689, 1395, 10),
	(4695, 1396, 7),
	(4692, 1396, 8),
	(4694, 1396, 9),
	(4693, 1396, 10),
	(4698, 1397, 1),
	(4699, 1397, 2),
	(4700, 1397, 7),
	(4696, 1397, 8),
	(4701, 1397, 9),
	(4697, 1397, 10),
	(4704, 1398, 1),
	(4705, 1398, 2),
	(4706, 1398, 7),
	(4702, 1398, 8),
	(4707, 1398, 9),
	(4703, 1398, 10),
	(4710, 1399, 2),
	(4708, 1399, 4),
	(4709, 1399, 7),
	(4711, 1399, 8),
	(4714, 1400, 2),
	(4712, 1400, 4),
	(4713, 1400, 7),
	(4715, 1400, 8),
	(4718, 1401, 2),
	(4716, 1401, 4),
	(4717, 1401, 7),
	(4719, 1401, 8),
	(4722, 1402, 2),
	(4720, 1402, 8),
	(4721, 1402, 10),
	(4727, 1403, 2),
	(4724, 1403, 4),
	(4725, 1403, 7),
	(4723, 1403, 8),
	(4726, 1403, 10),
	(4730, 1404, 2),
	(4728, 1404, 8),
	(4729, 1404, 9),
	(4731, 1405, 2),
	(4733, 1405, 7),
	(4732, 1405, 10),
	(4734, 1406, 2),
	(4736, 1406, 7),
	(4735, 1406, 10),
	(4737, 1407, 2),
	(4739, 1407, 7),
	(4738, 1407, 10),
	(4740, 1408, 2),
	(4742, 1408, 7),
	(4741, 1408, 10),
	(4743, 1409, 2),
	(4745, 1409, 7),
	(4744, 1409, 10),
	(4746, 1410, 2),
	(4748, 1410, 7),
	(4747, 1410, 10),
	(4749, 1411, 2),
	(4751, 1411, 7),
	(4750, 1411, 10),
	(4752, 1412, 2),
	(4754, 1412, 7),
	(4753, 1412, 10),
	(4755, 1413, 2),
	(4757, 1413, 7),
	(4756, 1413, 10),
	(4758, 1414, 2),
	(4760, 1414, 7),
	(4759, 1414, 10),
	(4761, 1415, 2),
	(4763, 1415, 7),
	(4762, 1415, 10),
	(4764, 1416, 2),
	(4766, 1416, 7),
	(4765, 1416, 10),
	(4767, 1417, 2),
	(4769, 1417, 7),
	(4768, 1417, 10),
	(4770, 1418, 2),
	(4772, 1418, 7),
	(4771, 1418, 10),
	(4773, 1419, 2),
	(4775, 1419, 7),
	(4774, 1419, 10),
	(4776, 1420, 2),
	(4778, 1420, 7),
	(4777, 1420, 10),
	(4779, 1421, 2),
	(4781, 1421, 7),
	(4780, 1421, 10),
	(4782, 1422, 2),
	(4784, 1422, 7),
	(4783, 1422, 10);

-- 테이블 fubao.location_location_method 구조 내보내기
CREATE TABLE IF NOT EXISTS `location_location_method` (
  `id` bigint(20) NOT NULL AUTO_INCREMENT,
  `location_id` bigint(20) NOT NULL,
  `fishing_method_id` bigint(20) NOT NULL,
  PRIMARY KEY (`id`),
  UNIQUE KEY `location_location_method_location_id_fishing_meth_8ff02481_uniq` (`location_id`,`fishing_method_id`),
  KEY `location_location_me_fishing_method_id_624b0b02_fk_informati` (`fishing_method_id`),
  CONSTRAINT `location_location_me_fishing_method_id_624b0b02_fk_informati` FOREIGN KEY (`fishing_method_id`) REFERENCES `information_fishing_method` (`id`),
  CONSTRAINT `location_location_me_location_id_61654527_fk_location_` FOREIGN KEY (`location_id`) REFERENCES `location_location` (`id`)
) ENGINE=InnoDB AUTO_INCREMENT=4320 DEFAULT CHARSET=utf8mb4 COLLATE=utf8mb4_general_ci;

-- 테이블 데이터 fubao.location_location_method:~4,319 rows (대략적) 내보내기
INSERT INTO `location_location_method` (`id`, `location_id`, `fishing_method_id`) VALUES
	(1, 1, 1),
	(2, 1, 2),
	(3, 1, 3),
	(4, 2, 1),
	(5, 2, 2),
	(6, 3, 1),
	(7, 3, 2),
	(8, 3, 3),
	(9, 4, 1),
	(10, 4, 2),
	(11, 5, 1),
	(12, 5, 2),
	(13, 6, 1),
	(14, 6, 2),
	(15, 6, 3),
	(16, 7, 1),
	(17, 7, 2),
	(18, 7, 3),
	(21, 8, 1),
	(20, 8, 2),
	(19, 8, 3),
	(24, 9, 1),
	(23, 9, 2),
	(22, 9, 3),
	(26, 10, 1),
	(27, 10, 2),
	(25, 10, 3),
	(30, 11, 1),
	(29, 11, 2),
	(28, 11, 3),
	(33, 12, 1),
	(32, 12, 2),
	(31, 12, 3),
	(36, 13, 1),
	(35, 13, 2),
	(34, 13, 3),
	(38, 14, 1),
	(39, 14, 2),
	(37, 14, 3),
	(42, 15, 1),
	(41, 15, 2),
	(40, 15, 3),
	(43, 16, 1),
	(44, 16, 2),
	(45, 16, 3),
	(46, 17, 1),
	(47, 17, 2),
	(48, 17, 3),
	(51, 18, 1),
	(50, 18, 2),
	(49, 18, 3),
	(52, 19, 1),
	(53, 19, 2),
	(54, 19, 3),
	(57, 20, 1),
	(56, 20, 2),
	(55, 20, 3),
	(58, 21, 1),
	(59, 21, 2),
	(60, 21, 3),
	(63, 22, 1),
	(62, 22, 2),
	(61, 22, 3),
	(64, 23, 1),
	(65, 23, 2),
	(66, 23, 3),
	(69, 24, 1),
	(68, 24, 2),
	(67, 24, 3),
	(70, 24, 4),
	(71, 25, 1),
	(72, 25, 2),
	(73, 25, 3),
	(74, 26, 1),
	(75, 26, 2),
	(76, 26, 3),
	(77, 27, 1),
	(78, 27, 2),
	(79, 28, 1),
	(80, 28, 2),
	(81, 28, 3),
	(82, 29, 1),
	(83, 29, 2),
	(84, 29, 3),
	(85, 30, 1),
	(86, 30, 2),
	(87, 30, 3),
	(88, 31, 1),
	(89, 31, 2),
	(90, 31, 3),
	(91, 32, 1),
	(92, 32, 2),
	(93, 32, 3),
	(94, 33, 1),
	(95, 33, 2),
	(96, 33, 3),
	(97, 34, 1),
	(98, 34, 2),
	(99, 34, 3),
	(100, 35, 1),
	(101, 35, 2),
	(102, 35, 3),
	(103, 36, 1),
	(104, 36, 2),
	(105, 36, 3),
	(106, 37, 1),
	(107, 37, 2),
	(108, 38, 1),
	(109, 38, 2),
	(110, 38, 3),
	(111, 39, 1),
	(112, 39, 2),
	(113, 39, 3),
	(114, 40, 1),
	(115, 40, 2),
	(116, 40, 3),
	(117, 41, 1),
	(118, 41, 2),
	(120, 41, 3),
	(119, 41, 4),
	(121, 42, 1),
	(122, 42, 2),
	(124, 42, 3),
	(123, 42, 4),
	(125, 43, 1),
	(127, 43, 2),
	(128, 43, 3),
	(126, 43, 4),
	(129, 44, 1),
	(130, 44, 2),
	(132, 44, 3),
	(131, 44, 4),
	(133, 45, 1),
	(134, 45, 2),
	(135, 45, 3),
	(136, 45, 4),
	(137, 46, 1),
	(138, 46, 2),
	(139, 46, 3),
	(140, 46, 4),
	(141, 47, 1),
	(142, 47, 2),
	(143, 47, 3),
	(144, 47, 4),
	(145, 48, 1),
	(148, 48, 2),
	(147, 48, 3),
	(146, 48, 4),
	(149, 49, 1),
	(150, 49, 2),
	(151, 49, 3),
	(152, 50, 1),
	(153, 50, 2),
	(155, 51, 1),
	(156, 51, 2),
	(154, 51, 3),
	(158, 52, 1),
	(159, 52, 2),
	(157, 52, 3),
	(161, 53, 1),
	(162, 53, 2),
	(160, 53, 3),
	(163, 54, 1),
	(164, 54, 2),
	(165, 54, 3),
	(166, 55, 1),
	(167, 55, 2),
	(169, 55, 3),
	(168, 55, 4),
	(170, 56, 1),
	(171, 56, 2),
	(172, 56, 3),
	(173, 57, 1),
	(174, 57, 2),
	(175, 57, 3),
	(176, 57, 4),
	(177, 58, 1),
	(178, 58, 2),
	(179, 58, 3),
	(180, 58, 4),
	(181, 59, 1),
	(182, 59, 2),
	(184, 60, 1),
	(186, 60, 2),
	(183, 60, 3),
	(185, 60, 4),
	(187, 61, 1),
	(188, 61, 2),
	(189, 61, 3),
	(190, 62, 1),
	(191, 62, 2),
	(192, 62, 3),
	(193, 63, 1),
	(194, 63, 2),
	(195, 63, 3),
	(196, 64, 1),
	(197, 64, 2),
	(199, 64, 3),
	(198, 64, 4),
	(200, 65, 1),
	(201, 65, 2),
	(203, 65, 3),
	(202, 65, 4),
	(204, 66, 1),
	(205, 66, 2),
	(206, 66, 3),
	(208, 67, 1),
	(209, 67, 2),
	(207, 67, 3),
	(211, 68, 1),
	(212, 68, 2),
	(210, 68, 3),
	(213, 69, 1),
	(214, 69, 2),
	(215, 69, 3),
	(216, 70, 1),
	(217, 70, 2),
	(218, 70, 3),
	(220, 71, 1),
	(219, 71, 3),
	(221, 72, 1),
	(222, 72, 2),
	(223, 73, 1),
	(224, 73, 2),
	(225, 73, 3),
	(227, 74, 1),
	(228, 74, 2),
	(226, 74, 3),
	(230, 75, 1),
	(231, 75, 2),
	(229, 75, 3),
	(233, 76, 1),
	(234, 76, 2),
	(232, 76, 3),
	(235, 76, 4),
	(238, 77, 1),
	(237, 77, 2),
	(236, 77, 3),
	(240, 78, 1),
	(241, 78, 2),
	(239, 78, 3),
	(242, 78, 4),
	(245, 79, 1),
	(244, 79, 2),
	(243, 79, 3),
	(248, 80, 1),
	(247, 80, 2),
	(246, 80, 3),
	(251, 81, 1),
	(250, 81, 2),
	(249, 81, 3),
	(254, 82, 1),
	(253, 82, 2),
	(252, 82, 3),
	(256, 83, 1),
	(257, 83, 2),
	(255, 83, 3),
	(258, 84, 1),
	(259, 84, 2),
	(260, 84, 3),
	(263, 85, 1),
	(261, 85, 2),
	(262, 85, 3),
	(264, 86, 1),
	(265, 86, 2),
	(266, 86, 3),
	(267, 87, 1),
	(268, 87, 2),
	(269, 87, 3),
	(272, 88, 1),
	(271, 88, 2),
	(270, 88, 3),
	(274, 89, 1),
	(273, 89, 3),
	(276, 90, 1),
	(275, 90, 3),
	(277, 91, 1),
	(278, 91, 2),
	(279, 91, 3),
	(280, 92, 1),
	(281, 92, 2),
	(282, 92, 3),
	(283, 93, 1),
	(284, 93, 2),
	(285, 93, 3),
	(286, 94, 1),
	(287, 94, 2),
	(288, 94, 3),
	(289, 95, 1),
	(290, 95, 2),
	(291, 95, 3),
	(292, 96, 1),
	(293, 96, 2),
	(294, 96, 3),
	(295, 97, 1),
	(296, 97, 2),
	(297, 97, 3),
	(298, 98, 1),
	(299, 98, 2),
	(300, 98, 3),
	(301, 99, 1),
	(302, 99, 2),
	(303, 99, 3),
	(304, 100, 1),
	(305, 100, 2),
	(306, 100, 3),
	(307, 101, 1),
	(308, 101, 2),
	(309, 101, 3),
	(310, 102, 1),
	(311, 102, 2),
	(312, 102, 3),
	(313, 103, 1),
	(314, 103, 2),
	(315, 103, 3),
	(316, 104, 1),
	(317, 104, 2),
	(318, 104, 3),
	(319, 105, 1),
	(320, 105, 2),
	(321, 106, 1),
	(322, 106, 2),
	(323, 107, 1),
	(324, 107, 2),
	(325, 108, 1),
	(326, 108, 2),
	(327, 108, 3),
	(328, 108, 4),
	(329, 109, 1),
	(330, 109, 2),
	(331, 109, 3),
	(332, 109, 4),
	(333, 110, 1),
	(334, 110, 2),
	(335, 110, 3),
	(336, 110, 4),
	(337, 111, 1),
	(338, 111, 2),
	(339, 111, 4),
	(340, 112, 1),
	(341, 112, 2),
	(342, 112, 4),
	(343, 113, 1),
	(344, 113, 2),
	(345, 113, 3),
	(346, 114, 1),
	(347, 114, 2),
	(348, 114, 3),
	(349, 115, 1),
	(350, 115, 2),
	(351, 115, 3),
	(352, 116, 1),
	(353, 116, 2),
	(354, 116, 3),
	(355, 116, 4),
	(356, 117, 1),
	(357, 117, 2),
	(359, 117, 3),
	(358, 117, 4),
	(360, 118, 1),
	(361, 118, 2),
	(362, 118, 3),
	(363, 118, 4),
	(364, 119, 1),
	(365, 119, 2),
	(366, 119, 3),
	(367, 119, 4),
	(368, 120, 1),
	(369, 120, 4),
	(370, 121, 1),
	(371, 121, 4),
	(372, 122, 1),
	(373, 122, 2),
	(374, 122, 3),
	(375, 123, 1),
	(377, 123, 2),
	(378, 123, 3),
	(376, 123, 4),
	(379, 124, 1),
	(381, 124, 2),
	(382, 124, 3),
	(380, 124, 4),
	(383, 125, 1),
	(384, 125, 2),
	(385, 125, 3),
	(386, 125, 4),
	(387, 126, 1),
	(388, 126, 2),
	(389, 126, 3),
	(390, 126, 4),
	(391, 127, 1),
	(392, 127, 2),
	(393, 127, 3),
	(394, 127, 4),
	(395, 128, 1),
	(396, 128, 2),
	(397, 128, 3),
	(399, 129, 1),
	(398, 129, 3),
	(400, 130, 1),
	(401, 130, 2),
	(402, 130, 3),
	(403, 130, 4),
	(404, 131, 1),
	(405, 131, 2),
	(406, 131, 3),
	(407, 131, 4),
	(408, 132, 1),
	(409, 132, 2),
	(410, 132, 3),
	(411, 132, 4),
	(412, 133, 1),
	(413, 133, 2),
	(414, 133, 3),
	(415, 133, 4),
	(416, 134, 1),
	(417, 134, 2),
	(418, 134, 3),
	(419, 134, 4),
	(421, 135, 1),
	(420, 135, 3),
	(422, 136, 1),
	(423, 136, 2),
	(424, 136, 3),
	(426, 137, 1),
	(427, 137, 2),
	(425, 137, 3),
	(428, 138, 1),
	(429, 138, 2),
	(430, 138, 3),
	(431, 139, 1),
	(432, 139, 2),
	(433, 139, 3),
	(435, 140, 1),
	(436, 140, 2),
	(434, 140, 3),
	(437, 141, 1),
	(438, 141, 2),
	(439, 141, 3),
	(440, 142, 1),
	(441, 142, 2),
	(442, 142, 3),
	(443, 143, 1),
	(444, 143, 2),
	(445, 143, 3),
	(447, 144, 1),
	(448, 144, 2),
	(446, 144, 3),
	(449, 145, 1),
	(450, 145, 2),
	(451, 145, 3),
	(454, 146, 1),
	(453, 146, 2),
	(452, 146, 3),
	(457, 147, 1),
	(456, 147, 2),
	(455, 147, 3),
	(458, 148, 1),
	(459, 148, 2),
	(460, 148, 3),
	(463, 149, 1),
	(462, 149, 2),
	(461, 149, 3),
	(464, 149, 4),
	(466, 150, 1),
	(468, 150, 2),
	(465, 150, 3),
	(467, 150, 4),
	(470, 151, 1),
	(471, 151, 2),
	(469, 151, 3),
	(472, 152, 1),
	(473, 152, 2),
	(474, 152, 3),
	(475, 153, 1),
	(476, 153, 2),
	(477, 153, 3),
	(478, 154, 1),
	(479, 154, 2),
	(480, 154, 3),
	(481, 154, 4),
	(482, 155, 1),
	(483, 155, 2),
	(484, 155, 3),
	(485, 156, 1),
	(486, 156, 2),
	(487, 156, 3),
	(488, 156, 4),
	(489, 157, 1),
	(490, 157, 2),
	(491, 157, 3),
	(492, 158, 1),
	(493, 158, 2),
	(494, 158, 3),
	(497, 159, 1),
	(496, 159, 2),
	(495, 159, 3),
	(500, 160, 1),
	(499, 160, 2),
	(498, 160, 3),
	(501, 161, 1),
	(502, 161, 2),
	(503, 161, 3),
	(504, 162, 1),
	(505, 162, 2),
	(506, 162, 3),
	(507, 162, 4),
	(508, 163, 1),
	(509, 163, 2),
	(510, 163, 3),
	(513, 164, 1),
	(512, 164, 2),
	(511, 164, 3),
	(516, 165, 1),
	(515, 165, 2),
	(514, 165, 3),
	(519, 166, 1),
	(518, 166, 2),
	(517, 166, 3),
	(520, 167, 1),
	(521, 167, 2),
	(522, 168, 1),
	(523, 168, 2),
	(524, 168, 3),
	(525, 169, 1),
	(526, 169, 2),
	(527, 169, 3),
	(528, 169, 4),
	(529, 170, 1),
	(530, 170, 2),
	(531, 170, 3),
	(532, 171, 1),
	(533, 171, 2),
	(534, 172, 1),
	(535, 172, 2),
	(536, 173, 1),
	(537, 173, 2),
	(538, 173, 3),
	(539, 173, 4),
	(540, 174, 1),
	(541, 174, 2),
	(542, 174, 3),
	(543, 175, 1),
	(544, 175, 2),
	(545, 176, 1),
	(546, 176, 2),
	(548, 177, 1),
	(549, 177, 2),
	(547, 177, 3),
	(551, 178, 1),
	(550, 178, 3),
	(553, 179, 1),
	(552, 179, 3),
	(554, 180, 1),
	(555, 180, 2),
	(556, 180, 3),
	(557, 181, 1),
	(558, 181, 2),
	(559, 182, 1),
	(560, 182, 2),
	(562, 182, 3),
	(561, 182, 4),
	(563, 183, 1),
	(564, 183, 2),
	(565, 183, 3),
	(566, 183, 4),
	(567, 184, 1),
	(568, 184, 2),
	(569, 184, 3),
	(570, 185, 1),
	(571, 185, 2),
	(572, 185, 3),
	(573, 185, 4),
	(574, 186, 1),
	(575, 186, 2),
	(576, 186, 3),
	(578, 187, 1),
	(579, 187, 2),
	(577, 187, 3),
	(580, 188, 1),
	(581, 188, 2),
	(582, 188, 3),
	(583, 189, 1),
	(584, 189, 2),
	(585, 189, 3),
	(587, 190, 1),
	(588, 190, 2),
	(586, 190, 3),
	(590, 191, 1),
	(591, 191, 2),
	(589, 191, 3),
	(592, 192, 1),
	(593, 192, 2),
	(594, 192, 3),
	(595, 193, 1),
	(596, 193, 2),
	(597, 193, 3),
	(598, 194, 1),
	(599, 194, 2),
	(600, 194, 3),
	(601, 195, 1),
	(602, 195, 2),
	(603, 195, 3),
	(604, 196, 1),
	(605, 196, 2),
	(606, 197, 1),
	(607, 197, 2),
	(608, 197, 3),
	(611, 198, 1),
	(610, 198, 2),
	(609, 198, 3),
	(614, 199, 1),
	(613, 199, 2),
	(612, 199, 3),
	(615, 200, 1),
	(616, 200, 2),
	(617, 200, 3),
	(618, 201, 1),
	(619, 201, 2),
	(620, 201, 3),
	(621, 202, 1),
	(622, 202, 2),
	(623, 202, 3),
	(626, 203, 1),
	(625, 203, 2),
	(624, 203, 3),
	(627, 204, 1),
	(628, 204, 2),
	(629, 204, 3),
	(630, 205, 1),
	(631, 205, 2),
	(632, 205, 3),
	(633, 206, 1),
	(634, 206, 2),
	(635, 206, 3),
	(637, 207, 1),
	(638, 207, 2),
	(636, 207, 3),
	(639, 208, 1),
	(640, 208, 2),
	(641, 208, 3),
	(642, 209, 1),
	(643, 209, 2),
	(644, 209, 3),
	(645, 210, 1),
	(646, 210, 2),
	(647, 210, 3),
	(648, 211, 1),
	(651, 211, 2),
	(650, 211, 3),
	(649, 211, 4),
	(652, 212, 1),
	(653, 212, 2),
	(654, 212, 3),
	(655, 213, 1),
	(656, 213, 2),
	(657, 213, 3),
	(658, 214, 1),
	(659, 214, 2),
	(660, 214, 3),
	(661, 215, 1),
	(662, 215, 2),
	(663, 216, 1),
	(664, 216, 2),
	(665, 217, 1),
	(666, 217, 2),
	(667, 217, 3),
	(668, 218, 1),
	(669, 218, 2),
	(670, 218, 3),
	(671, 219, 1),
	(672, 219, 2),
	(673, 220, 1),
	(674, 220, 2),
	(675, 221, 1),
	(676, 221, 2),
	(677, 221, 3),
	(678, 222, 1),
	(679, 222, 2),
	(680, 222, 3),
	(681, 223, 1),
	(682, 223, 2),
	(683, 223, 3),
	(684, 224, 1),
	(685, 224, 2),
	(688, 225, 1),
	(687, 225, 2),
	(686, 225, 3),
	(690, 226, 1),
	(691, 226, 2),
	(689, 226, 3),
	(692, 227, 1),
	(693, 227, 2),
	(694, 227, 3),
	(697, 228, 1),
	(696, 228, 2),
	(695, 228, 3),
	(700, 229, 1),
	(699, 229, 2),
	(698, 229, 3),
	(701, 230, 1),
	(702, 230, 2),
	(703, 230, 3),
	(704, 231, 1),
	(705, 231, 2),
	(706, 231, 3),
	(707, 232, 1),
	(708, 232, 2),
	(709, 232, 3),
	(710, 233, 1),
	(711, 233, 2),
	(712, 234, 1),
	(714, 234, 2),
	(715, 234, 3),
	(713, 234, 4),
	(716, 235, 1),
	(717, 235, 2),
	(718, 235, 3),
	(719, 235, 4),
	(721, 236, 1),
	(720, 236, 3),
	(722, 237, 1),
	(723, 237, 2),
	(724, 237, 3),
	(725, 238, 1),
	(726, 238, 2),
	(727, 238, 3),
	(728, 239, 1),
	(729, 239, 2),
	(730, 239, 3),
	(731, 240, 1),
	(732, 240, 2),
	(733, 240, 3),
	(734, 241, 1),
	(735, 241, 2),
	(736, 242, 1),
	(737, 242, 2),
	(738, 242, 3),
	(739, 242, 4),
	(740, 243, 1),
	(741, 243, 2),
	(742, 243, 3),
	(743, 244, 1),
	(744, 244, 2),
	(745, 244, 3),
	(746, 244, 4),
	(747, 245, 1),
	(748, 245, 2),
	(749, 245, 3),
	(752, 246, 1),
	(751, 246, 2),
	(750, 246, 3),
	(753, 247, 1),
	(754, 247, 2),
	(755, 247, 3),
	(757, 249, 1),
	(758, 249, 2),
	(756, 249, 3),
	(761, 250, 1),
	(760, 250, 2),
	(759, 250, 3),
	(764, 251, 1),
	(763, 251, 2),
	(762, 251, 3),
	(765, 252, 1),
	(766, 252, 2),
	(767, 252, 3),
	(768, 253, 1),
	(769, 253, 2),
	(770, 253, 3),
	(771, 254, 1),
	(772, 254, 2),
	(773, 255, 1),
	(774, 255, 2),
	(775, 255, 3),
	(776, 255, 4),
	(777, 256, 1),
	(778, 256, 2),
	(779, 256, 3),
	(781, 257, 1),
	(782, 257, 2),
	(780, 257, 3),
	(783, 258, 1),
	(784, 258, 2),
	(785, 258, 3),
	(786, 259, 1),
	(787, 259, 2),
	(788, 259, 3),
	(789, 260, 1),
	(790, 260, 2),
	(791, 260, 3),
	(792, 261, 1),
	(793, 261, 2),
	(794, 261, 3),
	(795, 262, 1),
	(796, 262, 2),
	(797, 262, 3),
	(798, 263, 1),
	(799, 263, 2),
	(800, 263, 3),
	(801, 264, 1),
	(802, 264, 2),
	(803, 265, 1),
	(804, 265, 2),
	(806, 266, 1),
	(807, 266, 2),
	(805, 266, 3),
	(808, 267, 1),
	(809, 267, 2),
	(810, 267, 3),
	(811, 268, 1),
	(812, 268, 2),
	(813, 268, 3),
	(814, 268, 4),
	(815, 269, 1),
	(816, 269, 2),
	(817, 270, 1),
	(818, 270, 2),
	(819, 270, 3),
	(820, 271, 1),
	(821, 271, 2),
	(822, 271, 3),
	(823, 272, 1),
	(824, 272, 2),
	(825, 272, 3),
	(826, 272, 4),
	(827, 273, 1),
	(828, 273, 2),
	(829, 273, 3),
	(830, 273, 4),
	(831, 274, 1),
	(832, 274, 2),
	(833, 275, 1),
	(834, 275, 2),
	(835, 276, 1),
	(836, 276, 2),
	(838, 277, 1),
	(839, 277, 2),
	(837, 277, 3),
	(841, 278, 1),
	(840, 278, 3),
	(842, 279, 1),
	(843, 279, 2),
	(844, 279, 3),
	(845, 280, 1),
	(846, 280, 2),
	(847, 280, 3),
	(848, 281, 1),
	(849, 281, 2),
	(850, 281, 3),
	(851, 282, 1),
	(852, 282, 2),
	(853, 282, 3),
	(854, 283, 1),
	(855, 283, 2),
	(856, 283, 3),
	(857, 284, 1),
	(858, 284, 2),
	(859, 285, 1),
	(860, 285, 2),
	(861, 285, 4),
	(862, 286, 1),
	(863, 286, 2),
	(864, 286, 4),
	(865, 287, 1),
	(866, 287, 2),
	(867, 287, 3),
	(868, 288, 1),
	(869, 288, 2),
	(871, 288, 3),
	(870, 288, 4),
	(872, 289, 1),
	(873, 289, 2),
	(874, 289, 3),
	(875, 289, 4),
	(876, 290, 1),
	(877, 290, 2),
	(878, 290, 3),
	(879, 290, 4),
	(880, 291, 1),
	(881, 291, 2),
	(882, 291, 3),
	(883, 292, 1),
	(884, 292, 2),
	(885, 292, 3),
	(886, 293, 1),
	(887, 293, 2),
	(888, 293, 3),
	(889, 293, 4),
	(890, 294, 1),
	(891, 294, 2),
	(892, 294, 3),
	(893, 294, 4),
	(894, 295, 1),
	(895, 295, 2),
	(896, 295, 3),
	(897, 296, 1),
	(898, 296, 2),
	(900, 296, 3),
	(899, 296, 4),
	(901, 297, 1),
	(902, 297, 2),
	(903, 297, 3),
	(904, 297, 4),
	(905, 298, 1),
	(906, 298, 2),
	(908, 298, 3),
	(907, 298, 4),
	(910, 299, 1),
	(911, 299, 2),
	(909, 299, 3),
	(912, 300, 1),
	(913, 300, 2),
	(914, 300, 3),
	(916, 301, 1),
	(917, 301, 2),
	(915, 301, 3),
	(918, 302, 1),
	(919, 302, 2),
	(920, 302, 3),
	(921, 303, 1),
	(922, 303, 2),
	(923, 303, 3),
	(924, 304, 1),
	(925, 304, 2),
	(926, 304, 3),
	(927, 305, 1),
	(929, 305, 2),
	(930, 305, 3),
	(928, 305, 4),
	(931, 306, 1),
	(932, 306, 2),
	(933, 306, 3),
	(934, 307, 1),
	(935, 307, 2),
	(936, 307, 3),
	(938, 308, 1),
	(939, 308, 2),
	(937, 308, 3),
	(940, 309, 1),
	(941, 309, 2),
	(942, 309, 3),
	(943, 311, 1),
	(944, 311, 2),
	(945, 311, 3),
	(946, 312, 1),
	(947, 312, 2),
	(948, 312, 3),
	(950, 313, 1),
	(951, 313, 2),
	(949, 313, 3),
	(953, 314, 1),
	(954, 314, 2),
	(952, 314, 3),
	(955, 315, 1),
	(956, 315, 2),
	(957, 315, 3),
	(958, 316, 1),
	(959, 316, 2),
	(960, 316, 3),
	(961, 317, 1),
	(962, 317, 2),
	(963, 317, 3),
	(964, 318, 1),
	(965, 318, 2),
	(966, 318, 3),
	(967, 319, 1),
	(968, 319, 2),
	(969, 319, 3),
	(970, 319, 4),
	(971, 320, 1),
	(972, 320, 4),
	(973, 321, 1),
	(974, 321, 2),
	(975, 321, 3),
	(976, 322, 1),
	(977, 322, 2),
	(978, 322, 3),
	(979, 323, 1),
	(980, 323, 2),
	(981, 323, 3),
	(982, 324, 1),
	(983, 324, 2),
	(984, 324, 3),
	(985, 325, 1),
	(986, 325, 2),
	(987, 325, 3),
	(990, 326, 1),
	(989, 326, 2),
	(988, 326, 3),
	(993, 327, 1),
	(992, 327, 2),
	(991, 327, 3),
	(996, 328, 1),
	(995, 328, 2),
	(994, 328, 3),
	(999, 329, 1),
	(998, 329, 2),
	(997, 329, 3),
	(1000, 330, 1),
	(1001, 330, 2),
	(1002, 330, 3),
	(1003, 331, 1),
	(1004, 331, 2),
	(1005, 331, 3),
	(1006, 332, 1),
	(1007, 332, 2),
	(1008, 332, 3),
	(1009, 333, 1),
	(1010, 333, 2),
	(1011, 333, 3),
	(1012, 334, 1),
	(1013, 334, 2),
	(1014, 334, 3),
	(1015, 335, 1),
	(1016, 335, 2),
	(1017, 335, 3),
	(1020, 336, 1),
	(1019, 336, 2),
	(1018, 336, 3),
	(1021, 337, 1),
	(1022, 337, 2),
	(1023, 337, 3),
	(1024, 338, 1),
	(1025, 338, 2),
	(1026, 338, 3),
	(1027, 339, 1),
	(1028, 339, 2),
	(1029, 339, 3),
	(1030, 339, 4),
	(1033, 340, 1),
	(1032, 340, 2),
	(1031, 340, 3),
	(1034, 340, 4),
	(1036, 341, 1),
	(1037, 341, 2),
	(1035, 341, 3),
	(1038, 342, 1),
	(1039, 342, 2),
	(1040, 342, 3),
	(1041, 343, 1),
	(1042, 343, 2),
	(1043, 343, 3),
	(1044, 344, 1),
	(1045, 344, 2),
	(1046, 344, 3),
	(1047, 345, 1),
	(1048, 345, 2),
	(1049, 345, 3),
	(1050, 346, 1),
	(1051, 346, 2),
	(1052, 346, 3),
	(1054, 347, 1),
	(1055, 347, 2),
	(1053, 347, 3),
	(1056, 348, 1),
	(1057, 348, 2),
	(1058, 348, 3),
	(1059, 349, 1),
	(1060, 349, 2),
	(1061, 350, 1),
	(1062, 350, 2),
	(1063, 350, 3),
	(1064, 351, 1),
	(1065, 351, 2),
	(1066, 352, 1),
	(1067, 352, 2),
	(1068, 352, 3),
	(1069, 353, 1),
	(1070, 353, 2),
	(1071, 353, 3),
	(1072, 353, 4),
	(1073, 354, 1),
	(1074, 354, 2),
	(1075, 354, 3),
	(1076, 354, 4),
	(1077, 355, 1),
	(1078, 355, 2),
	(1079, 355, 3),
	(1082, 356, 1),
	(1081, 356, 2),
	(1080, 356, 3),
	(1085, 357, 1),
	(1084, 357, 2),
	(1083, 357, 3),
	(1086, 357, 4),
	(1089, 358, 1),
	(1088, 358, 2),
	(1087, 358, 3),
	(1092, 359, 1),
	(1091, 359, 2),
	(1090, 359, 3),
	(1095, 360, 1),
	(1094, 360, 2),
	(1093, 360, 3),
	(1098, 361, 1),
	(1097, 361, 2),
	(1096, 361, 3),
	(1101, 362, 1),
	(1100, 362, 2),
	(1099, 362, 3),
	(1102, 363, 1),
	(1103, 363, 2),
	(1104, 363, 3),
	(1107, 364, 1),
	(1106, 364, 2),
	(1105, 364, 3),
	(1108, 365, 1),
	(1109, 365, 2),
	(1110, 365, 3),
	(1111, 366, 1),
	(1112, 366, 2),
	(1113, 366, 3),
	(1114, 367, 1),
	(1115, 367, 2),
	(1117, 367, 3),
	(1116, 367, 4),
	(1119, 368, 1),
	(1120, 368, 2),
	(1118, 368, 3),
	(1121, 369, 1),
	(1122, 369, 2),
	(1123, 369, 3),
	(1124, 370, 1),
	(1125, 370, 2),
	(1126, 370, 3),
	(1127, 371, 1),
	(1128, 371, 2),
	(1131, 372, 1),
	(1130, 372, 2),
	(1129, 372, 3),
	(1133, 373, 1),
	(1134, 373, 2),
	(1132, 373, 3),
	(1135, 373, 4),
	(1138, 374, 1),
	(1137, 374, 2),
	(1136, 374, 3),
	(1139, 375, 1),
	(1140, 375, 2),
	(1141, 375, 3),
	(1142, 376, 1),
	(1143, 376, 2),
	(1144, 376, 3),
	(1145, 377, 1),
	(1146, 377, 2),
	(1147, 377, 3),
	(1148, 378, 1),
	(1149, 378, 2),
	(1150, 378, 3),
	(1151, 378, 4),
	(1152, 379, 1),
	(1153, 379, 2),
	(1154, 380, 1),
	(1155, 380, 2),
	(1156, 380, 3),
	(1157, 381, 1),
	(1158, 381, 2),
	(1159, 382, 1),
	(1160, 382, 2),
	(1161, 383, 1),
	(1162, 383, 2),
	(1163, 384, 1),
	(1164, 384, 2),
	(1166, 385, 1),
	(1165, 385, 3),
	(1167, 386, 1),
	(1168, 386, 2),
	(1169, 386, 3),
	(1170, 387, 1),
	(1171, 387, 4),
	(1172, 388, 1),
	(1173, 388, 4),
	(1174, 389, 1),
	(1175, 389, 2),
	(1176, 389, 3),
	(1177, 390, 1),
	(1178, 390, 2),
	(1179, 390, 3),
	(1180, 391, 1),
	(1181, 391, 2),
	(1182, 391, 3),
	(1183, 392, 1),
	(1184, 392, 2),
	(1185, 392, 3),
	(1186, 393, 1),
	(1187, 393, 2),
	(1188, 393, 3),
	(1189, 394, 1),
	(1190, 394, 2),
	(1191, 394, 3),
	(1192, 394, 4),
	(1193, 395, 1),
	(1194, 395, 2),
	(1195, 395, 3),
	(1196, 395, 4),
	(1197, 396, 1),
	(1198, 396, 2),
	(1199, 396, 3),
	(1200, 396, 4),
	(1201, 397, 1),
	(1202, 397, 2),
	(1203, 397, 3),
	(1204, 397, 4),
	(1205, 398, 1),
	(1206, 398, 2),
	(1207, 398, 3),
	(1208, 398, 4),
	(1209, 399, 1),
	(1210, 399, 2),
	(1211, 399, 3),
	(1212, 399, 4),
	(1213, 400, 1),
	(1214, 400, 2),
	(1215, 400, 3),
	(1216, 400, 4),
	(1217, 401, 1),
	(1218, 401, 2),
	(1219, 401, 3),
	(1220, 401, 4),
	(1221, 402, 1),
	(1222, 402, 2),
	(1223, 402, 3),
	(1224, 402, 4),
	(1225, 403, 1),
	(1226, 403, 2),
	(1227, 403, 3),
	(1228, 404, 1),
	(1229, 404, 2),
	(1231, 404, 3),
	(1230, 404, 4),
	(1233, 405, 1),
	(1232, 405, 3),
	(1234, 406, 1),
	(1235, 406, 2),
	(1236, 406, 3),
	(1237, 406, 4),
	(1238, 407, 1),
	(1239, 407, 2),
	(1240, 407, 3),
	(1241, 407, 4),
	(1242, 408, 1),
	(1243, 408, 2),
	(1244, 408, 3),
	(1245, 408, 4),
	(1246, 409, 1),
	(1247, 409, 2),
	(1248, 409, 3),
	(1249, 409, 4),
	(1250, 410, 1),
	(1251, 410, 2),
	(1252, 410, 3),
	(1253, 410, 4),
	(1254, 411, 1),
	(1255, 411, 2),
	(1256, 411, 3),
	(1257, 411, 4),
	(1258, 412, 1),
	(1259, 412, 2),
	(1260, 412, 3),
	(1261, 413, 1),
	(1262, 413, 2),
	(1263, 413, 3),
	(1264, 414, 1),
	(1265, 414, 2),
	(1266, 414, 3),
	(1267, 415, 1),
	(1268, 415, 2),
	(1269, 415, 3),
	(1271, 416, 1),
	(1272, 416, 2),
	(1270, 416, 3),
	(1273, 417, 1),
	(1274, 417, 2),
	(1275, 417, 3),
	(1277, 418, 1),
	(1278, 418, 2),
	(1276, 418, 3),
	(1279, 419, 1),
	(1280, 419, 2),
	(1281, 419, 3),
	(1282, 420, 1),
	(1283, 420, 2),
	(1284, 420, 3),
	(1285, 421, 1),
	(1286, 421, 2),
	(1287, 421, 3),
	(1288, 422, 1),
	(1289, 422, 2),
	(1290, 422, 3),
	(1291, 423, 1),
	(1292, 423, 2),
	(1294, 423, 3),
	(1293, 423, 4),
	(1295, 424, 1),
	(1296, 424, 2),
	(1298, 424, 3),
	(1297, 424, 4),
	(1299, 425, 1),
	(1300, 425, 2),
	(1301, 425, 3),
	(1302, 426, 1),
	(1304, 426, 2),
	(1305, 426, 3),
	(1303, 426, 4),
	(1306, 427, 1),
	(1308, 427, 2),
	(1309, 427, 3),
	(1307, 427, 4),
	(1310, 428, 1),
	(1311, 428, 2),
	(1312, 428, 3),
	(1313, 429, 1),
	(1314, 429, 2),
	(1315, 429, 3),
	(1316, 430, 1),
	(1319, 430, 2),
	(1318, 430, 3),
	(1317, 430, 4),
	(1320, 431, 1),
	(1321, 431, 2),
	(1322, 431, 3),
	(1323, 431, 4),
	(1324, 432, 1),
	(1325, 432, 2),
	(1326, 432, 3),
	(1327, 432, 4),
	(1328, 433, 1),
	(1329, 433, 2),
	(1331, 433, 3),
	(1330, 433, 4),
	(1332, 434, 1),
	(1333, 434, 2),
	(1334, 434, 3),
	(1335, 435, 1),
	(1336, 435, 2),
	(1337, 435, 3),
	(1338, 436, 1),
	(1339, 436, 2),
	(1341, 437, 1),
	(1342, 437, 2),
	(1340, 437, 3),
	(1344, 438, 1),
	(1345, 438, 2),
	(1343, 438, 3),
	(1346, 439, 1),
	(1347, 439, 2),
	(1349, 439, 3),
	(1348, 439, 4),
	(1350, 440, 1),
	(1351, 440, 2),
	(1352, 440, 3),
	(1353, 441, 1),
	(1354, 441, 2),
	(1355, 441, 3),
	(1356, 441, 4),
	(1357, 442, 1),
	(1358, 442, 2),
	(1359, 442, 3),
	(1360, 443, 1),
	(1361, 443, 2),
	(1362, 443, 3),
	(1363, 444, 1),
	(1364, 444, 2),
	(1365, 444, 3),
	(1366, 445, 1),
	(1367, 445, 2),
	(1368, 445, 3),
	(1369, 446, 1),
	(1370, 446, 2),
	(1371, 446, 3),
	(1372, 447, 1),
	(1373, 447, 2),
	(1374, 447, 3),
	(1375, 448, 1),
	(1376, 448, 2),
	(1377, 448, 3),
	(1378, 449, 1),
	(1379, 449, 2),
	(1380, 449, 3),
	(1381, 450, 1),
	(1382, 450, 2),
	(1383, 450, 3),
	(1384, 451, 1),
	(1385, 451, 2),
	(1386, 451, 3),
	(1387, 452, 1),
	(1388, 452, 2),
	(1389, 452, 3),
	(1390, 453, 1),
	(1391, 453, 2),
	(1392, 453, 3),
	(1393, 454, 1),
	(1394, 454, 2),
	(1395, 454, 3),
	(1396, 455, 1),
	(1397, 455, 2),
	(1398, 455, 3),
	(1399, 456, 1),
	(1400, 456, 2),
	(1401, 456, 3),
	(1402, 457, 1),
	(1403, 457, 2),
	(1404, 457, 3),
	(1405, 458, 1),
	(1406, 458, 2),
	(1407, 458, 3),
	(1408, 459, 1),
	(1409, 459, 2),
	(1410, 460, 1),
	(1411, 460, 2),
	(1412, 461, 1),
	(1413, 461, 2),
	(1414, 461, 3),
	(1415, 461, 4),
	(1416, 462, 1),
	(1417, 462, 2),
	(1419, 462, 3),
	(1418, 462, 4),
	(1420, 463, 1),
	(1421, 463, 2),
	(1423, 463, 3),
	(1422, 463, 4),
	(1424, 464, 1),
	(1425, 464, 2),
	(1427, 464, 3),
	(1426, 464, 4),
	(1428, 465, 1),
	(1429, 465, 2),
	(1430, 465, 3),
	(1431, 465, 4),
	(1432, 466, 1),
	(1433, 466, 2),
	(1434, 466, 3),
	(1435, 466, 4),
	(1436, 467, 1),
	(1437, 467, 2),
	(1438, 467, 3),
	(1439, 467, 4),
	(1440, 468, 1),
	(1441, 468, 2),
	(1442, 468, 3),
	(1443, 469, 1),
	(1444, 469, 2),
	(1445, 469, 3),
	(1446, 470, 1),
	(1447, 470, 2),
	(1448, 470, 3),
	(1449, 471, 1),
	(1450, 471, 2),
	(1451, 471, 3),
	(1452, 472, 1),
	(1453, 472, 2),
	(1454, 472, 3),
	(1455, 473, 1),
	(1456, 473, 2),
	(1457, 473, 3),
	(1458, 474, 1),
	(1459, 474, 2),
	(1461, 474, 3),
	(1460, 474, 4),
	(1462, 475, 1),
	(1463, 475, 2),
	(1464, 475, 3),
	(1465, 476, 1),
	(1466, 476, 2),
	(1467, 476, 3),
	(1468, 477, 1),
	(1469, 477, 2),
	(1470, 477, 3),
	(1471, 478, 1),
	(1472, 478, 2),
	(1473, 478, 3),
	(1474, 479, 1),
	(1475, 479, 2),
	(1476, 479, 3),
	(1477, 480, 1),
	(1478, 480, 2),
	(1479, 480, 3),
	(1480, 481, 1),
	(1481, 481, 2),
	(1482, 482, 1),
	(1483, 482, 2),
	(1484, 482, 3),
	(1485, 482, 4),
	(1486, 483, 1),
	(1487, 483, 2),
	(1488, 483, 3),
	(1489, 483, 4),
	(1490, 484, 1),
	(1491, 484, 2),
	(1492, 484, 3),
	(1493, 484, 4),
	(1494, 485, 1),
	(1495, 485, 2),
	(1496, 485, 3),
	(1497, 485, 4),
	(1498, 486, 1),
	(1499, 486, 2),
	(1500, 486, 4),
	(1501, 487, 1),
	(1502, 487, 2),
	(1503, 487, 4),
	(1506, 488, 1),
	(1505, 488, 2),
	(1504, 488, 3),
	(1508, 489, 1),
	(1509, 489, 2),
	(1507, 489, 3),
	(1510, 489, 4),
	(1513, 490, 1),
	(1512, 490, 2),
	(1511, 490, 3),
	(1516, 491, 1),
	(1515, 491, 2),
	(1514, 491, 3),
	(1519, 492, 1),
	(1518, 492, 2),
	(1517, 492, 3),
	(1522, 493, 1),
	(1521, 493, 2),
	(1520, 493, 3),
	(1523, 493, 4),
	(1524, 494, 1),
	(1525, 494, 2),
	(1526, 494, 3),
	(1527, 495, 1),
	(1528, 495, 2),
	(1529, 495, 3),
	(1531, 496, 1),
	(1532, 496, 2),
	(1530, 496, 3),
	(1533, 497, 1),
	(1534, 497, 2),
	(1535, 498, 1),
	(1536, 498, 2),
	(1537, 498, 3),
	(1538, 499, 1),
	(1539, 499, 2),
	(1540, 499, 3),
	(1542, 500, 1),
	(1543, 500, 2),
	(1541, 500, 3),
	(1544, 501, 1),
	(1545, 501, 2),
	(1546, 501, 3),
	(1547, 502, 1),
	(1548, 502, 2),
	(1549, 502, 3),
	(1550, 502, 4),
	(1551, 503, 1),
	(1552, 503, 2),
	(1553, 504, 1),
	(1554, 504, 2),
	(1555, 505, 1),
	(1556, 505, 2),
	(1557, 505, 3),
	(1558, 506, 1),
	(1559, 506, 2),
	(1560, 507, 1),
	(1561, 507, 2),
	(1562, 508, 1),
	(1563, 508, 2),
	(1565, 508, 3),
	(1564, 508, 4),
	(1566, 509, 1),
	(1567, 509, 2),
	(1568, 509, 3),
	(1569, 509, 4),
	(1570, 510, 1),
	(1571, 510, 2),
	(1572, 510, 3),
	(1573, 510, 4),
	(1574, 511, 1),
	(1575, 511, 2),
	(1576, 511, 3),
	(1577, 512, 1),
	(1578, 512, 2),
	(1579, 512, 3),
	(1580, 512, 4),
	(1581, 513, 1),
	(1582, 513, 2),
	(1583, 513, 3),
	(1584, 513, 4),
	(1585, 514, 1),
	(1586, 514, 2),
	(1587, 514, 3),
	(1588, 515, 1),
	(1589, 515, 2),
	(1590, 515, 3),
	(1591, 516, 1),
	(1592, 516, 2),
	(1593, 516, 3),
	(1595, 517, 1),
	(1596, 517, 2),
	(1594, 517, 3),
	(1598, 518, 1),
	(1599, 518, 2),
	(1597, 518, 3),
	(1601, 519, 1),
	(1602, 519, 2),
	(1600, 519, 3),
	(1603, 520, 1),
	(1604, 520, 2),
	(1605, 520, 3),
	(1606, 521, 1),
	(1607, 521, 2),
	(1608, 522, 1),
	(1609, 522, 2),
	(1610, 523, 1),
	(1611, 523, 2),
	(1612, 524, 1),
	(1613, 524, 2),
	(1614, 524, 3),
	(1615, 525, 1),
	(1616, 525, 2),
	(1617, 525, 3),
	(1618, 526, 1),
	(1619, 526, 2),
	(1620, 526, 3),
	(1621, 527, 1),
	(1622, 527, 2),
	(1623, 528, 1),
	(1624, 528, 2),
	(1626, 529, 1),
	(1625, 529, 3),
	(1627, 530, 1),
	(1628, 530, 2),
	(1629, 530, 3),
	(1630, 531, 1),
	(1631, 531, 2),
	(1632, 531, 3),
	(1633, 532, 1),
	(1634, 532, 2),
	(1635, 532, 3),
	(1636, 533, 1),
	(1637, 533, 2),
	(1638, 534, 1),
	(1639, 534, 2),
	(1640, 534, 3),
	(1643, 535, 1),
	(1642, 535, 2),
	(1641, 535, 3),
	(1646, 536, 1),
	(1645, 536, 2),
	(1644, 536, 3),
	(1649, 537, 1),
	(1648, 537, 2),
	(1647, 537, 3),
	(1650, 538, 1),
	(1651, 538, 2),
	(1652, 538, 3),
	(1653, 539, 1),
	(1654, 539, 2),
	(1655, 539, 3),
	(1656, 540, 1),
	(1657, 540, 2),
	(1658, 540, 3),
	(1659, 541, 1),
	(1660, 541, 2),
	(1661, 541, 3),
	(1663, 542, 1),
	(1664, 542, 2),
	(1662, 542, 3),
	(1666, 543, 1),
	(1667, 543, 2),
	(1665, 543, 3),
	(1668, 544, 1),
	(1669, 544, 2),
	(1670, 544, 3),
	(1671, 545, 1),
	(1672, 545, 2),
	(1673, 545, 3),
	(1675, 546, 1),
	(1674, 546, 3),
	(1677, 547, 1),
	(1676, 547, 3),
	(1678, 548, 1),
	(1679, 548, 2),
	(1680, 548, 3),
	(1681, 549, 1),
	(1682, 549, 2),
	(1683, 549, 3),
	(1684, 550, 1),
	(1685, 550, 2),
	(1687, 551, 1),
	(1688, 551, 2),
	(1686, 551, 3),
	(1689, 552, 1),
	(1690, 552, 2),
	(1691, 552, 3),
	(1693, 553, 1),
	(1694, 553, 2),
	(1692, 553, 3),
	(1696, 554, 1),
	(1697, 554, 2),
	(1695, 554, 3),
	(1698, 555, 1),
	(1699, 555, 2),
	(1700, 556, 1),
	(1701, 556, 2),
	(1702, 556, 3),
	(1703, 557, 1),
	(1704, 557, 2),
	(1705, 557, 3),
	(1706, 558, 1),
	(1707, 558, 2),
	(1708, 558, 3),
	(1709, 559, 1),
	(1710, 559, 2),
	(1711, 560, 1),
	(1712, 560, 2),
	(1713, 560, 3),
	(1714, 561, 1),
	(1715, 561, 2),
	(1716, 561, 3),
	(1717, 562, 1),
	(1718, 562, 2),
	(1719, 562, 3),
	(1720, 563, 1),
	(1721, 563, 2),
	(1722, 564, 1),
	(1723, 564, 2),
	(1724, 565, 1),
	(1725, 565, 2),
	(1726, 565, 3),
	(1727, 566, 1),
	(1728, 566, 2),
	(1729, 566, 3),
	(1730, 567, 1),
	(1731, 567, 2),
	(1732, 567, 3),
	(1733, 568, 1),
	(1734, 568, 2),
	(1735, 568, 3),
	(1736, 569, 1),
	(1737, 569, 2),
	(1738, 569, 3),
	(1739, 570, 1),
	(1740, 570, 2),
	(1741, 570, 3),
	(1743, 571, 1),
	(1744, 571, 2),
	(1742, 571, 3),
	(1745, 572, 1),
	(1746, 572, 2),
	(1747, 572, 3),
	(1748, 573, 1),
	(1749, 573, 2),
	(1750, 573, 3),
	(1751, 574, 1),
	(1753, 574, 2),
	(1754, 574, 3),
	(1752, 574, 4),
	(1756, 575, 1),
	(1757, 575, 2),
	(1755, 575, 3),
	(1760, 576, 1),
	(1759, 576, 2),
	(1758, 576, 3),
	(1761, 576, 4),
	(1762, 577, 1),
	(1763, 577, 2),
	(1764, 577, 3),
	(1765, 578, 1),
	(1766, 578, 2),
	(1767, 578, 3),
	(1768, 579, 1),
	(1769, 579, 2),
	(1770, 580, 1),
	(1771, 580, 2),
	(1772, 580, 3),
	(1773, 581, 1),
	(1774, 581, 2),
	(1775, 581, 3),
	(1776, 581, 4),
	(1777, 582, 1),
	(1778, 582, 2),
	(1779, 582, 3),
	(1781, 583, 1),
	(1782, 583, 2),
	(1780, 583, 3),
	(1784, 584, 1),
	(1785, 584, 2),
	(1783, 584, 3),
	(1787, 585, 1),
	(1788, 585, 2),
	(1786, 585, 3),
	(1789, 586, 1),
	(1790, 586, 2),
	(1791, 586, 3),
	(1792, 587, 1),
	(1793, 587, 2),
	(1794, 587, 3),
	(1795, 588, 1),
	(1796, 588, 2),
	(1797, 588, 3),
	(1798, 588, 4),
	(1799, 589, 1),
	(1800, 589, 2),
	(1801, 589, 3),
	(1803, 590, 1),
	(1805, 590, 2),
	(1802, 590, 3),
	(1804, 590, 4),
	(1806, 591, 1),
	(1807, 591, 2),
	(1808, 591, 3),
	(1809, 592, 1),
	(1810, 592, 2),
	(1811, 592, 3),
	(1812, 593, 1),
	(1813, 593, 2),
	(1814, 594, 1),
	(1815, 594, 2),
	(1816, 595, 1),
	(1817, 595, 2),
	(1818, 595, 3),
	(1819, 596, 1),
	(1820, 596, 2),
	(1821, 597, 1),
	(1822, 597, 2),
	(1823, 597, 3),
	(1824, 598, 1),
	(1825, 598, 2),
	(1826, 598, 3),
	(1827, 599, 1),
	(1828, 599, 2),
	(1829, 599, 3),
	(1830, 599, 4),
	(1831, 600, 1),
	(1832, 600, 2),
	(1833, 600, 3),
	(1834, 600, 4),
	(1835, 601, 1),
	(1836, 601, 2),
	(1837, 601, 3),
	(1839, 602, 1),
	(1840, 602, 2),
	(1838, 602, 3),
	(1841, 603, 1),
	(1842, 603, 2),
	(1843, 603, 3),
	(1846, 604, 1),
	(1845, 604, 2),
	(1844, 604, 3),
	(1847, 605, 1),
	(1848, 605, 2),
	(1849, 605, 3),
	(1850, 606, 1),
	(1851, 606, 2),
	(1852, 606, 3),
	(1853, 607, 1),
	(1854, 607, 2),
	(1855, 607, 3),
	(1856, 608, 1),
	(1857, 608, 2),
	(1858, 608, 3),
	(1859, 609, 1),
	(1860, 609, 2),
	(1861, 609, 3),
	(1862, 610, 1),
	(1863, 610, 2),
	(1864, 610, 3),
	(1865, 611, 1),
	(1866, 611, 2),
	(1867, 611, 3),
	(1869, 612, 1),
	(1870, 612, 2),
	(1868, 612, 3),
	(1871, 613, 1),
	(1872, 613, 2),
	(1873, 613, 3),
	(1874, 614, 1),
	(1875, 614, 2),
	(1876, 614, 3),
	(1877, 615, 1),
	(1878, 615, 2),
	(1879, 615, 3),
	(1880, 616, 1),
	(1881, 616, 2),
	(1882, 616, 3),
	(1883, 617, 1),
	(1884, 617, 2),
	(1885, 617, 3),
	(1886, 618, 1),
	(1887, 618, 2),
	(1888, 618, 3),
	(1890, 619, 1),
	(1891, 619, 2),
	(1889, 619, 3),
	(1892, 620, 1),
	(1893, 620, 2),
	(1894, 620, 3),
	(1896, 621, 1),
	(1897, 621, 2),
	(1895, 621, 3),
	(1898, 622, 1),
	(1899, 622, 2),
	(1900, 623, 1),
	(1901, 623, 2),
	(1902, 623, 3),
	(1903, 624, 1),
	(1904, 624, 2),
	(1905, 625, 1),
	(1906, 625, 2),
	(1907, 626, 1),
	(1908, 626, 2),
	(1909, 626, 3),
	(1910, 627, 1),
	(1911, 627, 2),
	(1912, 627, 3),
	(1913, 628, 1),
	(1914, 628, 2),
	(1915, 629, 1),
	(1916, 629, 2),
	(1917, 629, 3),
	(1918, 629, 4),
	(1919, 630, 1),
	(1920, 630, 2),
	(1921, 630, 3),
	(1922, 630, 4),
	(1923, 631, 1),
	(1924, 631, 2),
	(1926, 631, 3),
	(1925, 631, 4),
	(1927, 632, 1),
	(1928, 632, 2),
	(1929, 632, 3),
	(1930, 633, 1),
	(1931, 633, 2),
	(1932, 634, 1),
	(1933, 634, 2),
	(1934, 634, 3),
	(1935, 634, 4),
	(1936, 635, 1),
	(1937, 635, 2),
	(1938, 635, 3),
	(1939, 636, 1),
	(1940, 636, 2),
	(1941, 636, 3),
	(1942, 637, 1),
	(1943, 637, 2),
	(1944, 638, 1),
	(1945, 638, 2),
	(1946, 638, 3),
	(1947, 639, 1),
	(1948, 639, 2),
	(1950, 639, 3),
	(1949, 639, 4),
	(1952, 640, 1),
	(1951, 640, 3),
	(1953, 641, 1),
	(1954, 641, 2),
	(1955, 641, 3),
	(1956, 642, 1),
	(1957, 642, 2),
	(1958, 643, 1),
	(1959, 643, 2),
	(1960, 643, 3),
	(1961, 643, 4),
	(1962, 644, 1),
	(1963, 644, 2),
	(1964, 644, 3),
	(1965, 644, 4),
	(1966, 645, 1),
	(1967, 645, 2),
	(1968, 645, 3),
	(1969, 646, 1),
	(1970, 646, 2),
	(1971, 646, 3),
	(1974, 647, 1),
	(1973, 647, 2),
	(1972, 647, 3),
	(1975, 648, 1),
	(1976, 648, 2),
	(1977, 648, 3),
	(1978, 649, 1),
	(1979, 649, 2),
	(1981, 649, 3),
	(1980, 649, 4),
	(1982, 650, 1),
	(1983, 650, 2),
	(1984, 650, 3),
	(1985, 651, 1),
	(1986, 651, 2),
	(1987, 651, 3),
	(1990, 652, 1),
	(1989, 652, 2),
	(1988, 652, 3),
	(1993, 653, 1),
	(1992, 653, 2),
	(1991, 653, 3),
	(1995, 654, 1),
	(1996, 654, 2),
	(1994, 654, 3),
	(1997, 655, 1),
	(1998, 655, 2),
	(1999, 655, 3),
	(2000, 656, 1),
	(2001, 656, 2),
	(2002, 656, 3),
	(2003, 657, 1),
	(2004, 657, 2),
	(2005, 658, 1),
	(2006, 658, 2),
	(2007, 658, 3),
	(2008, 659, 1),
	(2009, 659, 2),
	(2010, 659, 3),
	(2012, 660, 1),
	(2013, 660, 2),
	(2011, 660, 3),
	(2015, 661, 1),
	(2016, 661, 2),
	(2014, 661, 3),
	(2017, 662, 1),
	(2018, 662, 2),
	(2019, 662, 3),
	(2020, 663, 1),
	(2021, 663, 2),
	(2022, 663, 3),
	(2023, 664, 1),
	(2024, 664, 2),
	(2025, 664, 3),
	(2026, 665, 1),
	(2027, 665, 2),
	(2028, 665, 3),
	(2029, 666, 1),
	(2030, 666, 2),
	(2031, 666, 3),
	(2032, 667, 1),
	(2033, 667, 2),
	(2034, 667, 3),
	(2035, 668, 1),
	(2036, 668, 2),
	(2037, 669, 1),
	(2038, 669, 2),
	(2039, 670, 1),
	(2040, 670, 2),
	(2041, 670, 3),
	(2042, 670, 4),
	(2043, 671, 1),
	(2044, 671, 2),
	(2045, 671, 3),
	(2046, 671, 4),
	(2047, 672, 1),
	(2048, 672, 2),
	(2049, 672, 3),
	(2050, 672, 4),
	(2051, 673, 1),
	(2052, 673, 2),
	(2053, 673, 3),
	(2054, 673, 4),
	(2055, 674, 1),
	(2056, 674, 2),
	(2057, 674, 4),
	(2058, 675, 1),
	(2059, 675, 2),
	(2060, 675, 4),
	(2061, 676, 1),
	(2062, 676, 2),
	(2063, 676, 3),
	(2064, 676, 4),
	(2065, 677, 1),
	(2066, 677, 2),
	(2067, 677, 3),
	(2068, 677, 4),
	(2069, 678, 1),
	(2070, 678, 2),
	(2071, 678, 3),
	(2072, 679, 1),
	(2073, 679, 2),
	(2074, 679, 3),
	(2075, 680, 1),
	(2077, 680, 2),
	(2078, 680, 3),
	(2076, 680, 4),
	(2079, 681, 1),
	(2080, 681, 2),
	(2081, 681, 3),
	(2082, 682, 1),
	(2083, 682, 2),
	(2084, 682, 3),
	(2085, 682, 4),
	(2086, 683, 1),
	(2087, 683, 2),
	(2088, 683, 3),
	(2089, 683, 4),
	(2090, 684, 1),
	(2091, 684, 2),
	(2092, 684, 3),
	(2093, 684, 4),
	(2094, 685, 1),
	(2095, 685, 2),
	(2096, 685, 3),
	(2097, 685, 4),
	(2098, 686, 1),
	(2099, 686, 2),
	(2100, 686, 3),
	(2101, 687, 1),
	(2102, 687, 2),
	(2103, 687, 3),
	(2104, 687, 4),
	(2105, 688, 1),
	(2106, 688, 2),
	(2107, 688, 3),
	(2108, 688, 4),
	(2109, 689, 1),
	(2110, 689, 2),
	(2111, 689, 3),
	(2112, 690, 1),
	(2113, 690, 2),
	(2114, 690, 3),
	(2115, 690, 4),
	(2116, 691, 1),
	(2117, 691, 2),
	(2118, 691, 3),
	(2119, 691, 4),
	(2120, 692, 1),
	(2121, 692, 2),
	(2123, 692, 3),
	(2122, 692, 4),
	(2124, 693, 1),
	(2125, 693, 2),
	(2126, 693, 3),
	(2127, 694, 1),
	(2128, 694, 2),
	(2129, 694, 3),
	(2130, 695, 1),
	(2131, 695, 2),
	(2132, 695, 3),
	(2133, 696, 1),
	(2134, 696, 2),
	(2135, 696, 3),
	(2136, 696, 4),
	(2137, 697, 1),
	(2138, 697, 2),
	(2139, 697, 3),
	(2140, 698, 1),
	(2141, 698, 2),
	(2142, 698, 3),
	(2143, 698, 4),
	(2144, 699, 1),
	(2145, 699, 2),
	(2146, 699, 3),
	(2147, 699, 4),
	(2148, 700, 1),
	(2149, 700, 2),
	(2151, 700, 3),
	(2150, 700, 4),
	(2152, 701, 1),
	(2153, 701, 2),
	(2154, 701, 3),
	(2155, 702, 1),
	(2156, 702, 2),
	(2157, 702, 3),
	(2158, 703, 1),
	(2159, 703, 2),
	(2160, 703, 3),
	(2161, 704, 1),
	(2162, 704, 2),
	(2163, 704, 3),
	(2164, 705, 1),
	(2165, 705, 2),
	(2166, 705, 3),
	(2167, 706, 1),
	(2168, 706, 2),
	(2169, 706, 3),
	(2170, 707, 1),
	(2171, 707, 2),
	(2172, 707, 3),
	(2173, 707, 4),
	(2174, 708, 1),
	(2175, 708, 2),
	(2176, 708, 3),
	(2177, 708, 4),
	(2178, 709, 1),
	(2179, 709, 2),
	(2180, 709, 3),
	(2181, 710, 1),
	(2182, 710, 2),
	(2183, 710, 3),
	(2184, 711, 1),
	(2185, 711, 2),
	(2186, 711, 3),
	(2187, 711, 4),
	(2188, 712, 1),
	(2189, 712, 2),
	(2190, 712, 3),
	(2191, 712, 4),
	(2192, 713, 1),
	(2193, 713, 2),
	(2194, 713, 3),
	(2195, 714, 1),
	(2196, 714, 2),
	(2197, 714, 3),
	(2198, 715, 1),
	(2199, 715, 2),
	(2200, 715, 3),
	(2201, 715, 4),
	(2202, 716, 1),
	(2203, 716, 2),
	(2204, 716, 3),
	(2205, 717, 1),
	(2206, 717, 2),
	(2207, 717, 3),
	(2208, 718, 1),
	(2209, 718, 2),
	(2212, 719, 1),
	(2211, 719, 2),
	(2210, 719, 3),
	(2214, 720, 1),
	(2215, 720, 2),
	(2213, 720, 3),
	(2216, 721, 1),
	(2217, 721, 2),
	(2218, 722, 1),
	(2219, 722, 2),
	(2220, 722, 3),
	(2221, 723, 1),
	(2222, 723, 2),
	(2223, 724, 1),
	(2224, 724, 2),
	(2225, 725, 1),
	(2226, 725, 2),
	(2227, 725, 3),
	(2228, 726, 1),
	(2229, 726, 2),
	(2230, 726, 3),
	(2231, 727, 1),
	(2232, 727, 2),
	(2233, 727, 3),
	(2234, 728, 1),
	(2235, 728, 2),
	(2236, 728, 3),
	(2237, 729, 1),
	(2238, 729, 2),
	(2239, 729, 3),
	(2240, 730, 1),
	(2241, 730, 2),
	(2242, 731, 1),
	(2243, 731, 2),
	(2245, 731, 3),
	(2244, 731, 4),
	(2246, 732, 1),
	(2247, 732, 2),
	(2248, 732, 3),
	(2251, 733, 1),
	(2250, 733, 2),
	(2249, 733, 3),
	(2252, 734, 1),
	(2253, 734, 2),
	(2254, 734, 3),
	(2255, 735, 1),
	(2256, 735, 2),
	(2257, 735, 3),
	(2258, 736, 1),
	(2259, 736, 2),
	(2260, 736, 3),
	(2261, 737, 1),
	(2262, 737, 2),
	(2263, 737, 3),
	(2264, 737, 4),
	(2265, 738, 1),
	(2266, 738, 2),
	(2267, 738, 3),
	(2268, 739, 1),
	(2269, 739, 2),
	(2270, 739, 3),
	(2271, 739, 4),
	(2272, 740, 1),
	(2273, 740, 2),
	(2274, 740, 3),
	(2275, 741, 1),
	(2276, 741, 2),
	(2277, 741, 3),
	(2280, 742, 1),
	(2279, 742, 2),
	(2278, 742, 3),
	(2281, 743, 1),
	(2284, 743, 2),
	(2283, 743, 3),
	(2282, 743, 4),
	(2285, 744, 1),
	(2286, 744, 2),
	(2288, 745, 1),
	(2289, 745, 2),
	(2287, 745, 3),
	(2290, 746, 1),
	(2291, 746, 2),
	(2292, 746, 3),
	(2295, 747, 1),
	(2294, 747, 2),
	(2293, 747, 3),
	(2296, 747, 4),
	(2298, 748, 1),
	(2300, 748, 2),
	(2297, 748, 3),
	(2299, 748, 4),
	(2301, 749, 1),
	(2302, 749, 4),
	(2304, 750, 1),
	(2305, 750, 2),
	(2303, 750, 3),
	(2306, 751, 1),
	(2307, 751, 2),
	(2308, 752, 1),
	(2309, 752, 2),
	(2310, 752, 3),
	(2312, 753, 1),
	(2313, 753, 2),
	(2311, 753, 3),
	(2314, 754, 1),
	(2315, 754, 2),
	(2316, 754, 3),
	(2317, 755, 1),
	(2318, 755, 2),
	(2319, 756, 1),
	(2320, 756, 2),
	(2321, 756, 3),
	(2322, 756, 4),
	(2324, 757, 1),
	(2325, 757, 2),
	(2323, 757, 3),
	(2328, 758, 1),
	(2327, 758, 2),
	(2326, 758, 3),
	(2329, 759, 1),
	(2330, 759, 2),
	(2331, 759, 3),
	(2332, 760, 1),
	(2333, 760, 2),
	(2334, 760, 3),
	(2336, 761, 1),
	(2337, 761, 2),
	(2335, 761, 3),
	(2338, 761, 4),
	(2339, 762, 1),
	(2340, 762, 2),
	(2341, 763, 1),
	(2342, 763, 2),
	(2343, 763, 3),
	(2344, 764, 1),
	(2345, 764, 2),
	(2346, 764, 3),
	(2347, 765, 1),
	(2348, 765, 2),
	(2349, 766, 1),
	(2350, 766, 2),
	(2351, 766, 3),
	(2352, 766, 4),
	(2353, 767, 1),
	(2354, 767, 2),
	(2356, 768, 1),
	(2357, 768, 2),
	(2355, 768, 3),
	(2358, 769, 1),
	(2359, 769, 2),
	(2360, 769, 3),
	(2361, 770, 1),
	(2362, 770, 2),
	(2363, 770, 3),
	(2364, 770, 4),
	(2365, 771, 1),
	(2366, 771, 2),
	(2367, 771, 3),
	(2368, 772, 1),
	(2369, 772, 2),
	(2370, 772, 3),
	(2373, 773, 1),
	(2372, 773, 2),
	(2371, 773, 3),
	(2374, 774, 1),
	(2375, 774, 2),
	(2376, 774, 3),
	(2377, 774, 4),
	(2379, 775, 1),
	(2381, 775, 2),
	(2378, 775, 3),
	(2380, 775, 4),
	(2384, 776, 1),
	(2383, 776, 2),
	(2382, 776, 3),
	(2385, 776, 4),
	(2387, 777, 1),
	(2388, 777, 2),
	(2386, 777, 3),
	(2389, 777, 4),
	(2392, 778, 1),
	(2391, 778, 2),
	(2390, 778, 3),
	(2393, 778, 4),
	(2395, 779, 1),
	(2396, 779, 2),
	(2394, 779, 3),
	(2399, 780, 1),
	(2398, 780, 2),
	(2397, 780, 3),
	(2402, 781, 1),
	(2401, 781, 2),
	(2400, 781, 3),
	(2405, 782, 1),
	(2404, 782, 2),
	(2403, 782, 3),
	(2407, 783, 1),
	(2408, 783, 2),
	(2406, 783, 3),
	(2409, 784, 1),
	(2410, 784, 2),
	(2411, 784, 3),
	(2413, 785, 1),
	(2414, 785, 2),
	(2412, 785, 3),
	(2415, 785, 4),
	(2418, 786, 1),
	(2417, 786, 2),
	(2416, 786, 3),
	(2421, 787, 1),
	(2420, 787, 2),
	(2419, 787, 3),
	(2424, 788, 1),
	(2423, 788, 2),
	(2422, 788, 3),
	(2426, 789, 1),
	(2427, 789, 2),
	(2425, 789, 3),
	(2430, 790, 1),
	(2429, 790, 2),
	(2428, 790, 3),
	(2431, 791, 1),
	(2432, 791, 2),
	(2433, 791, 3),
	(2434, 792, 1),
	(2435, 792, 2),
	(2436, 792, 3),
	(2437, 792, 4),
	(2438, 793, 1),
	(2439, 793, 2),
	(2440, 793, 3),
	(2441, 793, 4),
	(2442, 794, 1),
	(2443, 794, 2),
	(2444, 794, 3),
	(2445, 795, 1),
	(2446, 795, 2),
	(2447, 795, 3),
	(2448, 795, 4),
	(2451, 796, 1),
	(2450, 796, 2),
	(2449, 796, 3),
	(2452, 797, 1),
	(2453, 797, 2),
	(2454, 797, 3),
	(2455, 798, 1),
	(2456, 798, 2),
	(2457, 798, 3),
	(2460, 799, 1),
	(2459, 799, 2),
	(2458, 799, 3),
	(2461, 800, 1),
	(2462, 800, 2),
	(2463, 801, 1),
	(2464, 801, 2),
	(2465, 802, 1),
	(2466, 802, 2),
	(2467, 802, 3),
	(2468, 803, 1),
	(2469, 803, 2),
	(2470, 803, 3),
	(2471, 804, 1),
	(2472, 804, 2),
	(2473, 805, 1),
	(2474, 805, 2),
	(2475, 805, 3),
	(2476, 806, 1),
	(2477, 806, 2),
	(2478, 806, 3),
	(2479, 807, 1),
	(2480, 807, 4),
	(2481, 808, 1),
	(2482, 808, 2),
	(2483, 808, 3),
	(2484, 809, 1),
	(2485, 809, 2),
	(2486, 809, 3),
	(2487, 810, 1),
	(2488, 810, 2),
	(2489, 810, 3),
	(2490, 811, 1),
	(2491, 811, 2),
	(2492, 811, 3),
	(2494, 812, 1),
	(2495, 812, 2),
	(2493, 812, 3),
	(2496, 813, 1),
	(2497, 813, 2),
	(2498, 813, 3),
	(2499, 813, 4),
	(2500, 814, 1),
	(2501, 814, 2),
	(2502, 814, 3),
	(2503, 815, 1),
	(2504, 815, 2),
	(2505, 816, 1),
	(2506, 816, 2),
	(2507, 816, 3),
	(2508, 817, 1),
	(2509, 817, 2),
	(2510, 817, 3),
	(2511, 818, 1),
	(2512, 818, 2),
	(2513, 818, 3),
	(2514, 818, 4),
	(2515, 819, 1),
	(2516, 819, 2),
	(2517, 819, 3),
	(2518, 820, 1),
	(2519, 820, 2),
	(2520, 820, 3),
	(2521, 820, 4),
	(2522, 821, 1),
	(2523, 821, 2),
	(2524, 821, 3),
	(2525, 821, 4),
	(2528, 822, 1),
	(2527, 822, 2),
	(2526, 822, 3),
	(2529, 823, 1),
	(2530, 823, 2),
	(2531, 823, 3),
	(2532, 824, 1),
	(2533, 824, 2),
	(2534, 824, 3),
	(2535, 825, 1),
	(2536, 825, 2),
	(2537, 825, 3),
	(2538, 826, 1),
	(2539, 826, 2),
	(2540, 826, 3),
	(2541, 827, 1),
	(2542, 827, 2),
	(2543, 827, 3),
	(2544, 828, 1),
	(2545, 828, 2),
	(2546, 828, 3),
	(2547, 829, 1),
	(2548, 829, 2),
	(2549, 829, 3),
	(2550, 830, 1),
	(2551, 830, 2),
	(2552, 830, 3),
	(2553, 831, 1),
	(2554, 831, 2),
	(2556, 831, 3),
	(2555, 831, 4),
	(2557, 832, 1),
	(2558, 832, 2),
	(2559, 833, 1),
	(2560, 833, 2),
	(2561, 834, 1),
	(2562, 834, 2),
	(2563, 834, 3),
	(2566, 835, 1),
	(2565, 835, 2),
	(2564, 835, 3),
	(2567, 836, 1),
	(2568, 836, 2),
	(2569, 836, 3),
	(2570, 836, 4),
	(2572, 837, 1),
	(2573, 837, 2),
	(2571, 837, 3),
	(2576, 838, 1),
	(2575, 838, 2),
	(2574, 838, 3),
	(2579, 839, 1),
	(2578, 839, 2),
	(2577, 839, 3),
	(2580, 840, 1),
	(2581, 840, 2),
	(2582, 840, 3),
	(2583, 840, 4),
	(2584, 841, 1),
	(2585, 841, 2),
	(2587, 841, 3),
	(2586, 841, 4),
	(2588, 842, 1),
	(2589, 842, 2),
	(2591, 842, 3),
	(2590, 842, 4),
	(2592, 843, 1),
	(2593, 843, 2),
	(2594, 843, 3),
	(2595, 844, 1),
	(2596, 844, 2),
	(2597, 844, 3),
	(2599, 845, 1),
	(2600, 845, 2),
	(2598, 845, 3),
	(2601, 846, 1),
	(2602, 846, 2),
	(2603, 846, 3),
	(2604, 847, 1),
	(2605, 847, 2),
	(2606, 847, 3),
	(2607, 847, 4),
	(2608, 848, 1),
	(2609, 848, 2),
	(2610, 849, 1),
	(2611, 849, 2),
	(2612, 849, 3),
	(2613, 850, 1),
	(2614, 850, 2),
	(2615, 850, 3),
	(2616, 851, 1),
	(2617, 851, 2),
	(2618, 851, 3),
	(2619, 852, 1),
	(2620, 852, 2),
	(2621, 852, 3),
	(2622, 852, 4),
	(2623, 853, 1),
	(2624, 853, 2),
	(2625, 854, 1),
	(2626, 854, 2),
	(2627, 854, 3),
	(2628, 855, 1),
	(2629, 855, 2),
	(2630, 855, 3),
	(2631, 856, 1),
	(2632, 856, 2),
	(2635, 857, 1),
	(2634, 857, 2),
	(2633, 857, 3),
	(2638, 858, 1),
	(2637, 858, 2),
	(2636, 858, 3),
	(2641, 859, 1),
	(2640, 859, 2),
	(2639, 859, 3),
	(2644, 860, 1),
	(2643, 860, 2),
	(2642, 860, 3),
	(2645, 861, 1),
	(2646, 861, 2),
	(2649, 862, 1),
	(2648, 862, 2),
	(2647, 862, 3),
	(2650, 863, 1),
	(2651, 863, 2),
	(2652, 863, 3),
	(2655, 864, 1),
	(2654, 864, 2),
	(2653, 864, 3),
	(2656, 864, 4),
	(2657, 865, 1),
	(2658, 865, 2),
	(2659, 865, 3),
	(2660, 866, 1),
	(2661, 866, 2),
	(2662, 866, 3),
	(2665, 867, 1),
	(2664, 867, 2),
	(2663, 867, 3),
	(2666, 868, 1),
	(2667, 868, 2),
	(2668, 868, 3),
	(2670, 869, 1),
	(2671, 869, 2),
	(2669, 869, 3),
	(2672, 870, 1),
	(2673, 870, 2),
	(2674, 870, 3),
	(2676, 871, 1),
	(2677, 871, 2),
	(2675, 871, 3),
	(2678, 872, 1),
	(2679, 872, 2),
	(2680, 872, 3),
	(2681, 872, 4),
	(2682, 873, 1),
	(2683, 873, 2),
	(2685, 873, 3),
	(2684, 873, 4),
	(2687, 874, 1),
	(2688, 874, 2),
	(2686, 874, 3),
	(2689, 875, 1),
	(2690, 875, 2),
	(2691, 875, 3),
	(2692, 876, 1),
	(2693, 876, 2),
	(2694, 876, 3),
	(2697, 877, 1),
	(2696, 877, 2),
	(2695, 877, 3),
	(2698, 878, 1),
	(2699, 878, 2),
	(2700, 878, 3),
	(2703, 879, 1),
	(2702, 879, 2),
	(2701, 879, 3),
	(2704, 880, 1),
	(2705, 880, 2),
	(2706, 880, 3),
	(2707, 881, 1),
	(2708, 881, 2),
	(2711, 882, 1),
	(2710, 882, 2),
	(2709, 882, 3),
	(2712, 883, 1),
	(2713, 883, 2),
	(2715, 883, 3),
	(2714, 883, 4),
	(2717, 884, 1),
	(2718, 884, 2),
	(2716, 884, 3),
	(2719, 885, 1),
	(2720, 885, 2),
	(2721, 886, 1),
	(2722, 886, 4),
	(2723, 887, 1),
	(2724, 887, 2),
	(2725, 887, 3),
	(2726, 887, 4),
	(2729, 888, 1),
	(2728, 888, 2),
	(2727, 888, 3),
	(2730, 889, 1),
	(2731, 889, 2),
	(2732, 890, 1),
	(2733, 890, 2),
	(2734, 891, 1),
	(2735, 891, 2),
	(2736, 891, 3),
	(2737, 892, 1),
	(2738, 892, 2),
	(2739, 892, 3),
	(2740, 892, 4),
	(2741, 893, 1),
	(2742, 893, 2),
	(2743, 893, 3),
	(2745, 894, 1),
	(2746, 894, 2),
	(2744, 894, 3),
	(2747, 895, 1),
	(2748, 895, 2),
	(2749, 895, 3),
	(2750, 895, 4),
	(2751, 896, 1),
	(2752, 896, 2),
	(2753, 896, 3),
	(2754, 896, 4),
	(2755, 897, 1),
	(2756, 897, 2),
	(2758, 897, 3),
	(2757, 897, 4),
	(2760, 898, 1),
	(2759, 898, 2),
	(2761, 898, 3),
	(2762, 898, 4),
	(2764, 899, 1),
	(2765, 899, 2),
	(2763, 899, 3),
	(2766, 900, 1),
	(2767, 900, 2),
	(2768, 900, 3),
	(2770, 901, 1),
	(2769, 901, 2),
	(2771, 901, 3),
	(2772, 901, 4),
	(2773, 902, 1),
	(2774, 902, 2),
	(2775, 902, 3),
	(2776, 903, 1),
	(2777, 903, 2),
	(2779, 903, 3),
	(2778, 903, 4),
	(2781, 904, 1),
	(2782, 904, 2),
	(2780, 904, 3),
	(2783, 905, 1),
	(2784, 905, 2),
	(2785, 905, 3),
	(2786, 906, 1),
	(2787, 906, 2),
	(2788, 906, 3),
	(2790, 907, 1),
	(2791, 907, 2),
	(2789, 907, 3),
	(2792, 908, 1),
	(2793, 908, 2),
	(2794, 908, 3),
	(2795, 909, 1),
	(2796, 909, 2),
	(2797, 909, 3),
	(2798, 910, 1),
	(2799, 910, 2),
	(2800, 910, 3),
	(2801, 911, 1),
	(2802, 911, 2),
	(2804, 911, 3),
	(2803, 911, 4),
	(2806, 912, 1),
	(2807, 912, 2),
	(2805, 912, 3),
	(2808, 913, 1),
	(2809, 913, 2),
	(2811, 914, 1),
	(2812, 914, 2),
	(2810, 914, 3),
	(2813, 915, 1),
	(2814, 915, 2),
	(2815, 915, 3),
	(2817, 916, 1),
	(2816, 916, 2),
	(2818, 916, 3),
	(2819, 916, 4),
	(2820, 917, 1),
	(2821, 917, 2),
	(2822, 918, 1),
	(2823, 918, 2),
	(2825, 918, 3),
	(2824, 918, 4),
	(2826, 919, 1),
	(2827, 919, 2),
	(2828, 919, 3),
	(2829, 920, 1),
	(2830, 920, 2),
	(2831, 920, 3),
	(2832, 920, 4),
	(2833, 921, 1),
	(2834, 921, 2),
	(2835, 921, 3),
	(2836, 922, 1),
	(2837, 922, 2),
	(2838, 922, 3),
	(2839, 923, 1),
	(2840, 923, 2),
	(2841, 923, 3),
	(2843, 924, 1),
	(2844, 924, 2),
	(2842, 924, 3),
	(2845, 925, 1),
	(2846, 925, 2),
	(2847, 926, 1),
	(2848, 926, 2),
	(2849, 926, 3),
	(2851, 927, 1),
	(2850, 927, 3),
	(2852, 928, 1),
	(2853, 928, 2),
	(2854, 928, 3),
	(2855, 928, 4),
	(2856, 929, 1),
	(2857, 929, 2),
	(2858, 929, 3),
	(2860, 930, 1),
	(2859, 930, 3),
	(2861, 931, 1),
	(2862, 931, 2),
	(2864, 931, 3),
	(2863, 931, 4),
	(2865, 932, 1),
	(2866, 932, 2),
	(2867, 932, 3),
	(2869, 933, 1),
	(2868, 933, 3),
	(2870, 934, 1),
	(2871, 934, 2),
	(2873, 934, 3),
	(2872, 934, 4),
	(2874, 935, 1),
	(2875, 935, 2),
	(2877, 935, 3),
	(2876, 935, 4),
	(2879, 936, 1),
	(2880, 936, 2),
	(2878, 936, 3),
	(2881, 937, 1),
	(2882, 937, 2),
	(2883, 937, 3),
	(2884, 937, 4),
	(2886, 938, 1),
	(2887, 938, 2),
	(2885, 938, 3),
	(2888, 939, 1),
	(2889, 939, 2),
	(2890, 940, 1),
	(2891, 940, 2),
	(2892, 941, 1),
	(2893, 941, 2),
	(2894, 941, 3),
	(2895, 942, 1),
	(2896, 942, 2),
	(2897, 942, 3),
	(2898, 943, 1),
	(2899, 943, 2),
	(2900, 943, 3),
	(2901, 944, 1),
	(2902, 944, 2),
	(2903, 944, 3),
	(2904, 945, 1),
	(2905, 945, 2),
	(2906, 945, 3),
	(2907, 946, 1),
	(2908, 946, 2),
	(2909, 946, 3),
	(2910, 947, 1),
	(2911, 947, 2),
	(2912, 947, 3),
	(2913, 948, 1),
	(2914, 948, 2),
	(2915, 948, 3),
	(2916, 949, 1),
	(2917, 949, 2),
	(2918, 949, 3),
	(2919, 950, 1),
	(2920, 950, 2),
	(2921, 950, 3),
	(2922, 951, 1),
	(2923, 951, 2),
	(2925, 951, 3),
	(2924, 951, 4),
	(2926, 952, 1),
	(2927, 952, 2),
	(2928, 952, 3),
	(2929, 952, 4),
	(2930, 953, 1),
	(2931, 953, 2),
	(2932, 953, 3),
	(2933, 954, 1),
	(2934, 954, 2),
	(2935, 954, 3),
	(2936, 954, 4),
	(2937, 955, 1),
	(2938, 955, 2),
	(2939, 955, 3),
	(2940, 955, 4),
	(2941, 956, 1),
	(2942, 956, 2),
	(2943, 956, 3),
	(2944, 956, 4),
	(2945, 957, 1),
	(2946, 957, 2),
	(2947, 957, 3),
	(2948, 958, 1),
	(2949, 958, 2),
	(2950, 958, 3),
	(2951, 959, 1),
	(2952, 959, 2),
	(2953, 960, 1),
	(2954, 960, 2),
	(2955, 960, 3),
	(2956, 961, 1),
	(2957, 961, 2),
	(2958, 961, 3),
	(2959, 962, 1),
	(2960, 962, 2),
	(2961, 963, 1),
	(2962, 963, 2),
	(2963, 963, 3),
	(2964, 964, 1),
	(2965, 964, 2),
	(2967, 964, 3),
	(2966, 964, 4),
	(2969, 965, 1),
	(2970, 965, 2),
	(2968, 965, 3),
	(2971, 966, 1),
	(2972, 966, 2),
	(2973, 966, 3),
	(2974, 967, 1),
	(2975, 967, 2),
	(2976, 967, 3),
	(2977, 968, 1),
	(2978, 968, 2),
	(2979, 968, 3),
	(2981, 969, 1),
	(2982, 969, 2),
	(2980, 969, 3),
	(2983, 970, 1),
	(2984, 970, 2),
	(2985, 971, 1),
	(2986, 971, 2),
	(2987, 971, 3),
	(2988, 972, 1),
	(2989, 972, 2),
	(2990, 972, 3),
	(2991, 973, 1),
	(2992, 973, 4),
	(2993, 974, 1),
	(2994, 974, 2),
	(2995, 974, 3),
	(2996, 975, 1),
	(2997, 975, 2),
	(2998, 976, 1),
	(2999, 976, 2),
	(3000, 976, 3),
	(3001, 976, 4),
	(3002, 977, 1),
	(3003, 977, 2),
	(3004, 977, 4),
	(3005, 978, 1),
	(3006, 978, 2),
	(3007, 978, 3),
	(3008, 978, 4),
	(3009, 979, 1),
	(3010, 979, 2),
	(3011, 979, 3),
	(3012, 979, 4),
	(3013, 980, 1),
	(3014, 980, 2),
	(3015, 980, 4),
	(3016, 981, 1),
	(3017, 981, 2),
	(3018, 981, 3),
	(3019, 982, 1),
	(3020, 982, 2),
	(3021, 982, 3),
	(3022, 983, 1),
	(3023, 983, 2),
	(3024, 983, 3),
	(3025, 983, 4),
	(3026, 984, 1),
	(3027, 984, 2),
	(3028, 984, 3),
	(3029, 984, 4),
	(3030, 985, 1),
	(3031, 985, 2),
	(3032, 985, 3),
	(3033, 985, 4),
	(3034, 986, 1),
	(3035, 986, 2),
	(3036, 986, 3),
	(3037, 986, 4),
	(3038, 987, 1),
	(3039, 987, 2),
	(3040, 987, 3),
	(3041, 987, 4),
	(3042, 988, 1),
	(3043, 988, 2),
	(3044, 988, 3),
	(3045, 988, 4),
	(3046, 989, 1),
	(3047, 989, 2),
	(3048, 989, 3),
	(3049, 989, 4),
	(3050, 990, 1),
	(3051, 990, 2),
	(3052, 990, 3),
	(3053, 990, 4),
	(3054, 991, 1),
	(3055, 991, 2),
	(3056, 991, 3),
	(3057, 991, 4),
	(3058, 992, 1),
	(3059, 992, 2),
	(3060, 992, 3),
	(3061, 992, 4),
	(3062, 993, 1),
	(3063, 993, 2),
	(3064, 993, 3),
	(3065, 993, 4),
	(3066, 994, 1),
	(3067, 994, 2),
	(3068, 994, 3),
	(3069, 994, 4),
	(3070, 995, 1),
	(3071, 995, 2),
	(3072, 995, 3),
	(3073, 995, 4),
	(3074, 996, 1),
	(3075, 996, 2),
	(3076, 996, 3),
	(3077, 996, 4),
	(3078, 997, 1),
	(3079, 997, 2),
	(3080, 997, 3),
	(3081, 997, 4),
	(3082, 998, 1),
	(3083, 998, 3),
	(3084, 999, 1),
	(3085, 1000, 1),
	(3087, 1001, 1),
	(3086, 1001, 3),
	(3089, 1002, 1),
	(3088, 1002, 2),
	(3090, 1003, 1),
	(3092, 1003, 2),
	(3091, 1003, 3),
	(3093, 1004, 1),
	(3094, 1004, 2),
	(3095, 1004, 3),
	(3097, 1005, 1),
	(3098, 1005, 2),
	(3096, 1005, 3),
	(3099, 1006, 1),
	(3100, 1006, 2),
	(3101, 1006, 3),
	(3102, 1007, 1),
	(3103, 1007, 2),
	(3104, 1007, 3),
	(3105, 1008, 1),
	(3106, 1008, 2),
	(3107, 1008, 3),
	(3108, 1009, 1),
	(3109, 1009, 3),
	(3110, 1010, 1),
	(3112, 1010, 2),
	(3111, 1010, 3),
	(3113, 1011, 1),
	(3114, 1011, 3),
	(3115, 1012, 1),
	(3116, 1012, 2),
	(3117, 1012, 3),
	(3118, 1012, 4),
	(3119, 1013, 1),
	(3120, 1013, 2),
	(3121, 1013, 3),
	(3122, 1013, 4),
	(3123, 1014, 1),
	(3124, 1014, 2),
	(3125, 1014, 3),
	(3126, 1014, 4),
	(3127, 1015, 1),
	(3128, 1015, 2),
	(3129, 1015, 3),
	(3130, 1015, 4),
	(3131, 1016, 1),
	(3132, 1016, 2),
	(3133, 1016, 3),
	(3134, 1016, 4),
	(3135, 1017, 1),
	(3136, 1017, 2),
	(3137, 1017, 3),
	(3138, 1017, 4),
	(3139, 1018, 1),
	(3140, 1018, 2),
	(3141, 1018, 3),
	(3142, 1018, 4),
	(3143, 1019, 1),
	(3144, 1019, 2),
	(3145, 1019, 3),
	(3146, 1019, 4),
	(3147, 1020, 1),
	(3148, 1020, 2),
	(3149, 1020, 3),
	(3150, 1020, 4),
	(3151, 1021, 1),
	(3152, 1021, 2),
	(3153, 1021, 3),
	(3154, 1021, 4),
	(3155, 1022, 1),
	(3156, 1022, 2),
	(3157, 1022, 3),
	(3158, 1022, 4),
	(3159, 1023, 1),
	(3160, 1023, 2),
	(3161, 1023, 3),
	(3162, 1023, 4),
	(3163, 1024, 1),
	(3164, 1024, 2),
	(3165, 1024, 4),
	(3166, 1025, 1),
	(3167, 1025, 2),
	(3168, 1025, 3),
	(3169, 1025, 4),
	(3170, 1026, 1),
	(3171, 1026, 2),
	(3172, 1026, 3),
	(3173, 1026, 4),
	(3174, 1027, 1),
	(3175, 1027, 2),
	(3176, 1027, 3),
	(3177, 1027, 4),
	(3178, 1028, 1),
	(3179, 1028, 2),
	(3180, 1028, 3),
	(3181, 1028, 4),
	(3182, 1029, 1),
	(3183, 1029, 2),
	(3184, 1029, 3),
	(3185, 1029, 4),
	(3186, 1030, 1),
	(3187, 1030, 2),
	(3188, 1030, 3),
	(3189, 1030, 4),
	(3190, 1031, 1),
	(3191, 1031, 2),
	(3192, 1031, 3),
	(3193, 1031, 4),
	(3194, 1032, 1),
	(3195, 1032, 2),
	(3196, 1032, 3),
	(3197, 1032, 4),
	(3198, 1033, 1),
	(3199, 1033, 2),
	(3200, 1033, 3),
	(3201, 1033, 4),
	(3202, 1034, 1),
	(3203, 1034, 2),
	(3204, 1034, 4),
	(3205, 1035, 1),
	(3206, 1035, 2),
	(3207, 1035, 4),
	(3208, 1036, 1),
	(3209, 1036, 2),
	(3210, 1036, 3),
	(3211, 1036, 4),
	(3212, 1037, 1),
	(3213, 1037, 2),
	(3214, 1037, 3),
	(3215, 1037, 4),
	(3216, 1038, 1),
	(3217, 1038, 2),
	(3218, 1038, 4),
	(3219, 1039, 1),
	(3220, 1039, 2),
	(3221, 1039, 4),
	(3222, 1040, 1),
	(3223, 1040, 2),
	(3224, 1040, 4),
	(3225, 1041, 1),
	(3226, 1041, 2),
	(3227, 1041, 4),
	(3228, 1042, 1),
	(3229, 1042, 2),
	(3230, 1042, 4),
	(3231, 1043, 1),
	(3232, 1043, 2),
	(3233, 1043, 4),
	(3234, 1044, 1),
	(3235, 1044, 2),
	(3236, 1044, 4),
	(3237, 1045, 1),
	(3238, 1045, 2),
	(3239, 1045, 4),
	(3240, 1046, 1),
	(3241, 1046, 2),
	(3242, 1046, 4),
	(3243, 1047, 1),
	(3244, 1047, 2),
	(3245, 1047, 4),
	(3246, 1048, 1),
	(3247, 1048, 2),
	(3248, 1048, 4),
	(3249, 1049, 1),
	(3250, 1049, 2),
	(3251, 1049, 3),
	(3252, 1049, 4),
	(3253, 1050, 1),
	(3254, 1050, 2),
	(3255, 1051, 1),
	(3256, 1051, 2),
	(3257, 1052, 1),
	(3258, 1052, 2),
	(3259, 1052, 4),
	(3260, 1053, 1),
	(3261, 1053, 2),
	(3262, 1053, 4),
	(3264, 1055, 1),
	(3265, 1055, 2),
	(3263, 1055, 3),
	(3266, 1056, 1),
	(3267, 1056, 2),
	(3268, 1056, 4),
	(3269, 1057, 1),
	(3270, 1057, 2),
	(3271, 1058, 1),
	(3272, 1058, 2),
	(3273, 1059, 1),
	(3274, 1059, 2),
	(3275, 1060, 1),
	(3276, 1060, 2),
	(3277, 1061, 1),
	(3278, 1061, 2),
	(3279, 1062, 1),
	(3280, 1062, 2),
	(3281, 1063, 1),
	(3282, 1063, 2),
	(3283, 1064, 1),
	(3284, 1064, 2),
	(3285, 1064, 4),
	(3286, 1065, 1),
	(3287, 1065, 2),
	(3288, 1065, 3),
	(3289, 1065, 4),
	(3290, 1066, 1),
	(3291, 1066, 2),
	(3292, 1066, 3),
	(3293, 1066, 4),
	(3294, 1067, 1),
	(3295, 1067, 2),
	(3296, 1067, 3),
	(3297, 1067, 4),
	(3298, 1068, 1),
	(3299, 1068, 2),
	(3300, 1068, 3),
	(3301, 1068, 4),
	(3302, 1069, 1),
	(3303, 1069, 2),
	(3304, 1069, 3),
	(3305, 1069, 4),
	(3306, 1070, 1),
	(3307, 1070, 2),
	(3308, 1070, 3),
	(3309, 1070, 4),
	(3310, 1071, 1),
	(3311, 1071, 2),
	(3312, 1071, 3),
	(3313, 1071, 4),
	(3314, 1072, 1),
	(3315, 1072, 2),
	(3316, 1072, 3),
	(3317, 1072, 4),
	(3318, 1073, 1),
	(3319, 1073, 2),
	(3320, 1073, 3),
	(3321, 1073, 4),
	(3322, 1074, 1),
	(3323, 1074, 2),
	(3324, 1074, 3),
	(3325, 1074, 4),
	(3326, 1075, 1),
	(3327, 1075, 2),
	(3328, 1075, 3),
	(3329, 1075, 4),
	(3330, 1076, 1),
	(3331, 1076, 2),
	(3332, 1076, 3),
	(3333, 1076, 4),
	(3334, 1077, 1),
	(3335, 1077, 2),
	(3336, 1077, 3),
	(3337, 1078, 1),
	(3338, 1078, 2),
	(3339, 1078, 3),
	(3340, 1079, 1),
	(3341, 1079, 2),
	(3342, 1079, 3),
	(3343, 1080, 1),
	(3344, 1080, 2),
	(3345, 1080, 3),
	(3346, 1081, 1),
	(3347, 1081, 2),
	(3348, 1082, 1),
	(3349, 1082, 2),
	(3350, 1083, 1),
	(3351, 1083, 2),
	(3352, 1084, 1),
	(3353, 1084, 2),
	(3354, 1085, 1),
	(3355, 1085, 2),
	(3356, 1086, 1),
	(3357, 1086, 2),
	(3358, 1087, 1),
	(3359, 1087, 2),
	(3360, 1088, 1),
	(3361, 1088, 2),
	(3362, 1089, 1),
	(3363, 1089, 2),
	(3364, 1090, 1),
	(3365, 1090, 2),
	(3366, 1091, 1),
	(3367, 1091, 2),
	(3369, 1092, 1),
	(3370, 1092, 2),
	(3368, 1092, 3),
	(3372, 1093, 1),
	(3373, 1093, 2),
	(3371, 1093, 3),
	(3375, 1094, 1),
	(3376, 1094, 2),
	(3374, 1094, 3),
	(3378, 1095, 1),
	(3377, 1095, 3),
	(3380, 1096, 1),
	(3379, 1096, 3),
	(3381, 1097, 1),
	(3382, 1097, 2),
	(3383, 1097, 3),
	(3384, 1098, 1),
	(3385, 1098, 2),
	(3386, 1098, 3),
	(3387, 1099, 1),
	(3388, 1099, 2),
	(3389, 1099, 3),
	(3390, 1100, 1),
	(3391, 1100, 2),
	(3392, 1100, 3),
	(3393, 1101, 1),
	(3394, 1101, 2),
	(3395, 1101, 3),
	(3396, 1102, 1),
	(3397, 1102, 2),
	(3398, 1102, 3),
	(3399, 1103, 1),
	(3400, 1103, 2),
	(3401, 1103, 3),
	(3402, 1104, 1),
	(3403, 1104, 2),
	(3404, 1104, 3),
	(3405, 1105, 1),
	(3406, 1105, 2),
	(3407, 1105, 3),
	(3408, 1106, 1),
	(3409, 1106, 2),
	(3410, 1106, 3),
	(3411, 1107, 1),
	(3412, 1107, 2),
	(3413, 1107, 3),
	(3414, 1108, 1),
	(3415, 1108, 2),
	(3416, 1108, 3),
	(3417, 1109, 1),
	(3418, 1109, 2),
	(3419, 1109, 3),
	(3420, 1110, 1),
	(3421, 1110, 2),
	(3422, 1110, 3),
	(3423, 1111, 1),
	(3424, 1111, 2),
	(3425, 1111, 3),
	(3426, 1112, 1),
	(3427, 1112, 2),
	(3428, 1112, 3),
	(3429, 1113, 1),
	(3430, 1113, 2),
	(3431, 1113, 3),
	(3432, 1114, 1),
	(3433, 1114, 2),
	(3434, 1114, 3),
	(3435, 1115, 1),
	(3436, 1115, 2),
	(3437, 1115, 3),
	(3438, 1116, 1),
	(3439, 1116, 2),
	(3440, 1116, 3),
	(3441, 1117, 1),
	(3442, 1117, 2),
	(3443, 1117, 3),
	(3444, 1118, 1),
	(3445, 1118, 2),
	(3446, 1118, 3),
	(3447, 1119, 1),
	(3448, 1119, 2),
	(3449, 1119, 3),
	(3450, 1120, 1),
	(3451, 1120, 2),
	(3452, 1120, 3),
	(3453, 1121, 1),
	(3454, 1121, 2),
	(3455, 1121, 3),
	(3456, 1122, 1),
	(3457, 1122, 2),
	(3458, 1122, 3),
	(3459, 1123, 1),
	(3460, 1123, 2),
	(3461, 1123, 3),
	(3462, 1124, 1),
	(3463, 1124, 2),
	(3464, 1125, 1),
	(3465, 1125, 2),
	(3466, 1126, 1),
	(3467, 1126, 2),
	(3468, 1127, 1),
	(3469, 1127, 2),
	(3470, 1128, 1),
	(3471, 1128, 2),
	(3472, 1129, 1),
	(3473, 1129, 2),
	(3474, 1130, 1),
	(3475, 1130, 2),
	(3476, 1131, 1),
	(3477, 1131, 2),
	(3478, 1132, 1),
	(3479, 1132, 2),
	(3480, 1133, 1),
	(3481, 1133, 2),
	(3482, 1134, 1),
	(3483, 1134, 2),
	(3484, 1135, 1),
	(3485, 1135, 2),
	(3486, 1136, 1),
	(3487, 1136, 2),
	(3488, 1136, 3),
	(3489, 1136, 4),
	(3490, 1137, 1),
	(3491, 1137, 2),
	(3492, 1137, 3),
	(3493, 1137, 4),
	(3494, 1138, 1),
	(3495, 1138, 2),
	(3496, 1138, 3),
	(3497, 1138, 4),
	(3498, 1139, 1),
	(3499, 1139, 2),
	(3500, 1139, 3),
	(3501, 1139, 4),
	(3502, 1140, 1),
	(3503, 1140, 2),
	(3504, 1140, 3),
	(3505, 1140, 4),
	(3506, 1141, 1),
	(3507, 1141, 2),
	(3508, 1141, 3),
	(3509, 1141, 4),
	(3510, 1142, 1),
	(3511, 1142, 2),
	(3512, 1142, 3),
	(3513, 1143, 1),
	(3514, 1143, 2),
	(3515, 1143, 3),
	(3516, 1146, 1),
	(3517, 1146, 2),
	(3518, 1146, 3),
	(3519, 1147, 1),
	(3520, 1147, 2),
	(3521, 1147, 3),
	(3522, 1148, 1),
	(3523, 1148, 2),
	(3524, 1148, 3),
	(3525, 1149, 1),
	(3526, 1149, 2),
	(3527, 1149, 3),
	(3528, 1150, 1),
	(3529, 1150, 2),
	(3530, 1150, 3),
	(3531, 1151, 1),
	(3532, 1151, 2),
	(3533, 1151, 3),
	(3535, 1156, 1),
	(3536, 1156, 2),
	(3534, 1156, 3),
	(3538, 1157, 1),
	(3539, 1157, 2),
	(3537, 1157, 3),
	(3541, 1158, 1),
	(3542, 1158, 2),
	(3540, 1158, 3),
	(3544, 1159, 1),
	(3543, 1159, 3),
	(3546, 1160, 1),
	(3547, 1160, 2),
	(3545, 1160, 3),
	(3549, 1161, 1),
	(3550, 1161, 2),
	(3548, 1161, 3),
	(3552, 1162, 1),
	(3553, 1162, 2),
	(3551, 1162, 3),
	(3555, 1163, 1),
	(3556, 1163, 2),
	(3554, 1163, 3),
	(3557, 1164, 1),
	(3558, 1164, 2),
	(3559, 1164, 3),
	(3560, 1165, 1),
	(3561, 1165, 2),
	(3562, 1165, 3),
	(3563, 1166, 1),
	(3564, 1166, 2),
	(3565, 1166, 3),
	(3566, 1167, 1),
	(3567, 1167, 2),
	(3568, 1167, 3),
	(3569, 1168, 1),
	(3570, 1168, 2),
	(3571, 1168, 3),
	(3572, 1169, 1),
	(3573, 1169, 2),
	(3574, 1169, 3),
	(3575, 1170, 1),
	(3576, 1170, 2),
	(3577, 1170, 3),
	(3578, 1171, 1),
	(3579, 1171, 2),
	(3580, 1171, 3),
	(3581, 1172, 1),
	(3582, 1172, 2),
	(3583, 1172, 3),
	(3584, 1173, 1),
	(3585, 1173, 2),
	(3586, 1173, 3),
	(3587, 1174, 1),
	(3588, 1174, 2),
	(3589, 1174, 3),
	(3591, 1175, 1),
	(3592, 1175, 2),
	(3590, 1175, 3),
	(3594, 1176, 1),
	(3595, 1176, 2),
	(3593, 1176, 3),
	(3597, 1177, 1),
	(3598, 1177, 2),
	(3596, 1177, 3),
	(3600, 1178, 1),
	(3599, 1178, 3),
	(3602, 1179, 1),
	(3603, 1179, 2),
	(3601, 1179, 3),
	(3605, 1180, 1),
	(3606, 1180, 2),
	(3604, 1180, 3),
	(3607, 1181, 1),
	(3608, 1181, 2),
	(3609, 1181, 3),
	(3610, 1184, 1),
	(3611, 1184, 2),
	(3612, 1184, 3),
	(3613, 1185, 1),
	(3614, 1185, 2),
	(3615, 1185, 3),
	(3616, 1190, 1),
	(3617, 1190, 2),
	(3618, 1190, 3),
	(3619, 1191, 1),
	(3620, 1191, 2),
	(3621, 1191, 3),
	(3622, 1192, 1),
	(3623, 1192, 2),
	(3624, 1192, 3),
	(3625, 1193, 1),
	(3626, 1193, 2),
	(3627, 1193, 3),
	(3628, 1194, 1),
	(3629, 1194, 2),
	(3630, 1194, 3),
	(3631, 1195, 1),
	(3632, 1195, 2),
	(3633, 1195, 3),
	(3634, 1196, 1),
	(3635, 1196, 2),
	(3636, 1196, 3),
	(3637, 1197, 1),
	(3638, 1197, 2),
	(3639, 1197, 3),
	(3640, 1198, 1),
	(3641, 1198, 2),
	(3642, 1198, 3),
	(3643, 1200, 1),
	(3644, 1200, 2),
	(3645, 1201, 1),
	(3646, 1201, 2),
	(3647, 1202, 1),
	(3648, 1202, 2),
	(3649, 1203, 1),
	(3650, 1203, 2),
	(3651, 1203, 3),
	(3652, 1204, 1),
	(3653, 1204, 2),
	(3654, 1204, 3),
	(3655, 1205, 1),
	(3656, 1205, 2),
	(3657, 1205, 3),
	(3658, 1206, 1),
	(3659, 1206, 2),
	(3660, 1206, 3),
	(3661, 1207, 1),
	(3662, 1207, 2),
	(3663, 1208, 1),
	(3664, 1208, 2),
	(3666, 1209, 1),
	(3667, 1209, 2),
	(3665, 1209, 3),
	(3669, 1210, 1),
	(3670, 1210, 2),
	(3668, 1210, 3),
	(3673, 1215, 1),
	(3672, 1215, 2),
	(3671, 1215, 3),
	(3676, 1216, 1),
	(3675, 1216, 2),
	(3674, 1216, 3),
	(3679, 1217, 1),
	(3678, 1217, 2),
	(3677, 1217, 3),
	(3682, 1218, 1),
	(3681, 1218, 2),
	(3680, 1218, 3),
	(3685, 1219, 1),
	(3684, 1219, 2),
	(3683, 1219, 3),
	(3686, 1219, 4),
	(3689, 1220, 1),
	(3688, 1220, 2),
	(3687, 1220, 3),
	(3690, 1220, 4),
	(3692, 1221, 1),
	(3693, 1221, 2),
	(3691, 1221, 3),
	(3695, 1222, 1),
	(3696, 1222, 2),
	(3694, 1222, 3),
	(3698, 1223, 1),
	(3699, 1223, 2),
	(3697, 1223, 3),
	(3701, 1224, 1),
	(3702, 1224, 2),
	(3700, 1224, 3),
	(3705, 1225, 1),
	(3704, 1225, 2),
	(3703, 1225, 3),
	(3708, 1226, 1),
	(3707, 1226, 2),
	(3706, 1226, 3),
	(3711, 1227, 1),
	(3710, 1227, 2),
	(3709, 1227, 3),
	(3714, 1228, 1),
	(3713, 1228, 2),
	(3712, 1228, 3),
	(3716, 1229, 1),
	(3717, 1229, 2),
	(3715, 1229, 3),
	(3718, 1229, 4),
	(3720, 1230, 1),
	(3721, 1230, 2),
	(3719, 1230, 3),
	(3722, 1230, 4),
	(3725, 1231, 1),
	(3724, 1231, 2),
	(3723, 1231, 3),
	(3726, 1231, 4),
	(3729, 1232, 1),
	(3728, 1232, 2),
	(3727, 1232, 3),
	(3730, 1232, 4),
	(3733, 1233, 1),
	(3732, 1233, 2),
	(3731, 1233, 3),
	(3734, 1233, 4),
	(3737, 1234, 1),
	(3736, 1234, 2),
	(3735, 1234, 3),
	(3738, 1234, 4),
	(3741, 1235, 1),
	(3740, 1235, 2),
	(3739, 1235, 3),
	(3744, 1236, 1),
	(3743, 1236, 2),
	(3742, 1236, 3),
	(3747, 1237, 1),
	(3746, 1237, 2),
	(3745, 1237, 3),
	(3750, 1238, 1),
	(3749, 1238, 2),
	(3748, 1238, 3),
	(3753, 1239, 1),
	(3752, 1239, 2),
	(3751, 1239, 3),
	(3756, 1240, 1),
	(3755, 1240, 2),
	(3754, 1240, 3),
	(3759, 1241, 1),
	(3758, 1241, 2),
	(3757, 1241, 3),
	(3762, 1242, 1),
	(3761, 1242, 2),
	(3760, 1242, 3),
	(3765, 1243, 1),
	(3764, 1243, 2),
	(3763, 1243, 3),
	(3768, 1244, 1),
	(3767, 1244, 2),
	(3766, 1244, 3),
	(3771, 1245, 1),
	(3770, 1245, 2),
	(3769, 1245, 3),
	(3774, 1246, 1),
	(3773, 1246, 2),
	(3772, 1246, 3),
	(3777, 1247, 1),
	(3776, 1247, 2),
	(3775, 1247, 3),
	(3780, 1248, 1),
	(3779, 1248, 2),
	(3778, 1248, 3),
	(3783, 1249, 1),
	(3782, 1249, 2),
	(3781, 1249, 3),
	(3786, 1250, 1),
	(3785, 1250, 2),
	(3784, 1250, 3),
	(3789, 1251, 1),
	(3788, 1251, 2),
	(3787, 1251, 3),
	(3792, 1252, 1),
	(3791, 1252, 2),
	(3790, 1252, 3),
	(3793, 1253, 1),
	(3794, 1253, 2),
	(3795, 1253, 3),
	(3796, 1254, 1),
	(3797, 1254, 2),
	(3798, 1254, 3),
	(3799, 1255, 1),
	(3800, 1255, 2),
	(3801, 1255, 3),
	(3802, 1256, 1),
	(3803, 1256, 2),
	(3804, 1256, 3),
	(3805, 1257, 1),
	(3806, 1257, 2),
	(3807, 1257, 3),
	(3808, 1258, 1),
	(3809, 1258, 2),
	(3810, 1258, 3),
	(3811, 1259, 1),
	(3812, 1259, 2),
	(3813, 1259, 3),
	(3814, 1260, 1),
	(3815, 1260, 2),
	(3816, 1260, 3),
	(3817, 1261, 1),
	(3818, 1261, 2),
	(3819, 1261, 3),
	(3820, 1262, 1),
	(3821, 1262, 2),
	(3822, 1262, 3),
	(3824, 1263, 1),
	(3825, 1263, 2),
	(3823, 1263, 3),
	(3827, 1264, 1),
	(3828, 1264, 2),
	(3826, 1264, 3),
	(3831, 1265, 1),
	(3830, 1265, 2),
	(3829, 1265, 3),
	(3832, 1266, 1),
	(3833, 1266, 2),
	(3834, 1266, 3),
	(3835, 1267, 1),
	(3836, 1267, 2),
	(3837, 1267, 3),
	(3838, 1268, 1),
	(3839, 1268, 2),
	(3840, 1268, 3),
	(3843, 1269, 1),
	(3842, 1269, 2),
	(3841, 1269, 3),
	(3846, 1270, 1),
	(3845, 1270, 2),
	(3844, 1270, 3),
	(3849, 1271, 1),
	(3848, 1271, 2),
	(3847, 1271, 3),
	(3852, 1272, 1),
	(3851, 1272, 2),
	(3850, 1272, 3),
	(3853, 1273, 1),
	(3854, 1273, 2),
	(3855, 1273, 3),
	(3856, 1274, 1),
	(3857, 1274, 2),
	(3858, 1274, 3),
	(3861, 1275, 1),
	(3860, 1275, 2),
	(3859, 1275, 3),
	(3862, 1276, 1),
	(3863, 1276, 2),
	(3864, 1276, 3),
	(3867, 1277, 1),
	(3866, 1277, 2),
	(3865, 1277, 3),
	(3870, 1278, 1),
	(3869, 1278, 2),
	(3868, 1278, 3),
	(3873, 1279, 1),
	(3872, 1279, 2),
	(3871, 1279, 3),
	(3876, 1280, 1),
	(3875, 1280, 2),
	(3874, 1280, 3),
	(3879, 1281, 1),
	(3878, 1281, 2),
	(3877, 1281, 3),
	(3882, 1282, 1),
	(3881, 1282, 2),
	(3880, 1282, 3),
	(3883, 1283, 1),
	(3884, 1283, 2),
	(3885, 1283, 3),
	(3886, 1284, 1),
	(3887, 1284, 2),
	(3888, 1284, 3),
	(3889, 1285, 1),
	(3890, 1285, 2),
	(3891, 1285, 3),
	(3892, 1286, 1),
	(3893, 1286, 2),
	(3894, 1286, 3),
	(3895, 1286, 4),
	(3896, 1287, 1),
	(3897, 1287, 2),
	(3898, 1287, 3),
	(3899, 1287, 4),
	(3900, 1288, 1),
	(3901, 1288, 2),
	(3902, 1288, 3),
	(3903, 1288, 4),
	(3904, 1289, 1),
	(3905, 1289, 2),
	(3906, 1289, 3),
	(3907, 1290, 1),
	(3908, 1290, 2),
	(3909, 1290, 3),
	(3910, 1291, 1),
	(3911, 1291, 2),
	(3912, 1291, 3),
	(3913, 1292, 1),
	(3914, 1292, 2),
	(3915, 1292, 3),
	(3916, 1293, 1),
	(3917, 1293, 2),
	(3918, 1293, 3),
	(3919, 1294, 1),
	(3920, 1294, 2),
	(3921, 1294, 3),
	(3922, 1295, 1),
	(3923, 1295, 2),
	(3924, 1295, 3),
	(3925, 1296, 1),
	(3926, 1296, 2),
	(3927, 1296, 3),
	(3928, 1297, 1),
	(3929, 1297, 2),
	(3930, 1298, 1),
	(3931, 1298, 2),
	(3932, 1299, 1),
	(3933, 1299, 2),
	(3934, 1300, 1),
	(3935, 1300, 2),
	(3936, 1301, 1),
	(3937, 1301, 2),
	(3938, 1302, 1),
	(3939, 1302, 2),
	(3940, 1303, 1),
	(3941, 1303, 2),
	(3942, 1304, 1),
	(3943, 1304, 2),
	(3944, 1305, 1),
	(3945, 1305, 2),
	(3946, 1306, 1),
	(3947, 1306, 2),
	(3948, 1307, 1),
	(3949, 1307, 2),
	(3950, 1307, 3),
	(3951, 1308, 1),
	(3952, 1308, 2),
	(3953, 1308, 3),
	(3954, 1309, 1),
	(3955, 1309, 2),
	(3956, 1309, 3),
	(3957, 1310, 1),
	(3958, 1310, 2),
	(3959, 1310, 3),
	(3960, 1311, 1),
	(3961, 1311, 2),
	(3962, 1311, 3),
	(3963, 1311, 4),
	(3964, 1312, 1),
	(3965, 1312, 2),
	(3966, 1312, 3),
	(3967, 1312, 4),
	(3968, 1313, 1),
	(3969, 1313, 2),
	(3970, 1313, 3),
	(3971, 1313, 4),
	(3972, 1314, 1),
	(3973, 1314, 2),
	(3974, 1314, 3),
	(3975, 1314, 4),
	(3976, 1315, 1),
	(3977, 1315, 2),
	(3978, 1315, 3),
	(3979, 1316, 1),
	(3980, 1316, 2),
	(3981, 1316, 3),
	(3982, 1317, 1),
	(3983, 1317, 2),
	(3984, 1317, 3),
	(3985, 1318, 1),
	(3986, 1318, 2),
	(3987, 1318, 3),
	(3988, 1319, 1),
	(3989, 1319, 2),
	(3990, 1319, 3),
	(3991, 1319, 4),
	(3992, 1320, 1),
	(3993, 1320, 2),
	(3994, 1320, 3),
	(3995, 1320, 4),
	(3996, 1321, 1),
	(3997, 1321, 2),
	(3998, 1321, 3),
	(3999, 1321, 4),
	(4000, 1322, 1),
	(4001, 1322, 2),
	(4002, 1322, 3),
	(4003, 1322, 4),
	(4004, 1323, 1),
	(4005, 1323, 2),
	(4006, 1324, 1),
	(4007, 1324, 2),
	(4008, 1325, 1),
	(4009, 1325, 2),
	(4010, 1326, 1),
	(4011, 1326, 2),
	(4012, 1327, 1),
	(4013, 1327, 2),
	(4014, 1327, 3),
	(4015, 1328, 1),
	(4016, 1328, 2),
	(4017, 1328, 3),
	(4018, 1329, 1),
	(4019, 1329, 2),
	(4020, 1329, 3),
	(4021, 1330, 1),
	(4022, 1330, 2),
	(4023, 1330, 3),
	(4024, 1331, 1),
	(4025, 1331, 2),
	(4026, 1331, 3),
	(4027, 1332, 1),
	(4028, 1332, 2),
	(4029, 1332, 3),
	(4030, 1333, 1),
	(4031, 1333, 2),
	(4032, 1333, 3),
	(4033, 1334, 1),
	(4034, 1334, 2),
	(4035, 1334, 3),
	(4036, 1335, 1),
	(4037, 1335, 2),
	(4038, 1335, 3),
	(4039, 1336, 1),
	(4040, 1336, 2),
	(4041, 1336, 3),
	(4042, 1337, 1),
	(4043, 1337, 2),
	(4044, 1337, 3),
	(4045, 1338, 1),
	(4046, 1338, 2),
	(4047, 1338, 3),
	(4048, 1339, 1),
	(4049, 1339, 2),
	(4050, 1339, 3),
	(4051, 1340, 1),
	(4052, 1340, 2),
	(4053, 1340, 3),
	(4054, 1341, 1),
	(4055, 1341, 2),
	(4056, 1342, 1),
	(4057, 1342, 2),
	(4058, 1343, 1),
	(4059, 1343, 2),
	(4060, 1343, 3),
	(4061, 1344, 1),
	(4062, 1344, 2),
	(4063, 1344, 3),
	(4064, 1345, 1),
	(4065, 1345, 2),
	(4066, 1345, 3),
	(4067, 1346, 1),
	(4068, 1346, 2),
	(4069, 1346, 3),
	(4070, 1347, 1),
	(4071, 1347, 2),
	(4072, 1347, 3),
	(4073, 1348, 1),
	(4074, 1348, 2),
	(4075, 1348, 3),
	(4076, 1349, 1),
	(4077, 1349, 2),
	(4078, 1349, 3),
	(4079, 1350, 1),
	(4080, 1350, 2),
	(4081, 1350, 3),
	(4082, 1351, 1),
	(4083, 1351, 2),
	(4084, 1352, 1),
	(4085, 1352, 2),
	(4086, 1353, 1),
	(4087, 1353, 2),
	(4088, 1354, 1),
	(4089, 1354, 2),
	(4090, 1355, 1),
	(4091, 1355, 2),
	(4093, 1355, 3),
	(4092, 1355, 4),
	(4095, 1356, 1),
	(4097, 1356, 2),
	(4094, 1356, 3),
	(4096, 1356, 4),
	(4099, 1357, 1),
	(4101, 1357, 2),
	(4098, 1357, 3),
	(4100, 1357, 4),
	(4103, 1358, 1),
	(4105, 1358, 2),
	(4102, 1358, 3),
	(4104, 1358, 4),
	(4106, 1359, 1),
	(4109, 1359, 2),
	(4108, 1359, 3),
	(4107, 1359, 4),
	(4110, 1360, 1),
	(4113, 1360, 2),
	(4112, 1360, 3),
	(4111, 1360, 4),
	(4114, 1361, 1),
	(4116, 1361, 2),
	(4117, 1361, 3),
	(4115, 1361, 4),
	(4118, 1362, 1),
	(4120, 1362, 2),
	(4121, 1362, 3),
	(4119, 1362, 4),
	(4122, 1363, 1),
	(4125, 1363, 2),
	(4124, 1363, 3),
	(4123, 1363, 4),
	(4126, 1364, 1),
	(4129, 1364, 2),
	(4128, 1364, 3),
	(4127, 1364, 4),
	(4130, 1365, 1),
	(4133, 1365, 2),
	(4132, 1365, 3),
	(4131, 1365, 4),
	(4134, 1366, 1),
	(4135, 1366, 2),
	(4136, 1366, 3),
	(4137, 1366, 4),
	(4138, 1367, 1),
	(4139, 1367, 2),
	(4140, 1367, 3),
	(4141, 1367, 4),
	(4142, 1368, 1),
	(4143, 1368, 2),
	(4144, 1368, 3),
	(4145, 1368, 4),
	(4146, 1369, 1),
	(4147, 1369, 2),
	(4148, 1369, 3),
	(4149, 1369, 4),
	(4150, 1370, 1),
	(4151, 1370, 2),
	(4152, 1370, 3),
	(4153, 1370, 4),
	(4154, 1371, 1),
	(4155, 1371, 2),
	(4156, 1371, 3),
	(4157, 1372, 1),
	(4158, 1372, 2),
	(4159, 1372, 3),
	(4160, 1373, 1),
	(4161, 1373, 2),
	(4162, 1373, 3),
	(4163, 1374, 1),
	(4164, 1374, 2),
	(4165, 1374, 3),
	(4166, 1375, 1),
	(4167, 1375, 2),
	(4168, 1375, 3),
	(4169, 1376, 1),
	(4170, 1376, 2),
	(4171, 1376, 3),
	(4172, 1377, 1),
	(4173, 1377, 2),
	(4174, 1377, 3),
	(4176, 1378, 1),
	(4177, 1378, 2),
	(4175, 1378, 3),
	(4179, 1379, 1),
	(4180, 1379, 2),
	(4178, 1379, 3),
	(4181, 1380, 1),
	(4182, 1380, 2),
	(4183, 1380, 3),
	(4184, 1381, 1),
	(4185, 1381, 2),
	(4186, 1381, 3),
	(4187, 1382, 1),
	(4188, 1382, 2),
	(4189, 1382, 3),
	(4190, 1383, 1),
	(4191, 1383, 2),
	(4192, 1383, 3),
	(4193, 1384, 1),
	(4194, 1384, 2),
	(4196, 1384, 3),
	(4195, 1384, 4),
	(4197, 1385, 1),
	(4198, 1385, 2),
	(4200, 1385, 3),
	(4199, 1385, 4),
	(4201, 1386, 1),
	(4202, 1386, 2),
	(4204, 1386, 3),
	(4203, 1386, 4),
	(4205, 1387, 1),
	(4206, 1387, 2),
	(4207, 1387, 3),
	(4208, 1387, 4),
	(4209, 1388, 1),
	(4210, 1388, 2),
	(4211, 1388, 3),
	(4212, 1388, 4),
	(4213, 1389, 1),
	(4214, 1389, 2),
	(4216, 1389, 3),
	(4215, 1389, 4),
	(4217, 1390, 1),
	(4218, 1390, 2),
	(4219, 1390, 3),
	(4220, 1391, 1),
	(4221, 1391, 2),
	(4222, 1391, 3),
	(4223, 1392, 1),
	(4224, 1392, 2),
	(4225, 1392, 3),
	(4226, 1393, 1),
	(4227, 1393, 2),
	(4228, 1393, 3),
	(4229, 1394, 1),
	(4230, 1394, 2),
	(4231, 1394, 3),
	(4232, 1395, 1),
	(4233, 1395, 2),
	(4234, 1395, 3),
	(4235, 1396, 1),
	(4236, 1396, 2),
	(4237, 1396, 3),
	(4238, 1397, 1),
	(4239, 1397, 2),
	(4240, 1397, 3),
	(4241, 1398, 1),
	(4242, 1398, 2),
	(4243, 1398, 3),
	(4244, 1399, 1),
	(4246, 1399, 2),
	(4247, 1399, 3),
	(4245, 1399, 4),
	(4248, 1400, 1),
	(4250, 1400, 2),
	(4251, 1400, 3),
	(4249, 1400, 4),
	(4252, 1401, 1),
	(4254, 1401, 2),
	(4255, 1401, 3),
	(4253, 1401, 4),
	(4256, 1402, 1),
	(4257, 1402, 2),
	(4258, 1402, 3),
	(4259, 1403, 1),
	(4260, 1403, 2),
	(4262, 1403, 3),
	(4261, 1403, 4),
	(4263, 1404, 1),
	(4264, 1404, 2),
	(4265, 1404, 3),
	(4267, 1405, 1),
	(4268, 1405, 2),
	(4266, 1405, 3),
	(4270, 1406, 1),
	(4271, 1406, 2),
	(4269, 1406, 3),
	(4273, 1407, 1),
	(4274, 1407, 2),
	(4272, 1407, 3),
	(4276, 1408, 1),
	(4277, 1408, 2),
	(4275, 1408, 3),
	(4279, 1409, 1),
	(4280, 1409, 2),
	(4278, 1409, 3),
	(4282, 1410, 1),
	(4283, 1410, 2),
	(4281, 1410, 3),
	(4285, 1411, 1),
	(4286, 1411, 2),
	(4284, 1411, 3),
	(4288, 1412, 1),
	(4289, 1412, 2),
	(4287, 1412, 3),
	(4291, 1413, 1),
	(4292, 1413, 2),
	(4290, 1413, 3),
	(4294, 1414, 1),
	(4295, 1414, 2),
	(4293, 1414, 3),
	(4297, 1415, 1),
	(4298, 1415, 2),
	(4296, 1415, 3),
	(4300, 1416, 1),
	(4301, 1416, 2),
	(4299, 1416, 3),
	(4303, 1417, 1),
	(4304, 1417, 2),
	(4302, 1417, 3),
	(4306, 1418, 1),
	(4307, 1418, 2),
	(4305, 1418, 3),
	(4309, 1419, 1),
	(4310, 1419, 2),
	(4308, 1419, 3),
	(4312, 1420, 1),
	(4313, 1420, 2),
	(4311, 1420, 3),
	(4315, 1421, 1),
	(4316, 1421, 2),
	(4314, 1421, 3),
	(4318, 1422, 1),
	(4319, 1422, 2),
	(4317, 1422, 3);

-- 테이블 fubao.review_location_review 구조 내보내기
CREATE TABLE IF NOT EXISTS `review_location_review` (
  `id` bigint(20) NOT NULL AUTO_INCREMENT,
  `weight` int(11) NOT NULL,
  `location_id` bigint(20) DEFAULT NULL,
  `user_id` bigint(20) DEFAULT NULL,
  PRIMARY KEY (`id`),
  KEY `review_location_revi_location_id_e797a1f9_fk_location_` (`location_id`),
  KEY `review_location_review_user_id_d65282d8_fk_user_user_id` (`user_id`),
  CONSTRAINT `review_location_revi_location_id_e797a1f9_fk_location_` FOREIGN KEY (`location_id`) REFERENCES `location_location` (`id`),
  CONSTRAINT `review_location_review_user_id_d65282d8_fk_user_user_id` FOREIGN KEY (`user_id`) REFERENCES `user_user` (`id`)
) ENGINE=InnoDB AUTO_INCREMENT=2 DEFAULT CHARSET=utf8mb4 COLLATE=utf8mb4_general_ci;

-- 테이블 데이터 fubao.review_location_review:~1 rows (대략적) 내보내기
INSERT INTO `review_location_review` (`id`, `weight`, `location_id`, `user_id`) VALUES
	(1, 1, 1, NULL);

-- 테이블 fubao.review_method_reivew 구조 내보내기
CREATE TABLE IF NOT EXISTS `review_method_reivew` (
  `id` bigint(20) NOT NULL AUTO_INCREMENT,
  `weight` int(11) NOT NULL,
  `method_id` bigint(20) DEFAULT NULL,
  `user_id` bigint(20) DEFAULT NULL,
  PRIMARY KEY (`id`),
  KEY `review_method_reivew_method_id_fc371282_fk_informati` (`method_id`),
  KEY `review_method_reivew_user_id_cb6b57ef_fk_user_user_id` (`user_id`),
  CONSTRAINT `review_method_reivew_method_id_fc371282_fk_informati` FOREIGN KEY (`method_id`) REFERENCES `information_fishing_method` (`id`),
  CONSTRAINT `review_method_reivew_user_id_cb6b57ef_fk_user_user_id` FOREIGN KEY (`user_id`) REFERENCES `user_user` (`id`)
) ENGINE=InnoDB AUTO_INCREMENT=19 DEFAULT CHARSET=utf8mb4 COLLATE=utf8mb4_general_ci;

-- 테이블 데이터 fubao.review_method_reivew:~17 rows (대략적) 내보내기
INSERT INTO `review_method_reivew` (`id`, `weight`, `method_id`, `user_id`) VALUES
	(1, 1, 1, NULL),
	(2, 1, 1, NULL),
	(3, 1, 2, NULL),
	(4, 1, 1, NULL),
	(5, 1, 4, NULL),
	(6, 1, 3, NULL),
	(7, 1, 2, NULL),
	(8, 1, 4, NULL),
	(9, 1, 2, NULL),
	(10, 1, 2, NULL),
	(11, 1, 3, NULL),
	(12, 1, 4, NULL),
	(13, 1, 2, NULL),
	(14, 1, 3, NULL),
	(15, 1, 1, NULL),
	(16, 1, 2, NULL),
	(17, 1, 1, NULL),
	(18, 1, 2, 26);

-- 테이블 fubao.schedule_schedule 구조 내보내기
CREATE TABLE IF NOT EXISTS `schedule_schedule` (
  `id` bigint(20) NOT NULL AUTO_INCREMENT,
  `date` date NOT NULL,
  `done` tinyint(1) NOT NULL,
  `area_id` bigint(20) DEFAULT NULL,
  `location_id` bigint(20) DEFAULT NULL,
  `method_id` bigint(20) DEFAULT NULL,
  `user_id` bigint(20) DEFAULT NULL,
  PRIMARY KEY (`id`),
  KEY `schedule_schedule_area_id_01f4a176_fk_informati` (`area_id`),
  KEY `schedule_schedule_location_id_69d140ca_fk_location_location_id` (`location_id`),
  KEY `schedule_schedule_method_id_98c32100_fk_informati` (`method_id`),
  KEY `schedule_schedule_user_id_e9a0b84b_fk_user_user_id` (`user_id`),
  CONSTRAINT `schedule_schedule_area_id_01f4a176_fk_informati` FOREIGN KEY (`area_id`) REFERENCES `information_fishing_area` (`id`),
  CONSTRAINT `schedule_schedule_location_id_69d140ca_fk_location_location_id` FOREIGN KEY (`location_id`) REFERENCES `location_location` (`id`),
  CONSTRAINT `schedule_schedule_method_id_98c32100_fk_informati` FOREIGN KEY (`method_id`) REFERENCES `information_fishing_method` (`id`),
  CONSTRAINT `schedule_schedule_user_id_e9a0b84b_fk_user_user_id` FOREIGN KEY (`user_id`) REFERENCES `user_user` (`id`)
) ENGINE=InnoDB AUTO_INCREMENT=43 DEFAULT CHARSET=utf8mb4 COLLATE=utf8mb4_general_ci;

-- 테이블 데이터 fubao.schedule_schedule:~4 rows (대략적) 내보내기

-- 테이블 fubao.socialaccount_socialaccount 구조 내보내기
CREATE TABLE IF NOT EXISTS `socialaccount_socialaccount` (
  `id` int(11) NOT NULL AUTO_INCREMENT,
  `provider` varchar(200) NOT NULL,
  `uid` varchar(191) NOT NULL,
  `last_login` datetime(6) NOT NULL,
  `date_joined` datetime(6) NOT NULL,
  `extra_data` longtext CHARACTER SET utf8mb4 COLLATE utf8mb4_bin NOT NULL CHECK (json_valid(`extra_data`)),
  `user_id` bigint(20) NOT NULL,
  PRIMARY KEY (`id`),
  UNIQUE KEY `socialaccount_socialaccount_provider_uid_fc810c6e_uniq` (`provider`,`uid`),
  KEY `socialaccount_socialaccount_user_id_8146e70c_fk_user_user_id` (`user_id`),
  CONSTRAINT `socialaccount_socialaccount_user_id_8146e70c_fk_user_user_id` FOREIGN KEY (`user_id`) REFERENCES `user_user` (`id`)
) ENGINE=InnoDB DEFAULT CHARSET=utf8mb4 COLLATE=utf8mb4_general_ci;

-- 테이블 데이터 fubao.socialaccount_socialaccount:~0 rows (대략적) 내보내기

-- 테이블 fubao.socialaccount_socialapp 구조 내보내기
CREATE TABLE IF NOT EXISTS `socialaccount_socialapp` (
  `id` int(11) NOT NULL AUTO_INCREMENT,
  `provider` varchar(30) NOT NULL,
  `name` varchar(40) NOT NULL,
  `client_id` varchar(191) NOT NULL,
  `secret` varchar(191) NOT NULL,
  `key` varchar(191) NOT NULL,
  `provider_id` varchar(200) NOT NULL,
  `settings` longtext CHARACTER SET utf8mb4 COLLATE utf8mb4_bin NOT NULL CHECK (json_valid(`settings`)),
  PRIMARY KEY (`id`)
) ENGINE=InnoDB DEFAULT CHARSET=utf8mb4 COLLATE=utf8mb4_general_ci;

-- 테이블 데이터 fubao.socialaccount_socialapp:~0 rows (대략적) 내보내기

-- 테이블 fubao.socialaccount_socialapp_sites 구조 내보내기
CREATE TABLE IF NOT EXISTS `socialaccount_socialapp_sites` (
  `id` bigint(20) NOT NULL AUTO_INCREMENT,
  `socialapp_id` int(11) NOT NULL,
  `site_id` int(11) NOT NULL,
  PRIMARY KEY (`id`),
  UNIQUE KEY `socialaccount_socialapp_sites_socialapp_id_site_id_71a9a768_uniq` (`socialapp_id`,`site_id`),
  KEY `socialaccount_socialapp_sites_site_id_2579dee5_fk_django_site_id` (`site_id`),
  CONSTRAINT `socialaccount_social_socialapp_id_97fb6e7d_fk_socialacc` FOREIGN KEY (`socialapp_id`) REFERENCES `socialaccount_socialapp` (`id`),
  CONSTRAINT `socialaccount_socialapp_sites_site_id_2579dee5_fk_django_site_id` FOREIGN KEY (`site_id`) REFERENCES `django_site` (`id`)
) ENGINE=InnoDB DEFAULT CHARSET=utf8mb4 COLLATE=utf8mb4_general_ci;

-- 테이블 데이터 fubao.socialaccount_socialapp_sites:~0 rows (대략적) 내보내기

-- 테이블 fubao.socialaccount_socialtoken 구조 내보내기
CREATE TABLE IF NOT EXISTS `socialaccount_socialtoken` (
  `id` int(11) NOT NULL AUTO_INCREMENT,
  `token` longtext NOT NULL,
  `token_secret` longtext NOT NULL,
  `expires_at` datetime(6) DEFAULT NULL,
  `account_id` int(11) NOT NULL,
  `app_id` int(11) DEFAULT NULL,
  PRIMARY KEY (`id`),
  UNIQUE KEY `socialaccount_socialtoken_app_id_account_id_fca4e0ac_uniq` (`app_id`,`account_id`),
  KEY `socialaccount_social_account_id_951f210e_fk_socialacc` (`account_id`),
  CONSTRAINT `socialaccount_social_account_id_951f210e_fk_socialacc` FOREIGN KEY (`account_id`) REFERENCES `socialaccount_socialaccount` (`id`),
  CONSTRAINT `socialaccount_social_app_id_636a42d7_fk_socialacc` FOREIGN KEY (`app_id`) REFERENCES `socialaccount_socialapp` (`id`)
) ENGINE=InnoDB DEFAULT CHARSET=utf8mb4 COLLATE=utf8mb4_general_ci;

-- 테이블 데이터 fubao.socialaccount_socialtoken:~0 rows (대략적) 내보내기

-- 테이블 fubao.user_user 구조 내보내기
CREATE TABLE IF NOT EXISTS `user_user` (
  `id` bigint(20) NOT NULL AUTO_INCREMENT,
  `password` varchar(128) NOT NULL,
  `last_login` datetime(6) DEFAULT NULL,
  `is_superuser` tinyint(1) NOT NULL,
  `is_staff` tinyint(1) NOT NULL,
  `is_active` tinyint(1) NOT NULL,
  `date_joined` datetime(6) NOT NULL,
  `age` int(11) DEFAULT NULL,
  `name` varchar(10) DEFAULT NULL,
  `email` varchar(254) NOT NULL,
  `gender` varchar(10) NOT NULL,
  `date_of_birth` date DEFAULT NULL,
  `nickname` varchar(8) DEFAULT NULL,
  `profile_img` varchar(100) DEFAULT NULL,
  `presurvey` tinyint(1) NOT NULL,
  PRIMARY KEY (`id`),
  UNIQUE KEY `email` (`email`),
  UNIQUE KEY `nickname` (`nickname`)
) ENGINE=InnoDB AUTO_INCREMENT=27 DEFAULT CHARSET=utf8mb4 COLLATE=utf8mb4_general_ci;

-- 테이블 데이터 fubao.user_user:~11 rows (대략적) 내보내기
INSERT INTO `user_user` (`id`, `password`, `last_login`, `is_superuser`, `is_staff`, `is_active`, `date_joined`, `age`, `name`, `email`, `gender`, `date_of_birth`, `nickname`, `profile_img`, `presurvey`) VALUES
	(26, 'pbkdf2_sha256$720000$Q3nLCR9664zoaP0uqRUxkT$YVS2VvCwvpl0VuXAh4TacNYZMfDcGpY/fQ0f49w9LcE=', '2024-02-15 06:17:15.404129', 0, 0, 1, '2024-02-15 06:17:14.756851', NULL, '', 'a@a.com', '선택하지 않음', NULL, '지용이', '', 1);

-- 테이블 fubao.user_user_groups 구조 내보내기
CREATE TABLE IF NOT EXISTS `user_user_groups` (
  `id` bigint(20) NOT NULL AUTO_INCREMENT,
  `user_id` bigint(20) NOT NULL,
  `group_id` int(11) NOT NULL,
  PRIMARY KEY (`id`),
  UNIQUE KEY `user_user_groups_user_id_group_id_bb60391f_uniq` (`user_id`,`group_id`),
  KEY `user_user_groups_group_id_c57f13c0_fk_auth_group_id` (`group_id`),
  CONSTRAINT `user_user_groups_group_id_c57f13c0_fk_auth_group_id` FOREIGN KEY (`group_id`) REFERENCES `auth_group` (`id`),
  CONSTRAINT `user_user_groups_user_id_13f9a20d_fk_user_user_id` FOREIGN KEY (`user_id`) REFERENCES `user_user` (`id`)
) ENGINE=InnoDB DEFAULT CHARSET=utf8mb4 COLLATE=utf8mb4_general_ci;

-- 테이블 데이터 fubao.user_user_groups:~0 rows (대략적) 내보내기

-- 테이블 fubao.user_user_user_permissions 구조 내보내기
CREATE TABLE IF NOT EXISTS `user_user_user_permissions` (
  `id` bigint(20) NOT NULL AUTO_INCREMENT,
  `user_id` bigint(20) NOT NULL,
  `permission_id` int(11) NOT NULL,
  PRIMARY KEY (`id`),
  UNIQUE KEY `user_user_user_permissions_user_id_permission_id_64f4d5b8_uniq` (`user_id`,`permission_id`),
  KEY `user_user_user_permi_permission_id_ce49d4de_fk_auth_perm` (`permission_id`),
  CONSTRAINT `user_user_user_permi_permission_id_ce49d4de_fk_auth_perm` FOREIGN KEY (`permission_id`) REFERENCES `auth_permission` (`id`),
  CONSTRAINT `user_user_user_permissions_user_id_31782f58_fk_user_user_id` FOREIGN KEY (`user_id`) REFERENCES `user_user` (`id`)
) ENGINE=InnoDB DEFAULT CHARSET=utf8mb4 COLLATE=utf8mb4_general_ci;

-- 테이블 데이터 fubao.user_user_user_permissions:~0 rows (대략적) 내보내기

/*!40103 SET TIME_ZONE=IFNULL(@OLD_TIME_ZONE, 'system') */;
/*!40101 SET SQL_MODE=IFNULL(@OLD_SQL_MODE, '') */;
/*!40014 SET FOREIGN_KEY_CHECKS=IFNULL(@OLD_FOREIGN_KEY_CHECKS, 1) */;
/*!40101 SET CHARACTER_SET_CLIENT=@OLD_CHARACTER_SET_CLIENT */;
/*!40111 SET SQL_NOTES=IFNULL(@OLD_SQL_NOTES, 1) */;
