id,location_id,fish_id
1,1,2
2,1,7
3,2,8
4,3,8
5,3,2
6,3,9
7,3,5
8,4,9
9,5,9
10,6,6
11,6,10
12,6,2
13,6,7
14,7,6
15,7,10
16,7,2
17,7,7
18,8,6
19,8,7
20,9,6
21,9,7
22,10,10
23,10,7
24,11,6
25,11,2
26,11,7
27,12,6
28,12,2
29,12,7
30,13,6
31,13,10
32,13,2
33,13,7
34,14,10
35,14,7
36,15,6
37,15,2
38,15,7
39,16,8
40,16,6
41,16,10
42,16,2
43,16,7
44,17,8
45,17,6
46,17,2
47,17,7
48,18,6
49,18,10
50,18,2
51,18,7
52,19,8
53,19,6
54,19,2
55,19,7
56,20,6
57,20,10
58,20,2
59,20,7
60,21,8
61,21,10
62,21,6
63,21,7
64,22,6
65,22,10
66,22,2
67,22,7
68,23,8
69,23,6
70,23,2
71,23,7
72,24,6
73,24,10
74,24,2
75,24,4
76,24,7
77,25,8
78,25,2
79,25,9
80,25,7
81,26,8
82,26,2
83,27,8
84,28,8
85,28,2
86,28,7
87,29,8
88,29,2
89,29,10
90,30,8
91,30,2
92,31,8
93,31,2
94,32,8
95,32,5
96,32,3
97,33,8
98,33,2
99,34,8
100,34,2
101,34,10
102,34,7
103,35,8
104,35,2
105,36,8
106,36,2
107,36,9
108,37,8
109,37,9
110,38,8
111,38,2
112,39,8
113,39,2
114,40,8
115,40,2
116,41,6
117,41,7
118,41,4
119,41,2
120,41,10
121,42,6
122,42,7
123,42,4
124,42,2
125,42,10
126,43,4
127,43,7
128,43,6
129,43,10
130,44,7
131,44,6
132,44,4
133,44,2
134,44,10
135,45,7
136,45,10
137,45,6
138,45,4
139,46,7
140,46,10
141,46,6
142,46,4
143,47,7
144,47,10
145,47,6
146,47,4
147,48,4
148,48,10
149,49,7
150,49,10
151,49,5
152,49,6
153,50,8
154,51,2
155,51,8
156,52,2
157,52,8
158,53,2
159,53,8
160,54,7
161,54,6
162,54,2
163,54,10
164,55,8
165,55,4
166,55,2
167,55,7
168,56,8
169,56,2
170,56,10
171,56,7
172,57,8
173,57,6
174,57,2
175,57,4
176,57,7
177,58,8
178,58,2
179,58,4
180,58,7
181,59,8
182,59,7
183,60,2
184,60,4
185,60,7
186,60,3
187,61,8
188,61,6
189,61,2
190,61,7
191,62,8
192,62,2
193,62,9
194,62,7
195,63,8
196,63,6
197,63,10
198,63,7
199,64,8
200,64,4
201,64,7
202,64,10
203,64,2
204,65,8
205,65,4
206,65,7
207,65,10
208,65,2
209,66,8
210,66,9
211,66,2
212,67,2
213,67,10
214,67,7
215,68,2
216,68,10
217,68,7
218,69,8
219,69,10
220,69,2
221,70,8
222,70,10
223,70,2
224,71,2
225,72,8
226,73,8
227,73,9
228,73,2
229,74,10
230,74,8
231,75,10
232,75,8
233,76,10
234,76,4
235,77,6
236,77,10
237,77,2
238,77,7
239,78,10
240,78,2
241,78,4
242,78,7
243,79,6
244,79,10
245,79,2
246,79,7
247,80,6
248,80,10
249,81,6
250,81,10
251,81,2
252,81,7
253,82,6
254,82,10
255,82,2
256,82,7
257,83,10
258,83,7
259,84,8
260,84,6
261,84,9
262,84,10
263,84,2
264,84,7
265,85,8
266,85,6
267,85,10
268,85,2
269,85,7
270,86,8
271,86,10
272,86,6
273,86,7
274,87,8
275,87,6
276,87,2
277,87,7
278,88,6
279,88,10
280,88,2
281,88,7
282,89,2
283,90,2
284,91,9
285,91,8
286,91,7
287,91,2
288,92,9
289,92,8
290,92,7
291,92,2
292,93,9
293,93,8
294,93,7
295,93,2
296,94,9
297,94,8
298,94,7
299,94,2
300,95,9
301,95,8
302,95,7
303,95,6
304,95,2
305,96,9
306,96,8
307,96,7
308,96,6
309,96,2
310,97,8
311,97,7
312,97,10
313,97,2
314,98,8
315,98,7
316,98,10
317,98,2
318,99,8
319,99,2
320,100,8
321,100,2
322,101,8
323,101,2
324,102,8
325,102,9
326,102,7
327,102,2
328,103,8
329,103,9
330,103,7
331,103,2
332,104,8
333,104,9
334,104,6
335,104,2
336,105,8
337,105,9
338,106,8
339,106,9
340,107,8
341,107,9
342,108,8
343,108,5
344,108,10
345,108,4
346,108,7
347,108,2
348,108,9
349,109,8
350,109,2
351,109,4
352,109,10
353,110,8
354,110,2
355,110,4
356,110,10
357,111,8
358,111,4
359,112,8
360,112,4
361,113,8
362,113,2
363,113,7
364,113,10
365,114,8
366,114,2
367,114,7
368,114,10
369,115,8
370,115,2
371,115,7
372,115,10
373,116,8
374,116,2
375,116,4
376,117,8
377,117,4
378,117,7
379,117,10
380,117,2
381,118,8
382,118,2
383,118,4
384,119,8
385,119,2
386,119,4
387,120,4
388,121,4
389,122,9
390,122,8
391,122,2
392,123,4
393,123,8
394,123,2
395,123,10
396,124,4
397,124,8
398,124,2
399,124,10
400,125,8
401,125,9
402,125,7
403,125,10
404,125,2
405,125,4
406,126,8
407,126,9
408,126,7
409,126,10
410,126,2
411,126,4
412,127,8
413,127,9
414,127,7
415,127,10
416,127,2
417,127,4
418,128,9
419,128,8
420,128,2
421,129,5
422,130,8
423,130,10
424,130,7
425,130,6
426,130,2
427,130,4
428,131,8
429,131,10
430,131,6
431,131,4
432,131,7
433,131,2
434,132,8
435,132,10
436,132,6
437,132,4
438,132,7
439,132,2
440,133,8
441,133,10
442,133,6
443,133,4
444,133,7
445,133,2
446,134,8
447,134,10
448,134,6
449,134,4
450,134,7
451,134,2
452,135,5
453,136,8
454,136,10
455,136,2
456,136,7
457,137,10
458,137,2
459,138,8
460,138,2
461,139,8
462,139,2
463,140,2
464,140,8
465,141,8
466,141,10
467,141,9
468,141,7
469,142,8
470,142,9
471,142,10
472,142,7
473,143,8
474,143,10
475,143,2
476,143,7
477,144,10
478,144,2
479,144,7
480,145,8
481,145,10
482,145,1
483,145,2
484,145,7
485,145,9
486,146,6
487,146,10
488,146,7
489,147,6
490,147,10
491,147,2
492,147,7
493,148,8
494,148,6
495,148,10
496,148,2
497,148,7
498,149,6
499,149,10
500,149,2
501,149,4
502,149,7
503,150,2
504,150,4
505,150,7
506,151,2
507,151,8
508,152,8
509,152,2
510,152,7
511,152,10
512,153,8
513,153,7
514,153,10
515,153,2
516,154,8
517,154,2
518,154,4
519,155,9
520,155,8
521,155,2
522,156,8
523,156,10
524,156,6
525,156,4
526,156,7
527,156,2
528,157,8
529,157,10
530,157,9
531,157,7
532,158,8
533,158,10
534,158,2
535,159,6
536,159,10
537,159,2
538,159,7
539,160,6
540,160,10
541,160,2
542,160,7
543,161,7
544,161,10
545,161,2
546,161,6
547,162,8
548,162,9
549,162,7
550,162,10
551,162,2
552,162,4
553,163,9
554,163,8
555,163,2
556,164,6
557,164,10
558,164,2
559,164,7
560,165,6
561,165,2
562,165,7
563,166,6
564,166,10
565,166,2
566,166,7
567,167,8
568,168,8
569,168,2
570,168,9
571,168,7
572,169,7
573,169,10
574,169,6
575,169,4
576,170,8
577,170,2
578,170,9
579,171,8
580,171,7
581,172,8
582,173,8
583,173,2
584,173,4
585,173,7
586,174,8
587,174,9
588,174,2
589,175,9
590,176,9
591,177,10
592,177,7
593,178,2
594,179,2
595,180,8
596,180,9
597,180,6
598,180,2
599,181,8
600,181,9
601,182,8
602,182,4
603,182,7
604,182,10
605,182,2
606,183,8
607,183,2
608,183,4
609,184,8
610,184,9
611,184,2
612,184,6
613,185,8
614,185,9
615,185,7
616,185,10
617,185,2
618,185,4
619,186,9
620,186,8
621,186,2
622,187,2
623,187,8
624,188,8
625,188,10
626,188,9
627,188,7
628,189,8
629,189,10
630,189,1
631,189,2
632,189,7
633,189,9
634,190,2
635,190,10
636,190,7
637,191,10
638,191,7
639,192,8
640,192,10
641,193,8
642,193,9
643,193,2
644,194,8
645,194,10
646,194,2
647,194,7
648,195,8
649,195,2
650,196,8
651,196,9
652,197,8
653,197,6
654,197,7
655,197,10
656,197,2
657,197,5
658,198,6
659,198,10
660,198,7
661,199,6
662,199,10
663,199,2
664,199,7
665,200,8
666,200,6
667,200,10
668,200,2
669,200,7
670,201,8
671,201,6
672,201,10
673,201,2
674,201,7
675,202,8
676,202,6
677,202,2
678,202,9
679,202,7
680,203,6
681,203,10
682,203,2
683,203,7
684,204,8
685,204,10
686,205,8
687,205,2
688,205,10
689,205,7
690,206,8
691,206,2
692,207,5
693,207,8
694,207,10
695,208,8
696,208,2
697,208,7
698,209,8
699,209,5
700,209,2
701,210,6
702,210,10
703,211,4
704,211,10
705,212,9
706,212,8
707,212,2
708,213,8
709,213,10
710,213,2
711,214,8
712,214,10
713,214,2
714,215,7
715,215,6
716,215,8
717,216,7
718,216,6
719,216,8
720,217,8
721,217,2
722,218,8
723,218,2
724,219,8
725,219,9
726,220,8
727,220,9
728,221,8
729,221,9
730,221,6
731,221,2
732,222,9
733,222,8
734,222,2
735,223,8
736,223,2
737,223,9
738,224,7
739,224,6
740,224,8
741,225,6
742,225,10
743,225,2
744,225,7
745,226,10
746,226,7
747,227,8
748,227,10
749,227,1
750,227,2
751,227,7
752,227,9
753,228,6
754,228,10
755,229,6
756,229,10
757,229,2
758,229,7
759,230,8
760,230,6
761,230,2
762,230,7
763,231,8
764,231,6
765,231,2
766,231,7
767,232,8
768,232,2
769,232,10
770,232,7
771,233,8
772,233,9
773,234,4
774,234,7
775,234,10
776,235,8
777,235,2
778,235,4
779,236,2
780,237,9
781,237,8
782,237,7
783,237,6
784,237,2
785,238,8
786,238,2
787,239,8
788,239,9
789,239,7
790,239,2
791,240,8
792,240,9
793,240,6
794,240,2
795,241,8
796,241,9
797,242,8
798,242,2
799,242,4
800,243,8
801,243,9
802,243,2
803,243,6
804,244,8
805,244,9
806,244,7
807,244,10
808,244,2
809,244,4
810,245,9
811,245,8
812,245,2
813,246,2
814,246,10
815,246,9
816,246,7
817,247,8
818,247,10
819,247,1
820,247,2
821,247,7
822,247,9
823,249,10
824,249,8
825,250,6
826,250,10
827,250,2
828,250,7
829,251,6
830,251,10
831,251,2
832,251,7
833,252,8
834,252,2
835,252,7
836,253,8
837,253,2
838,253,9
839,253,7
840,254,9
841,255,8
842,255,2
843,255,4
844,256,8
845,256,9
846,256,2
847,256,6
848,257,2
849,257,10
850,257,7
851,258,8
852,258,2
853,259,8
854,259,6
855,259,10
856,259,2
857,259,7
858,260,9
859,260,8
860,260,2
861,261,8
862,261,2
863,261,9
864,262,8
865,262,2
866,262,9
867,263,7
868,263,10
869,263,5
870,263,6
871,264,8
872,265,8
873,266,2
874,266,8
875,267,6
876,267,7
877,267,10
878,268,8
879,268,5
880,268,10
881,268,2
882,268,4
883,269,8
884,269,7
885,270,8
886,270,2
887,270,9
888,270,7
889,271,8
890,271,9
891,271,3
892,272,8
893,272,2
894,272,4
895,273,8
896,273,2
897,273,4
898,274,8
899,275,9
900,276,9
901,277,10
902,277,7
903,278,2
904,279,9
905,279,8
906,279,7
907,279,2
908,280,9
909,280,8
910,280,7
911,280,2
912,281,9
913,281,8
914,281,7
915,281,6
916,281,2
917,282,8
918,282,2
919,283,8
920,283,9
921,283,7
922,283,2
923,284,8
924,284,9
925,285,8
926,285,4
927,286,8
928,286,4
929,287,8
930,287,2
931,287,7
932,287,10
933,288,8
934,288,4
935,288,7
936,288,10
937,288,2
938,289,8
939,289,2
940,289,4
941,290,8
942,290,2
943,290,4
944,291,9
945,291,8
946,291,2
947,292,8
948,292,9
949,292,2
950,292,6
951,293,8
952,293,9
953,293,7
954,293,10
955,293,2
956,293,4
957,294,8
958,294,9
959,294,7
960,294,10
961,294,2
962,294,4
963,295,9
964,295,8
965,295,2
966,296,8
967,296,4
968,296,2
969,296,7
970,297,8
971,297,10
972,297,7
973,297,6
974,297,2
975,297,4
976,298,8
977,298,4
978,298,2
979,299,10
980,299,7
981,300,8
982,300,2
983,301,2
984,301,10
985,302,8
986,302,10
987,302,9
988,302,7
989,303,8
990,303,10
991,303,1
992,303,2
993,303,7
994,303,9
995,304,8
996,304,10
997,304,1
998,304,2
999,304,7
1000,304,9
1001,305,4
1002,305,7
1003,305,2
1004,305,8
1005,306,8
1006,306,10
1007,306,2
1008,307,8
1009,307,9
1010,307,2
1011,308,10
1012,308,7
1013,309,8
1014,309,10
1015,309,2
1016,311,7
1017,311,10
1018,311,5
1019,311,6
1020,312,8
1021,312,2
1022,312,7
1023,312,10
1024,313,10
1025,313,9
1026,313,1
1027,314,10
1028,314,7
1029,315,9
1030,315,8
1031,315,7
1032,315,2
1033,316,9
1034,316,8
1035,316,7
1036,316,6
1037,316,2
1038,317,8
1039,317,9
1040,317,6
1041,317,2
1042,318,8
1043,318,2
1044,318,7
1045,318,10
1046,319,8
1047,319,2
1048,319,4
1049,320,4
1050,321,9
1051,321,8
1052,321,7
1053,321,2
1054,322,9
1055,322,8
1056,322,7
1057,322,2
1058,323,9
1059,323,8
1060,323,7
1061,323,2
1062,324,9
1063,324,8
1064,324,7
1065,324,6
1066,324,2
1067,325,9
1068,325,8
1069,325,7
1070,325,6
1071,325,2
1072,326,6
1073,326,10
1074,326,7
1075,327,6
1076,327,10
1077,327,7
1078,328,6
1079,328,2
1080,328,7
1081,329,6
1082,329,2
1083,329,7
1084,330,8
1085,330,6
1086,330,2
1087,330,7
1088,331,8
1089,331,6
1090,331,10
1091,331,2
1092,331,7
1093,332,8
1094,332,6
1095,332,10
1096,332,2
1097,332,7
1098,333,8
1099,333,6
1100,333,2
1101,333,9
1102,333,7
1103,334,8
1104,334,6
1105,334,9
1106,334,10
1107,334,2
1108,334,7
1109,335,8
1110,335,6
1111,335,10
1112,335,2
1113,335,7
1114,336,6
1115,336,10
1116,336,2
1117,336,7
1118,337,8
1119,337,6
1120,337,9
1121,337,7
1122,338,8
1123,338,6
1124,338,9
1125,338,7
1126,339,8
1127,339,6
1128,339,10
1129,339,2
1130,339,4
1131,339,7
1132,340,6
1133,340,10
1134,340,2
1135,340,4
1136,340,7
1137,341,10
1138,341,2
1139,341,9
1140,341,7
1141,342,8
1142,342,2
1143,342,9
1144,343,8
1145,343,2
1146,343,9
1147,344,8
1148,344,2
1149,345,8
1150,345,2
1151,345,7
1152,346,8
1153,346,2
1154,346,10
1155,346,7
1156,347,2
1157,347,7
1158,347,10
1159,348,8
1160,348,10
1161,348,2
1162,349,8
1163,349,9
1164,350,8
1165,350,2
1166,351,8
1167,352,8
1168,352,9
1169,352,2
1170,352,7
1171,353,8
1172,353,2
1173,353,4
1174,354,8
1175,354,9
1176,354,7
1177,354,10
1178,354,2
1179,354,4
1180,355,8
1181,355,10
1182,355,2
1183,356,6
1184,356,10
1185,356,2
1186,356,7
1187,357,6
1188,357,10
1189,357,4
1190,357,7
1191,358,6
1192,358,10
1193,358,2
1194,358,7
1195,359,6
1196,359,2
1197,359,7
1198,360,6
1199,360,10
1200,360,2
1201,360,7
1202,361,6
1203,361,10
1204,361,2
1205,361,7
1206,362,6
1207,362,10
1208,362,2
1209,362,7
1210,363,8
1211,363,9
1212,363,2
1213,364,6
1214,364,7
1215,365,8
1216,365,6
1217,365,2
1218,365,7
1219,366,8
1220,366,9
1221,366,2
1222,367,8
1223,367,4
1224,367,2
1225,368,2
1226,368,8
1227,369,8
1228,369,6
1229,369,2
1230,369,7
1231,370,8
1232,370,10
1233,370,2
1234,371,8
1235,371,9
1236,372,6
1237,372,7
1238,373,10
1239,373,2
1240,373,4
1241,373,7
1242,374,6
1243,374,10
1244,374,2
1245,374,7
1246,375,8
1247,375,2
1248,375,10
1249,375,7
1250,376,8
1251,376,2
1252,376,10
1253,376,7
1254,377,8
1255,377,9
1256,377,3
1257,378,8
1258,378,2
1259,378,4
1260,379,8
1261,380,1
1262,380,9
1263,380,10
1264,381,9
1265,382,9
1266,383,9
1267,384,9
1268,385,2
1269,386,9
1270,386,8
1271,386,7
1272,386,2
1273,387,4
1274,388,4
1275,389,9
1276,389,8
1277,389,2
1278,390,9
1279,390,8
1280,390,2
1281,391,8
1282,391,9
1283,391,2
1284,391,6
1285,392,8
1286,392,9
1287,392,2
1288,392,6
1289,393,8
1290,393,9
1291,393,2
1292,393,6
1293,394,8
1294,394,9
1295,394,7
1296,394,10
1297,394,2
1298,394,4
1299,395,8
1300,395,9
1301,395,7
1302,395,10
1303,395,2
1304,395,4
1305,396,8
1306,396,9
1307,396,7
1308,396,10
1309,396,2
1310,396,4
1311,397,8
1312,397,9
1313,397,7
1314,397,10
1315,397,2
1316,397,4
1317,398,8
1318,398,9
1319,398,7
1320,398,10
1321,398,2
1322,398,4
1323,399,8
1324,399,9
1325,399,7
1326,399,10
1327,399,2
1328,399,4
1329,400,8
1330,400,9
1331,400,7
1332,400,10
1333,400,2
1334,400,4
1335,401,8
1336,401,9
1337,401,7
1338,401,10
1339,401,2
1340,401,4
1341,402,8
1342,402,9
1343,402,7
1344,402,10
1345,402,2
1346,402,4
1347,403,9
1348,403,8
1349,403,2
1350,404,8
1351,404,4
1352,404,2
1353,404,7
1354,405,5
1355,406,8
1356,406,10
1357,406,7
1358,406,6
1359,406,2
1360,406,4
1361,407,8
1362,407,10
1363,407,7
1364,407,6
1365,407,2
1366,407,4
1367,408,8
1368,408,10
1369,408,7
1370,408,6
1371,408,2
1372,408,4
1373,409,8
1374,409,10
1375,409,6
1376,409,4
1377,409,7
1378,409,2
1379,410,8
1380,410,10
1381,410,6
1382,410,4
1383,410,7
1384,410,2
1385,411,8
1386,411,10
1387,411,6
1388,411,4
1389,411,7
1390,411,2
1391,412,8
1392,412,10
1393,412,2
1394,412,7
1395,413,8
1396,413,10
1397,413,7
1398,414,8
1399,414,10
1400,414,2
1401,414,7
1402,415,8
1403,415,2
1404,416,2
1405,416,8
1406,417,8
1407,417,2
1408,417,7
1409,418,5
1410,418,8
1411,418,2
1412,419,8
1413,419,2
1414,420,8
1415,420,2
1416,420,7
1417,421,8
1418,421,2
1419,421,7
1420,422,8
1421,422,5
1422,422,2
1423,423,6
1424,423,7
1425,423,4
1426,423,2
1427,423,10
1428,424,6
1429,424,7
1430,424,4
1431,424,2
1432,424,10
1433,425,6
1434,425,10
1435,426,4
1436,426,7
1437,426,10
1438,427,4
1439,427,7
1440,427,10
1441,428,8
1442,428,10
1443,429,6
1444,429,7
1445,429,10
1446,430,4
1447,430,10
1448,431,7
1449,431,10
1450,431,6
1451,431,4
1452,432,7
1453,432,10
1454,432,6
1455,432,4
1456,433,7
1457,433,6
1458,433,4
1459,433,2
1460,433,10
1461,434,7
1462,434,10
1463,434,5
1464,434,6
1465,435,7
1466,435,10
1467,435,5
1468,435,6
1469,436,8
1470,437,2
1471,437,8
1472,438,10
1473,438,7
1474,438,6
1475,439,8
1476,439,4
1477,439,2
1478,439,7
1479,440,8
1480,440,2
1481,440,9
1482,440,7
1483,441,8
1484,441,2
1485,441,4
1486,441,7
1487,442,8
1488,442,2
1489,442,9
1490,442,7
1491,443,8
1492,443,2
1493,443,9
1494,443,7
1495,444,8
1496,444,9
1497,444,2
1498,444,7
1499,445,8
1500,445,9
1501,445,2
1502,445,7
1503,446,9
1504,446,8
1505,446,7
1506,446,6
1507,446,2
1508,447,9
1509,447,8
1510,447,7
1511,447,6
1512,447,2
1513,448,8
1514,448,7
1515,448,10
1516,448,2
1517,449,8
1518,449,7
1519,449,10
1520,449,2
1521,450,8
1522,450,2
1523,451,8
1524,451,2
1525,452,8
1526,452,9
1527,452,7
1528,452,2
1529,453,8
1530,453,9
1531,453,7
1532,453,2
1533,454,8
1534,454,9
1535,454,7
1536,454,2
1537,455,8
1538,455,9
1539,455,7
1540,455,2
1541,456,8
1542,456,9
1543,456,6
1544,456,2
1545,457,8
1546,457,9
1547,457,6
1548,457,2
1549,458,8
1550,458,9
1551,458,6
1552,458,2
1553,459,8
1554,459,9
1555,460,8
1556,460,9
1557,461,8
1558,461,2
1559,461,4
1560,462,8
1561,462,4
1562,462,7
1563,462,10
1564,462,2
1565,463,8
1566,463,4
1567,463,7
1568,463,10
1569,463,2
1570,464,8
1571,464,4
1572,464,7
1573,464,10
1574,464,2
1575,465,8
1576,465,2
1577,465,4
1578,466,8
1579,466,2
1580,466,4
1581,467,8
1582,467,2
1583,467,4
1584,468,8
1585,468,9
1586,468,10
1587,468,7
1588,469,8
1589,469,10
1590,469,2
1591,469,7
1592,469,9
1593,470,8
1594,470,10
1595,470,1
1596,470,2
1597,470,7
1598,470,9
1599,471,8
1600,471,10
1601,471,1
1602,471,2
1603,471,7
1604,471,9
1605,472,8
1606,472,10
1607,472,1
1608,472,2
1609,472,7
1610,472,9
1611,473,8
1612,473,10
1613,473,1
1614,473,2
1615,473,7
1616,473,9
1617,474,8
1618,474,4
1619,474,7
1620,474,10
1621,474,2
1622,475,8
1623,475,9
1624,475,2
1625,476,8
1626,476,9
1627,476,2
1628,477,8
1629,477,9
1630,477,2
1631,478,8
1632,478,7
1633,478,2
1634,478,10
1635,479,8
1636,479,10
1637,479,9
1638,479,7
1639,480,8
1640,480,10
1641,480,9
1642,480,7
1643,481,8
1644,481,9
1645,482,8
1646,482,5
1647,482,10
1648,482,4
1649,482,7
1650,482,2
1651,482,9
1652,483,8
1653,483,2
1654,483,4
1655,483,10
1656,484,8
1657,484,2
1658,484,4
1659,484,10
1660,485,8
1661,485,2
1662,485,4
1663,485,10
1664,486,8
1665,486,4
1666,487,8
1667,487,4
1668,488,6
1669,488,10
1670,488,2
1671,488,7
1672,489,10
1673,489,2
1674,489,4
1675,489,7
1676,490,6
1677,490,10
1678,490,2
1679,490,7
1680,491,6
1681,491,10
1682,491,2
1683,491,7
1684,492,6
1685,492,2
1686,492,7
1687,493,6
1688,493,4
1689,493,7
1690,494,8
1691,494,6
1692,494,10
1693,494,2
1694,494,7
1695,495,8
1696,495,6
1697,495,9
1698,495,7
1699,496,10
1700,496,2
1701,496,9
1702,496,7
1703,497,8
1704,497,9
1705,498,8
1706,498,2
1707,498,7
1708,498,3
1709,499,7
1710,499,10
1711,499,5
1712,499,6
1713,500,2
1714,500,8
1715,501,8
1716,501,6
1717,501,2
1718,501,7
1719,502,8
1720,502,2
1721,502,4
1722,503,9
1723,504,9
1724,505,8
1725,505,9
1726,505,6
1727,505,2
1728,506,8
1729,506,9
1730,507,8
1731,507,9
1732,508,8
1733,508,4
1734,508,7
1735,508,10
1736,508,2
1737,509,8
1738,509,9
1739,509,7
1740,509,10
1741,509,2
1742,509,4
1743,510,8
1744,510,9
1745,510,7
1746,510,10
1747,510,2
1748,510,4
1749,511,9
1750,511,8
1751,511,2
1752,512,8
1753,512,10
1754,512,6
1755,512,4
1756,512,7
1757,512,2
1758,513,8
1759,513,10
1760,513,6
1761,513,4
1762,513,7
1763,513,2
1764,514,8
1765,514,2
1766,514,9
1767,515,8
1768,515,2
1769,515,9
1770,516,8
1771,516,2
1772,516,9
1773,517,2
1774,517,7
1775,517,10
1776,518,2
1777,518,7
1778,518,10
1779,519,2
1780,519,7
1781,519,10
1782,520,8
1783,520,10
1784,520,2
1785,520,7
1786,521,7
1787,521,6
1788,521,8
1789,522,7
1790,522,6
1791,522,8
1792,523,7
1793,523,6
1794,523,8
1795,524,8
1796,524,2
1797,525,8
1798,525,2
1799,526,8
1800,526,2
1801,527,8
1802,527,9
1803,528,8
1804,528,9
1805,529,2
1806,530,8
1807,530,2
1808,530,9
1809,531,8
1810,531,2
1811,531,9
1812,532,8
1813,532,10
1814,532,2
1815,533,7
1816,533,6
1817,533,8
1818,534,8
1819,534,2
1820,535,6
1821,535,10
1822,535,2
1823,535,7
1824,536,6
1825,536,2
1826,537,6
1827,537,2
1828,537,10
1829,537,7
1830,538,8
1831,538,2
1832,538,7
1833,539,8
1834,539,2
1835,540,8
1836,540,2
1837,540,7
1838,541,8
1839,541,2
1840,541,10
1841,541,7
1842,542,10
1843,542,7
1844,543,2
1845,543,10
1846,543,7
1847,544,8
1848,544,10
1849,544,2
1850,545,8
1851,545,10
1852,545,2
1853,546,5
1854,547,2
1855,548,8
1856,548,9
1857,548,2
1858,549,8
1859,549,9
1860,549,2
1861,550,8
1862,551,10
1863,551,8
1864,552,8
1865,552,9
1866,552,10
1867,552,7
1868,553,2
1869,553,10
1870,553,7
1871,554,2
1872,554,10
1873,554,7
1874,555,8
1875,556,8
1876,556,9
1877,556,2
1878,557,8
1879,557,2
1880,558,8
1881,558,2
1882,559,8
1883,559,9
1884,560,8
1885,560,6
1886,560,2
1887,560,3
1888,561,8
1889,561,2
1890,562,8
1891,562,2
1892,562,10
1893,562,7
1894,563,8
1895,563,9
1896,563,7
1897,564,8
1898,564,9
1899,564,7
1900,565,8
1901,565,2
1902,565,7
1903,566,7
1904,566,6
1905,566,2
1906,566,10
1907,567,6
1908,567,7
1909,567,10
1910,568,9
1911,568,8
1912,568,2
1913,569,8
1914,569,2
1915,569,9
1916,570,8
1917,570,2
1918,570,9
1919,571,10
1920,571,7
1921,572,8
1922,572,2
1923,573,8
1924,573,9
1925,573,6
1926,573,2
1927,574,4
1928,574,8
1929,574,2
1930,574,10
1931,575,2
1932,575,7
1933,575,10
1934,576,6
1935,576,10
1936,576,4
1937,576,7
1938,577,8
1939,577,5
1940,577,10
1941,577,2
1942,578,8
1943,578,2
1944,579,8
1945,580,7
1946,580,10
1947,580,2
1948,580,6
1949,581,7
1950,581,10
1951,581,6
1952,581,4
1953,582,7
1954,582,10
1955,582,5
1956,582,6
1957,583,2
1958,583,8
1959,584,2
1960,584,8
1961,585,10
1962,585,7
1963,585,6
1964,586,7
1965,586,6
1966,586,2
1967,586,10
1968,587,8
1969,587,2
1970,587,9
1971,587,7
1972,588,8
1973,588,2
1974,588,4
1975,588,7
1976,589,8
1977,589,2
1978,589,9
1979,589,7
1980,590,2
1981,590,4
1982,590,7
1983,590,3
1984,591,8
1985,591,6
1986,591,2
1987,591,7
1988,592,8
1989,592,6
1990,592,2
1991,592,7
1992,593,8
1993,593,9
1994,594,8
1995,594,9
1996,595,8
1997,595,10
1998,595,7
1999,596,8
2000,597,8
2001,597,6
2002,597,10
2003,597,2
2004,597,7
2005,598,8
2006,598,9
2007,598,6
2008,598,2
2009,599,8
2010,599,5
2011,599,10
2012,599,4
2013,599,7
2014,599,2
2015,599,9
2016,600,8
2017,600,2
2018,600,4
2019,601,8
2020,601,10
2021,601,1
2022,601,2
2023,601,7
2024,601,9
2025,602,10
2026,602,7
2027,603,8
2028,603,6
2029,603,10
2030,603,2
2031,603,7
2032,604,6
2033,604,2
2034,604,7
2035,605,8
2036,605,6
2037,605,10
2038,605,2
2039,605,7
2040,606,8
2041,606,6
2042,606,10
2043,606,7
2044,607,8
2045,607,6
2046,607,9
2047,607,7
2048,608,8
2049,608,2
2050,608,9
2051,608,7
2052,609,8
2053,609,2
2054,609,9
2055,610,8
2056,610,2
2057,610,7
2058,611,8
2059,611,2
2060,611,7
2061,612,2
2062,612,8
2063,613,8
2064,613,7
2065,613,2
2066,613,10
2067,614,8
2068,614,10
2069,614,9
2070,614,7
2071,615,8
2072,615,10
2073,615,1
2074,615,2
2075,615,7
2076,615,9
2077,616,8
2078,616,10
2079,616,2
2080,617,8
2081,617,7
2082,617,10
2083,618,8
2084,618,9
2085,618,2
2086,619,2
2087,619,10
2088,619,7
2089,620,8
2090,620,10
2091,620,2
2092,621,2
2093,621,8
2094,622,8
2095,623,8
2096,623,2
2097,623,9
2098,624,8
2099,624,7
2100,625,9
2101,626,9
2102,626,8
2103,626,7
2104,626,2
2105,627,8
2106,627,7
2107,627,10
2108,627,2
2109,628,8
2110,628,9
2111,629,8
2112,629,5
2113,629,10
2114,629,4
2115,629,7
2116,629,2
2117,629,9
2118,630,8
2119,630,2
2120,630,4
2121,631,8
2122,631,4
2123,631,7
2124,631,10
2125,631,2
2126,632,9
2127,632,8
2128,632,2
2129,633,8
2130,634,8
2131,634,9
2132,634,7
2133,634,10
2134,634,2
2135,634,4
2136,635,8
2137,635,2
2138,635,10
2139,635,7
2140,636,8
2141,636,2
2142,636,9
2143,637,8
2144,637,9
2145,638,9
2146,638,8
2147,638,7
2148,638,2
2149,639,8
2150,639,4
2151,639,7
2152,639,10
2153,639,2
2154,640,2
2155,641,8
2156,641,9
2157,641,7
2158,641,2
2159,642,8
2160,642,9
2161,643,8
2162,643,2
2163,643,4
2164,644,8
2165,644,10
2166,644,7
2167,644,6
2168,644,2
2169,644,4
2170,645,8
2171,645,2
2172,646,8
2173,646,9
2174,646,2
2175,647,6
2176,647,10
2177,647,7
2178,648,7
2179,648,6
2180,648,2
2181,648,10
2182,649,8
2183,649,4
2184,649,7
2185,649,10
2186,649,2
2187,650,8
2188,650,2
2189,650,9
2190,651,8
2191,651,2
2192,652,6
2193,652,10
2194,652,2
2195,652,7
2196,653,6
2197,653,10
2198,653,2
2199,654,10
2200,654,2
2201,655,8
2202,655,2
2203,655,9
2204,655,7
2205,656,8
2206,656,2
2207,656,9
2208,656,7
2209,657,8
2210,658,9
2211,658,8
2212,658,7
2213,658,2
2214,659,8
2215,659,9
2216,659,6
2217,659,2
2218,660,10
2219,660,7
2220,661,10
2221,661,7
2222,662,9
2223,662,8
2224,662,7
2225,662,2
2226,663,9
2227,663,8
2228,663,7
2229,663,2
2230,664,9
2231,664,8
2232,664,7
2233,664,2
2234,665,9
2235,665,8
2236,665,7
2237,665,6
2238,665,2
2239,666,8
2240,666,9
2241,666,6
2242,666,2
2243,667,8
2244,667,9
2245,667,6
2246,667,2
2247,668,8
2248,668,9
2249,669,8
2250,669,9
2251,670,8
2252,670,5
2253,670,10
2254,670,4
2255,670,7
2256,670,2
2257,670,9
2258,671,8
2259,671,2
2260,671,4
2261,671,10
2262,672,8
2263,672,2
2264,672,4
2265,672,10
2266,673,8
2267,673,2
2268,673,4
2269,673,10
2270,674,8
2271,674,4
2272,675,8
2273,675,4
2274,676,8
2275,676,2
2276,676,4
2277,677,8
2278,677,2
2279,677,4
2280,678,9
2281,678,8
2282,678,2
2283,679,9
2284,679,8
2285,679,2
2286,680,4
2287,680,8
2288,680,2
2289,680,10
2290,681,8
2291,681,9
2292,681,2
2293,681,6
2294,682,8
2295,682,9
2296,682,7
2297,682,10
2298,682,2
2299,682,4
2300,683,8
2301,683,9
2302,683,7
2303,683,10
2304,683,2
2305,683,4
2306,684,8
2307,684,9
2308,684,7
2309,684,10
2310,684,2
2311,684,4
2312,685,8
2313,685,9
2314,685,7
2315,685,10
2316,685,2
2317,685,4
2318,686,9
2319,686,8
2320,686,2
2321,687,8
2322,687,10
2323,687,7
2324,687,6
2325,687,2
2326,687,4
2327,688,8
2328,688,10
2329,688,6
2330,688,4
2331,688,7
2332,688,2
2333,689,8
2334,689,10
2335,689,2
2336,689,7
2337,690,8
2338,690,9
2339,690,7
2340,690,10
2341,690,2
2342,690,4
2343,691,8
2344,691,10
2345,691,7
2346,691,6
2347,691,2
2348,691,4
2349,692,8
2350,692,4
2351,692,2
2352,693,8
2353,693,9
2354,693,10
2355,693,7
2356,694,8
2357,694,9
2358,694,2
2359,695,8
2360,695,6
2361,695,10
2362,695,2
2363,695,7
2364,696,8
2365,696,6
2366,696,10
2367,696,2
2368,696,4
2369,696,7
2370,697,7
2371,697,10
2372,697,5
2373,697,6
2374,698,8
2375,698,10
2376,698,6
2377,698,4
2378,698,7
2379,698,2
2380,699,8
2381,699,10
2382,699,6
2383,699,4
2384,699,7
2385,699,2
2386,700,8
2387,700,4
2388,700,7
2389,700,10
2390,700,2
2391,701,8
2392,701,6
2393,701,10
2394,701,2
2395,701,7
2396,702,8
2397,702,9
2398,702,6
2399,702,2
2400,703,8
2401,703,9
2402,703,2
2403,703,7
2404,704,8
2405,704,2
2406,704,9
2407,705,7
2408,705,10
2409,705,5
2410,705,6
2411,706,9
2412,706,8
2413,706,7
2414,706,6
2415,706,2
2416,707,8
2417,707,2
2418,707,4
2419,707,10
2420,708,8
2421,708,10
2422,708,7
2423,708,6
2424,708,2
2425,708,4
2426,709,8
2427,709,10
2428,709,2
2429,709,7
2430,710,8
2431,710,7
2432,710,2
2433,710,10
2434,711,8
2435,711,6
2436,711,10
2437,711,2
2438,711,4
2439,711,7
2440,712,8
2441,712,9
2442,712,7
2443,712,10
2444,712,2
2445,712,4
2446,713,8
2447,713,2
2448,714,8
2449,714,2
2450,715,8
2451,715,2
2452,715,4
2453,715,7
2454,716,8
2455,716,7
2456,716,10
2457,717,8
2458,717,10
2459,717,9
2460,717,7
2461,718,8
2462,719,6
2463,719,10
2464,719,2
2465,719,7
2466,720,10
2467,720,7
2468,720,6
2469,721,8
2470,721,9
2471,722,7
2472,722,10
2473,722,2
2474,722,6
2475,723,8
2476,723,9
2477,723,7
2478,724,9
2479,725,9
2480,725,8
2481,725,7
2482,725,2
2483,726,9
2484,726,8
2485,726,7
2486,726,2
2487,727,9
2488,727,8
2489,727,7
2490,727,2
2491,728,8
2492,728,7
2493,728,10
2494,728,2
2495,729,8
2496,729,7
2497,729,10
2498,729,2
2499,730,8
2500,730,9
2501,731,8
2502,731,4
2503,731,7
2504,731,10
2505,731,2
2506,732,8
2507,732,9
2508,732,2
2509,732,6
2510,733,6
2511,733,7
2512,734,8
2513,734,6
2514,734,10
2515,734,2
2516,734,7
2517,735,8
2518,735,2
2519,735,7
2520,736,8
2521,736,2
2522,736,7
2523,737,7
2524,737,10
2525,737,6
2526,737,4
2527,738,8
2528,738,6
2529,738,2
2530,738,7
2531,739,8
2532,739,2
2533,739,4
2534,740,9
2535,740,8
2536,740,2
2537,741,8
2538,741,10
2539,741,2
2540,742,6
2541,742,10
2542,742,2
2543,742,7
2544,743,4
2545,743,10
2546,744,8
2547,744,9
2548,745,2
2549,745,7
2550,745,10
2551,746,7
2552,746,2
2553,746,6
2554,746,10
2555,747,6
2556,747,2
2557,747,4
2558,748,2
2559,748,4
2560,748,7
2561,749,4
2562,750,2
2563,750,10
2564,750,7
2565,751,8
2566,752,8
2567,752,2
2568,753,2
2569,753,6
2570,753,7
2571,753,10
2572,754,9
2573,754,8
2574,754,7
2575,754,2
2576,755,7
2577,755,6
2578,755,8
2579,756,8
2580,756,6
2581,756,2
2582,756,4
2583,756,7
2584,757,10
2585,757,7
2586,758,6
2587,758,10
2588,758,2
2589,758,7
2590,759,8
2591,759,10
2592,760,6
2593,760,10
2594,761,2
2595,761,10
2596,761,4
2597,761,7
2598,762,9
2599,763,8
2600,763,2
2601,763,10
2602,763,7
2603,764,8
2604,764,6
2605,764,9
2606,764,10
2607,764,2
2608,764,7
2609,765,8
2610,765,9
2611,766,8
2612,766,2
2613,766,4
2614,766,10
2615,767,8
2616,767,9
2617,768,10
2618,768,7
2619,769,8
2620,769,9
2621,769,6
2622,769,2
2623,770,8
2624,770,10
2625,770,6
2626,770,4
2627,770,7
2628,770,2
2629,771,9
2630,771,8
2631,771,7
2632,771,2
2633,772,8
2634,772,9
2635,772,10
2636,772,7
2637,773,6
2638,773,10
2639,773,2
2640,773,7
2641,774,8
2642,774,10
2643,774,6
2644,774,4
2645,774,7
2646,774,2
2647,775,2
2648,775,4
2649,775,7
2650,776,6
2651,776,10
2652,776,4
2653,776,7
2654,777,10
2655,777,2
2656,777,4
2657,777,7
2658,778,6
2659,778,2
2660,778,4
2661,779,10
2662,779,7
2663,780,6
2664,780,2
2665,780,10
2666,780,7
2667,781,6
2668,781,2
2669,781,7
2670,782,6
2671,782,10
2672,782,2
2673,782,7
2674,783,5
2675,783,8
2676,783,10
2677,784,8
2678,784,6
2679,784,2
2680,784,7
2681,785,10
2682,785,4
2683,785,7
2684,786,6
2685,786,7
2686,787,6
2687,787,10
2688,787,2
2689,787,7
2690,788,6
2691,788,10
2692,788,2
2693,788,7
2694,789,10
2695,789,7
2696,790,6
2697,790,10
2698,790,2
2699,790,7
2700,791,8
2701,791,6
2702,791,2
2703,791,7
2704,792,8
2705,792,2
2706,792,4
2707,793,8
2708,793,10
2709,793,6
2710,793,4
2711,793,7
2712,793,2
2713,794,8
2714,794,7
2715,794,2
2716,794,10
2717,795,8
2718,795,5
2719,795,10
2720,795,2
2721,795,4
2722,796,6
2723,796,2
2724,796,7
2725,797,8
2726,797,6
2727,797,2
2728,797,9
2729,797,7
2730,798,8
2731,798,2
2732,798,10
2733,798,7
2734,799,6
2735,799,10
2736,799,2
2737,799,7
2738,800,8
2739,800,9
2740,801,8
2741,801,7
2742,802,8
2743,802,2
2744,803,8
2745,803,6
2746,803,2
2747,803,7
2748,804,8
2749,804,7
2750,805,8
2751,805,2
2752,805,10
2753,805,7
2754,806,8
2755,806,2
2756,807,4
2757,808,8
2758,808,10
2759,809,8
2760,809,7
2761,809,10
2762,810,8
2763,810,9
2764,810,2
2765,811,8
2766,811,2
2767,812,10
2768,812,7
2769,813,7
2770,813,10
2771,813,6
2772,813,4
2773,814,8
2774,814,9
2775,814,2
2776,814,6
2777,815,8
2778,816,8
2779,816,10
2780,816,2
2781,816,7
2782,817,9
2783,817,8
2784,817,2
2785,818,8
2786,818,10
2787,818,6
2788,818,4
2789,818,7
2790,818,2
2791,819,7
2792,819,10
2793,819,5
2794,819,6
2795,820,8
2796,820,2
2797,820,4
2798,821,8
2799,821,10
2800,821,7
2801,821,6
2802,821,2
2803,821,4
2804,822,6
2805,822,10
2806,822,2
2807,822,7
2808,823,8
2809,823,10
2810,823,1
2811,823,2
2812,823,7
2813,823,9
2814,824,8
2815,824,10
2816,824,2
2817,825,8
2818,825,10
2819,825,9
2820,825,7
2821,826,8
2822,826,2
2823,826,9
2824,827,8
2825,827,9
2826,827,2
2827,827,7
2828,828,8
2829,828,9
2830,828,2
2831,829,8
2832,829,10
2833,829,2
2834,830,8
2835,830,9
2836,830,10
2837,830,7
2838,831,6
2839,831,7
2840,831,4
2841,831,2
2842,831,10
2843,832,7
2844,832,6
2845,832,8
2846,833,8
2847,834,8
2848,834,10
2849,834,1
2850,834,2
2851,834,7
2852,834,9
2853,835,6
2854,835,10
2855,835,2
2856,835,7
2857,836,8
2858,836,2
2859,836,4
2860,836,7
2861,837,10
2862,837,9
2863,837,1
2864,838,6
2865,838,10
2866,838,2
2867,838,7
2868,839,6
2869,839,10
2870,839,2
2871,839,7
2872,840,8
2873,840,2
2874,840,10
2875,840,4
2876,840,7
2877,841,8
2878,841,4
2879,841,7
2880,841,10
2881,841,2
2882,842,8
2883,842,4
2884,842,2
2885,843,8
2886,843,10
2887,843,9
2888,843,7
2889,844,8
2890,844,2
2891,844,9
2892,845,2
2893,845,6
2894,845,7
2895,845,10
2896,846,8
2897,846,2
2898,846,10
2899,846,7
2900,847,8
2901,847,2
2902,847,4
2903,848,8
2904,848,9
2905,849,8
2906,849,9
2907,849,2
2908,850,9
2909,850,8
2910,850,7
2911,850,2
2912,851,8
2913,851,5
2914,851,2
2915,852,8
2916,852,9
2917,852,7
2918,852,10
2919,852,2
2920,852,4
2921,853,8
2922,854,8
2923,854,2
2924,855,8
2925,855,6
2926,855,2
2927,855,7
2928,856,8
2929,856,7
2930,857,6
2931,857,7
2932,858,6
2933,858,10
2934,858,2
2935,858,7
2936,859,6
2937,859,10
2938,859,7
2939,860,6
2940,860,10
2941,860,2
2942,860,7
2943,861,8
2944,861,7
2945,862,6
2946,862,10
2947,862,2
2948,862,7
2949,863,8
2950,863,6
2951,863,2
2952,863,7
2953,864,6
2954,864,10
2955,864,2
2956,864,7
2957,864,4
2958,865,8
2959,865,2
2960,865,7
2961,865,10
2962,866,8
2963,866,2
2964,866,7
2965,867,6
2966,867,10
2967,867,2
2968,867,7
2969,868,8
2970,868,2
2971,869,10
2972,869,7
2973,870,6
2974,870,10
2975,871,10
2976,871,7
2977,871,6
2978,872,8
2979,872,10
2980,872,7
2981,872,6
2982,872,2
2983,872,4
2984,873,8
2985,873,4
2986,873,2
2987,874,10
2988,874,2
2989,874,7
2990,875,8
2991,875,10
2992,875,1
2993,875,2
2994,875,7
2995,875,9
2996,876,8
2997,876,9
2998,876,2
2999,877,6
3000,877,10
3001,877,2
3002,877,7
3003,878,8
3004,878,2
3005,878,7
3006,878,10
3007,879,6
3008,879,10
3009,879,2
3010,879,7
3011,880,8
3012,880,6
3013,880,10
3014,880,2
3015,880,7
3016,881,8
3017,882,6
3018,882,5
3019,882,10
3020,882,2
3021,883,6
3022,883,7
3023,883,4
3024,883,2
3025,883,10
3026,884,10
3027,884,7
3028,884,6
3029,885,8
3030,885,9
3031,886,4
3032,887,8
3033,887,10
3034,887,6
3035,887,4
3036,887,7
3037,887,2
3038,888,6
3039,888,10
3040,888,2
3041,888,7
3042,889,8
3043,890,9
3044,891,7
3045,891,6
3046,891,2
3047,891,10
3048,892,7
3049,892,10
3050,892,6
3051,892,4
3052,893,7
3053,893,10
3054,893,5
3055,893,6
3056,894,10
3057,894,7
3058,894,6
3059,895,8
3060,895,10
3061,895,7
3062,895,6
3063,895,2
3064,895,4
3065,896,8
3066,896,10
3067,896,6
3068,896,4
3069,896,7
3070,896,2
3071,897,8
3072,897,4
3073,897,2
3074,898,9
3075,898,8
3076,898,7
3077,898,1
3078,898,4
3079,898,10
3080,899,10
3081,899,7
3082,899,6
3083,900,7
3084,900,10
3085,900,2
3086,900,6
3087,901,9
3088,901,8
3089,901,7
3090,901,1
3091,901,4
3092,901,10
3093,902,8
3094,902,9
3095,902,2
3096,903,6
3097,903,4
3098,903,7
3099,903,2
3100,904,10
3101,905,8
3102,905,7
3103,905,10
3104,905,2
3105,906,8
3106,906,9
3107,906,2
3108,907,10
3109,907,7
3110,908,8
3111,908,10
3112,909,8
3113,909,9
3114,909,2
3115,910,8
3116,910,10
3117,910,9
3118,910,7
3119,911,6
3120,911,7
3121,911,4
3122,911,2
3123,911,10
3124,912,2
3125,912,10
3126,912,7
3127,913,9
3128,914,2
3129,914,10
3130,914,7
3131,915,8
3132,915,10
3133,915,7
3134,916,9
3135,916,8
3136,916,7
3137,916,1
3138,916,4
3139,916,10
3140,917,8
3141,918,8
3142,918,4
3143,918,2
3144,918,7
3145,919,8
3146,919,10
3147,919,9
3148,919,7
3149,920,8
3150,920,10
3151,920,6
3152,920,4
3153,920,7
3154,920,2
3155,921,8
3156,921,6
3157,921,10
3158,921,2
3159,921,7
3160,922,8
3161,922,6
3162,922,10
3163,922,2
3164,922,7
3165,923,8
3166,923,6
3167,923,2
3168,923,7
3169,924,10
3170,924,2
3171,924,9
3172,924,7
3173,925,8
3174,926,8
3175,926,9
3176,926,2
3177,927,2
3178,928,8
3179,928,10
3180,928,6
3181,928,4
3182,928,7
3183,928,2
3184,929,8
3185,929,9
3186,929,10
3187,929,7
3188,930,2
3189,931,8
3190,931,4
3191,931,2
3192,932,8
3193,932,9
3194,932,2
3195,933,5
3196,934,7
3197,934,4
3198,934,2
3199,934,10
3200,935,8
3201,935,4
3202,935,2
3203,936,10
3204,936,2
3205,936,7
3206,937,8
3207,937,2
3208,937,4
3209,938,10
3210,938,8
3211,939,7
3212,939,6
3213,939,8
3214,940,8
3215,940,9
3216,941,9
3217,941,8
3218,941,7
3219,941,2
3220,942,8
3221,942,2
3222,942,7
3223,942,10
3224,943,9
3225,943,8
3226,943,2
3227,944,8
3228,944,2
3229,945,8
3230,945,9
3231,945,2
3232,945,6
3233,946,9
3234,946,8
3235,946,7
3236,946,2
3237,947,8
3238,947,2
3239,948,8
3240,948,7
3241,948,10
3242,948,2
3243,949,8
3244,949,9
3245,949,7
3246,949,2
3247,950,8
3248,950,9
3249,950,6
3250,950,2
3251,951,8
3252,951,4
3253,951,7
3254,951,10
3255,951,2
3256,952,8
3257,952,2
3258,952,4
3259,953,9
3260,953,8
3261,953,2
3262,954,8
3263,954,9
3264,954,7
3265,954,10
3266,954,2
3267,954,4
3268,955,8
3269,955,5
3270,955,10
3271,955,4
3272,955,7
3273,955,2
3274,955,9
3275,956,8
3276,956,2
3277,956,4
3278,956,10
3279,957,9
3280,957,8
3281,957,2
3282,958,8
3283,958,2
3284,959,8
3285,959,9
3286,960,8
3287,960,10
3288,960,2
3289,961,8
3290,961,6
3291,961,7
3292,961,10
3293,961,2
3294,961,5
3295,962,8
3296,962,9
3297,963,8
3298,963,7
3299,963,10
3300,963,2
3301,964,8
3302,964,4
3303,964,7
3304,964,10
3305,964,2
3306,965,10
3307,965,8
3308,966,8
3309,966,10
3310,966,2
3311,966,7
3312,967,9
3313,967,8
3314,967,7
3315,967,6
3316,967,2
3317,968,9
3318,968,8
3319,968,2
3320,969,10
3321,969,8
3322,970,8
3323,970,9
3324,971,8
3325,971,2
3326,971,7
3327,971,10
3328,972,8
3329,972,2
3330,973,4
3331,974,8
3332,974,7
3333,974,10
3334,974,2
3335,975,8
3336,975,9
3337,976,8
3338,976,10
3339,976,2
3340,976,4
3341,977,8
3342,977,10
3343,977,4
3344,978,8
3345,978,10
3346,978,2
3347,978,4
3348,979,8
3349,979,10
3350,979,2
3351,979,4
3352,980,10
3353,980,4
3354,981,10
3355,981,2
3356,982,10
3357,982,2
3358,983,8
3359,983,10
3360,983,2
3361,983,4
3362,984,8
3363,984,10
3364,984,2
3365,984,4
3366,985,8
3367,985,10
3368,985,2
3369,985,4
3370,986,10
3371,986,2
3372,986,4
3373,987,10
3374,987,2
3375,987,4
3376,988,10
3377,988,2
3378,988,4
3379,989,10
3380,989,2
3381,989,4
3382,990,10
3383,990,2
3384,990,4
3385,991,10
3386,991,2
3387,991,4
3388,992,10
3389,992,2
3390,992,4
3391,993,10
3392,993,2
3393,993,4
3394,994,10
3395,994,2
3396,994,4
3397,995,10
3398,995,2
3399,995,4
3400,996,10
3401,996,2
3402,996,4
3403,997,10
3404,997,2
3405,997,4
3406,998,8
3407,998,10
3408,998,3
3409,999,8
3410,1000,8
3411,1001,10
3412,1001,3
3413,1002,4
3414,1003,8
3415,1003,3
3416,1003,4
3417,1004,8
3418,1004,4
3419,1004,3
3420,1005,10
3421,1005,4
3422,1006,8
3423,1006,2
3424,1007,8
3425,1007,2
3426,1008,8
3427,1008,2
3428,1009,8
3429,1009,10
3430,1010,8
3431,1010,5
3432,1010,2
3433,1011,8
3434,1011,10
3435,1012,8
3436,1012,6
3437,1012,10
3438,1012,2
3439,1012,4
3440,1013,8
3441,1013,6
3442,1013,10
3443,1013,2
3444,1013,4
3445,1014,8
3446,1014,6
3447,1014,10
3448,1014,2
3449,1014,4
3450,1015,8
3451,1015,6
3452,1015,10
3453,1015,2
3454,1015,4
3455,1016,8
3456,1016,6
3457,1016,10
3458,1016,2
3459,1016,4
3460,1017,8
3461,1017,6
3462,1017,10
3463,1017,2
3464,1017,4
3465,1018,8
3466,1018,6
3467,1018,10
3468,1018,2
3469,1018,4
3470,1019,8
3471,1019,6
3472,1019,10
3473,1019,2
3474,1019,4
3475,1020,10
3476,1020,2
3477,1020,4
3478,1021,8
3479,1021,10
3480,1021,2
3481,1021,4
3482,1022,8
3483,1022,10
3484,1022,2
3485,1022,4
3486,1023,8
3487,1023,10
3488,1023,2
3489,1023,4
3490,1024,8
3491,1024,10
3492,1024,4
3493,1025,8
3494,1025,10
3495,1025,2
3496,1025,4
3497,1026,8
3498,1026,10
3499,1026,2
3500,1026,4
3501,1027,8
3502,1027,10
3503,1027,2
3504,1027,4
3505,1028,8
3506,1028,2
3507,1028,4
3508,1029,8
3509,1029,10
3510,1029,2
3511,1029,4
3512,1030,8
3513,1030,10
3514,1030,2
3515,1030,4
3516,1031,8
3517,1031,10
3518,1031,2
3519,1031,4
3520,1032,2
3521,1032,4
3522,1033,8
3523,1033,10
3524,1033,2
3525,1033,4
3526,1034,8
3527,1034,10
3528,1034,4
3529,1035,8
3530,1035,10
3531,1035,4
3532,1036,8
3533,1036,6
3534,1036,10
3535,1036,2
3536,1036,4
3537,1037,8
3538,1037,6
3539,1037,10
3540,1037,2
3541,1037,4
3542,1038,8
3543,1038,6
3544,1038,10
3545,1038,4
3546,1039,8
3547,1039,6
3548,1039,10
3549,1039,4
3550,1040,8
3551,1040,6
3552,1040,10
3553,1040,4
3554,1041,8
3555,1041,6
3556,1041,4
3557,1042,8
3558,1042,10
3559,1042,4
3560,1043,8
3561,1043,10
3562,1043,4
3563,1044,8
3564,1044,10
3565,1044,4
3566,1045,8
3567,1045,10
3568,1045,4
3569,1046,8
3570,1046,6
3571,1046,10
3572,1046,4
3573,1047,8
3574,1047,6
3575,1047,10
3576,1047,4
3577,1048,8
3578,1048,6
3579,1048,10
3580,1048,4
3581,1049,8
3582,1049,6
3583,1049,10
3584,1049,2
3585,1049,4
3586,1050,8
3587,1050,10
3588,1051,8
3589,1051,10
3590,1052,8
3591,1052,6
3592,1052,10
3593,1052,4
3594,1053,8
3595,1053,6
3596,1053,10
3597,1053,4
3598,1055,7
3599,1055,10
3600,1056,8
3601,1056,10
3602,1056,4
3603,1057,8
3604,1057,6
3605,1058,8
3606,1058,6
3607,1059,8
3608,1059,6
3609,1060,8
3610,1060,6
3611,1061,8
3612,1061,6
3613,1062,8
3614,1062,6
3615,1063,8
3616,1063,6
3617,1064,8
3618,1064,10
3619,1064,4
3620,1065,8
3621,1065,6
3622,1065,10
3623,1065,2
3624,1065,4
3625,1066,8
3626,1066,6
3627,1066,10
3628,1066,2
3629,1066,4
3630,1067,8
3631,1067,6
3632,1067,10
3633,1067,2
3634,1067,4
3635,1068,8
3636,1068,6
3637,1068,10
3638,1068,2
3639,1068,4
3640,1069,8
3641,1069,6
3642,1069,10
3643,1069,2
3644,1069,4
3645,1070,8
3646,1070,6
3647,1070,10
3648,1070,2
3649,1070,4
3650,1071,8
3651,1071,6
3652,1071,10
3653,1071,2
3654,1071,4
3655,1072,8
3656,1072,6
3657,1072,10
3658,1072,2
3659,1072,4
3660,1073,8
3661,1073,6
3662,1073,10
3663,1073,2
3664,1073,4
3665,1074,8
3666,1074,6
3667,1074,10
3668,1074,2
3669,1074,4
3670,1075,8
3671,1075,6
3672,1075,10
3673,1075,2
3674,1075,4
3675,1076,8
3676,1076,6
3677,1076,10
3678,1076,2
3679,1076,4
3680,1077,8
3681,1077,9
3682,1077,2
3683,1078,8
3684,1078,9
3685,1078,2
3686,1079,1
3687,1079,9
3688,1079,10
3689,1080,1
3690,1080,9
3691,1080,10
3692,1081,9
3693,1082,9
3694,1083,9
3695,1084,9
3696,1085,9
3697,1086,9
3698,1087,9
3699,1088,9
3700,1089,9
3701,1090,9
3702,1091,9
3703,1092,10
3704,1092,7
3705,1093,10
3706,1093,7
3707,1094,10
3708,1094,7
3709,1095,2
3710,1096,2
3711,1097,9
3712,1097,8
3713,1097,7
3714,1097,2
3715,1098,9
3716,1098,8
3717,1098,7
3718,1098,2
3719,1099,9
3720,1099,8
3721,1099,7
3722,1099,2
3723,1100,9
3724,1100,8
3725,1100,7
3726,1100,2
3727,1101,9
3728,1101,8
3729,1101,7
3730,1101,2
3731,1102,9
3732,1102,8
3733,1102,7
3734,1102,2
3735,1103,9
3736,1103,8
3737,1103,7
3738,1103,2
3739,1104,9
3740,1104,8
3741,1104,7
3742,1104,2
3743,1105,9
3744,1105,8
3745,1105,7
3746,1105,6
3747,1105,2
3748,1106,9
3749,1106,8
3750,1106,7
3751,1106,6
3752,1106,2
3753,1107,9
3754,1107,8
3755,1107,7
3756,1107,6
3757,1107,2
3758,1108,9
3759,1108,8
3760,1108,7
3761,1108,6
3762,1108,2
3763,1109,9
3764,1109,8
3765,1109,7
3766,1109,6
3767,1109,2
3768,1110,9
3769,1110,8
3770,1110,7
3771,1110,6
3772,1110,2
3773,1111,9
3774,1111,8
3775,1111,7
3776,1111,6
3777,1111,2
3778,1112,8
3779,1112,9
3780,1112,7
3781,1112,2
3782,1113,8
3783,1113,9
3784,1113,7
3785,1113,2
3786,1114,8
3787,1114,9
3788,1114,7
3789,1114,2
3790,1115,8
3791,1115,9
3792,1115,7
3793,1115,2
3794,1116,8
3795,1116,9
3796,1116,6
3797,1116,2
3798,1117,8
3799,1117,9
3800,1117,6
3801,1117,2
3802,1118,8
3803,1118,9
3804,1118,6
3805,1118,2
3806,1119,8
3807,1119,9
3808,1119,6
3809,1119,2
3810,1120,8
3811,1120,9
3812,1120,6
3813,1120,2
3814,1121,8
3815,1121,9
3816,1121,6
3817,1121,2
3818,1122,8
3819,1122,9
3820,1122,6
3821,1122,2
3822,1123,8
3823,1123,9
3824,1123,6
3825,1123,2
3826,1124,8
3827,1124,9
3828,1125,8
3829,1125,9
3830,1126,8
3831,1126,9
3832,1127,8
3833,1127,9
3834,1128,8
3835,1128,9
3836,1129,8
3837,1129,9
3838,1130,8
3839,1130,9
3840,1131,8
3841,1131,9
3842,1132,8
3843,1132,9
3844,1133,8
3845,1133,9
3846,1134,8
3847,1134,9
3848,1135,8
3849,1135,9
3850,1136,8
3851,1136,2
3852,1136,4
3853,1137,8
3854,1137,2
3855,1137,4
3856,1138,8
3857,1138,2
3858,1138,4
3859,1139,8
3860,1139,2
3861,1139,4
3862,1140,8
3863,1140,2
3864,1140,4
3865,1141,8
3866,1141,2
3867,1141,4
3868,1142,9
3869,1142,8
3870,1142,2
3871,1143,9
3872,1143,8
3873,1143,2
3874,1146,8
3875,1146,9
3876,1146,2
3877,1146,6
3878,1147,8
3879,1147,9
3880,1147,2
3881,1147,6
3882,1148,8
3883,1148,9
3884,1148,2
3885,1148,6
3886,1149,8
3887,1149,9
3888,1149,2
3889,1149,6
3890,1150,8
3891,1150,9
3892,1150,2
3893,1150,6
3894,1151,8
3895,1151,9
3896,1151,2
3897,1151,6
3898,1156,2
3899,1156,10
3900,1156,7
3901,1157,2
3902,1157,10
3903,1157,7
3904,1158,2
3905,1158,10
3906,1158,7
3907,1159,5
3908,1160,2
3909,1160,10
3910,1160,7
3911,1161,2
3912,1161,10
3913,1161,7
3914,1162,2
3915,1162,10
3916,1162,7
3917,1163,2
3918,1163,10
3919,1163,7
3920,1164,8
3921,1164,10
3922,1164,2
3923,1165,8
3924,1165,10
3925,1165,2
3926,1166,8
3927,1166,10
3928,1166,2
3929,1167,8
3930,1167,10
3931,1167,2
3932,1168,8
3933,1168,10
3934,1169,8
3935,1169,10
3936,1170,8
3937,1170,10
3938,1171,8
3939,1171,10
3940,1172,8
3941,1172,10
3942,1173,8
3943,1173,10
3944,1174,8
3945,1174,10
3946,1175,10
3947,1175,8
3948,1176,10
3949,1176,8
3950,1177,10
3951,1177,8
3952,1178,5
3953,1179,5
3954,1179,8
3955,1180,5
3956,1180,8
3957,1181,8
3958,1181,5
3959,1181,3
3960,1184,8
3961,1184,9
3962,1184,2
3963,1185,8
3964,1185,9
3965,1185,2
3966,1190,9
3967,1190,8
3968,1190,2
3969,1191,9
3970,1191,8
3971,1191,2
3972,1192,8
3973,1192,2
3974,1192,9
3975,1193,8
3976,1193,2
3977,1193,9
3978,1194,8
3979,1194,2
3980,1194,9
3981,1195,8
3982,1195,2
3983,1195,9
3984,1196,8
3985,1196,2
3986,1196,9
3987,1197,8
3988,1197,2
3989,1197,9
3990,1198,8
3991,1198,10
3992,1198,2
3993,1200,7
3994,1200,6
3995,1200,8
3996,1201,7
3997,1201,6
3998,1201,8
3999,1202,7
4000,1202,6
4001,1202,8
4002,1203,8
4003,1203,2
4004,1204,8
4005,1204,2
4006,1205,8
4007,1205,2
4008,1206,8
4009,1206,2
4010,1207,8
4011,1207,9
4012,1208,8
4013,1208,9
4014,1209,10
4015,1209,8
4016,1210,10
4017,1210,8
4018,1215,6
4019,1215,10
4020,1215,2
4021,1215,7
4022,1216,6
4023,1216,10
4024,1216,2
4025,1216,7
4026,1217,6
4027,1217,10
4028,1217,2
4029,1217,7
4030,1218,6
4031,1218,10
4032,1218,2
4033,1218,7
4034,1219,6
4035,1219,10
4036,1219,4
4037,1219,7
4038,1220,6
4039,1220,10
4040,1220,4
4041,1220,7
4042,1221,2
4043,1221,7
4044,1222,2
4045,1222,7
4046,1223,2
4047,1223,7
4048,1224,2
4049,1224,7
4050,1225,6
4051,1225,10
4052,1225,2
4053,1225,7
4054,1226,6
4055,1226,10
4056,1226,2
4057,1226,7
4058,1227,6
4059,1227,10
4060,1227,2
4061,1227,7
4062,1228,6
4063,1228,10
4064,1228,2
4065,1228,7
4066,1229,10
4067,1229,4
4068,1229,2
4069,1229,6
4070,1229,7
4071,1230,10
4072,1230,4
4073,1230,2
4074,1230,6
4075,1230,7
4076,1231,6
4077,1231,10
4078,1231,2
4079,1231,4
4080,1231,7
4081,1232,6
4082,1232,10
4083,1232,2
4084,1232,4
4085,1232,7
4086,1233,6
4087,1233,10
4088,1233,2
4089,1233,4
4090,1233,7
4091,1234,6
4092,1234,10
4093,1234,2
4094,1234,4
4095,1234,7
4096,1235,6
4097,1235,10
4098,1235,2
4099,1235,7
4100,1236,6
4101,1236,10
4102,1236,2
4103,1236,7
4104,1237,6
4105,1237,10
4106,1237,2
4107,1237,7
4108,1238,6
4109,1238,10
4110,1238,2
4111,1238,7
4112,1239,6
4113,1239,10
4114,1239,2
4115,1239,7
4116,1240,6
4117,1240,10
4118,1240,2
4119,1240,7
4120,1241,6
4121,1241,10
4122,1241,2
4123,1241,7
4124,1242,6
4125,1242,10
4126,1242,2
4127,1242,7
4128,1243,6
4129,1243,10
4130,1243,7
4131,1244,6
4132,1244,10
4133,1244,7
4134,1245,6
4135,1245,10
4136,1245,7
4137,1246,6
4138,1246,10
4139,1246,7
4140,1247,6
4141,1247,10
4142,1247,2
4143,1247,7
4144,1248,6
4145,1248,10
4146,1248,2
4147,1248,7
4148,1249,6
4149,1249,10
4150,1249,2
4151,1249,7
4152,1250,6
4153,1250,2
4154,1250,7
4155,1251,6
4156,1251,2
4157,1251,7
4158,1252,6
4159,1252,2
4160,1252,7
4161,1253,8
4162,1253,6
4163,1253,2
4164,1253,7
4165,1254,8
4166,1254,6
4167,1254,2
4168,1254,7
4169,1255,8
4170,1255,6
4171,1255,2
4172,1255,7
4173,1256,8
4174,1256,6
4175,1256,2
4176,1256,7
4177,1257,8
4178,1257,6
4179,1257,2
4180,1257,10
4181,1257,7
4182,1258,8
4183,1258,6
4184,1258,2
4185,1258,10
4186,1258,7
4187,1259,8
4188,1259,6
4189,1259,2
4190,1259,10
4191,1259,7
4192,1260,8
4193,1260,6
4194,1260,2
4195,1260,10
4196,1260,7
4197,1261,8
4198,1261,6
4199,1261,10
4200,1261,2
4201,1261,7
4202,1262,8
4203,1262,6
4204,1262,10
4205,1262,2
4206,1262,7
4207,1263,2
4208,1263,10
4209,1263,9
4210,1263,7
4211,1264,2
4212,1264,10
4213,1264,9
4214,1264,7
4215,1265,6
4216,1265,2
4217,1265,9
4218,1266,8
4219,1266,6
4220,1266,2
4221,1266,7
4222,1267,8
4223,1267,6
4224,1267,10
4225,1267,2
4226,1267,7
4227,1268,8
4228,1268,6
4229,1268,10
4230,1268,2
4231,1268,7
4232,1269,6
4233,1269,10
4234,1269,2
4235,1269,7
4236,1270,6
4237,1270,10
4238,1270,2
4239,1270,7
4240,1271,6
4241,1271,10
4242,1271,7
4243,1272,6
4244,1272,10
4245,1272,2
4246,1272,7
4247,1273,8
4248,1273,10
4249,1273,6
4250,1273,7
4251,1274,8
4252,1274,10
4253,1274,7
4254,1275,6
4255,1275,10
4256,1275,2
4257,1275,7
4258,1276,8
4259,1276,10
4260,1276,6
4261,1276,7
4262,1277,6
4263,1277,10
4264,1277,2
4265,1277,7
4266,1278,6
4267,1278,10
4268,1278,2
4269,1278,7
4270,1279,6
4271,1279,10
4272,1279,2
4273,1279,7
4274,1280,6
4275,1280,10
4276,1280,2
4277,1280,7
4278,1281,6
4279,1281,10
4280,1281,2
4281,1281,7
4282,1282,6
4283,1282,10
4284,1282,2
4285,1282,7
4286,1283,8
4287,1283,6
4288,1283,2
4289,1283,9
4290,1283,7
4291,1284,8
4292,1284,6
4293,1284,2
4294,1284,9
4295,1284,7
4296,1285,8
4297,1285,6
4298,1285,2
4299,1285,9
4300,1285,7
4301,1286,8
4302,1286,6
4303,1286,10
4304,1286,2
4305,1286,4
4306,1286,7
4307,1287,8
4308,1287,6
4309,1287,10
4310,1287,2
4311,1287,4
4312,1287,7
4313,1288,8
4314,1288,6
4315,1288,10
4316,1288,2
4317,1288,4
4318,1288,7
4319,1289,8
4320,1289,2
4321,1289,9
4322,1289,7
4323,1290,8
4324,1290,2
4325,1290,9
4326,1290,7
4327,1291,8
4328,1291,2
4329,1291,9
4330,1291,7
4331,1292,8
4332,1292,2
4333,1292,9
4334,1292,7
4335,1293,8
4336,1293,6
4337,1293,2
4338,1293,9
4339,1293,7
4340,1294,8
4341,1294,6
4342,1294,2
4343,1294,9
4344,1294,7
4345,1295,8
4346,1295,6
4347,1295,2
4348,1295,9
4349,1295,7
4350,1296,8
4351,1296,6
4352,1296,2
4353,1296,9
4354,1296,7
4355,1297,8
4356,1297,9
4357,1297,7
4358,1298,8
4359,1298,9
4360,1298,7
4361,1299,8
4362,1299,9
4363,1299,7
4364,1300,8
4365,1300,9
4366,1300,7
4367,1301,8
4368,1301,9
4369,1301,7
4370,1302,8
4371,1302,9
4372,1302,7
4373,1303,8
4374,1303,9
4375,1303,7
4376,1304,8
4377,1304,9
4378,1304,7
4379,1305,8
4380,1305,9
4381,1305,7
4382,1306,8
4383,1306,9
4384,1306,7
4385,1307,8
4386,1307,2
4387,1307,10
4388,1307,7
4389,1308,8
4390,1308,2
4391,1308,9
4392,1308,7
4393,1309,8
4394,1309,2
4395,1309,9
4396,1309,7
4397,1310,8
4398,1310,2
4399,1310,10
4400,1310,7
4401,1311,8
4402,1311,2
4403,1311,9
4404,1311,4
4405,1311,7
4406,1312,8
4407,1312,2
4408,1312,9
4409,1312,4
4410,1312,7
4411,1313,8
4412,1313,2
4413,1313,9
4414,1313,4
4415,1313,7
4416,1314,8
4417,1314,2
4418,1314,9
4419,1314,4
4420,1314,7
4421,1315,8
4422,1315,9
4423,1315,2
4424,1316,8
4425,1316,9
4426,1316,2
4427,1317,8
4428,1317,9
4429,1317,2
4430,1318,8
4431,1318,9
4432,1318,2
4433,1319,8
4434,1319,2
4435,1319,4
4436,1320,8
4437,1320,2
4438,1320,4
4439,1321,8
4440,1321,2
4441,1321,4
4442,1322,8
4443,1322,2
4444,1322,4
4445,1323,8
4446,1323,9
4447,1323,7
4448,1324,8
4449,1324,9
4450,1324,7
4451,1325,8
4452,1325,9
4453,1325,7
4454,1326,8
4455,1326,9
4456,1326,7
4457,1327,8
4458,1327,2
4459,1327,7
4460,1328,8
4461,1328,2
4462,1328,7
4463,1329,8
4464,1329,2
4465,1329,7
4466,1330,8
4467,1330,2
4468,1330,7
4469,1331,8
4470,1331,2
4471,1332,8
4472,1332,2
4473,1333,8
4474,1333,2
4475,1334,8
4476,1334,2
4477,1335,8
4478,1335,2
4479,1335,7
4480,1336,8
4481,1336,2
4482,1336,7
4483,1337,8
4484,1337,2
4485,1337,7
4486,1338,8
4487,1338,2
4488,1338,7
4489,1339,8
4490,1339,2
4491,1339,10
4492,1339,7
4493,1340,8
4494,1340,2
4495,1340,9
4496,1340,7
4497,1341,8
4498,1341,9
4499,1341,7
4500,1342,8
4501,1342,9
4502,1342,7
4503,1343,8
4504,1343,5
4505,1343,9
4506,1344,8
4507,1344,5
4508,1344,9
4509,1345,8
4510,1345,5
4511,1345,9
4512,1346,8
4513,1346,5
4514,1346,9
4515,1347,8
4516,1347,2
4517,1347,7
4518,1348,8
4519,1348,2
4520,1348,7
4521,1349,8
4522,1349,2
4523,1349,7
4524,1350,8
4525,1350,2
4526,1350,7
4527,1351,8
4528,1351,9
4529,1351,7
4530,1352,8
4531,1352,9
4532,1352,7
4533,1353,8
4534,1353,9
4535,1353,7
4536,1354,8
4537,1354,9
4538,1354,7
4539,1355,6
4540,1355,7
4541,1355,4
4542,1355,2
4543,1355,10
4544,1356,2
4545,1356,4
4546,1356,7
4547,1357,2
4548,1357,4
4549,1357,7
4550,1358,2
4551,1358,4
4552,1358,7
4553,1359,4
4554,1359,10
4555,1359,7
4556,1360,4
4557,1360,10
4558,1360,7
4559,1361,4
4560,1361,7
4561,1361,10
4562,1362,4
4563,1362,7
4564,1362,10
4565,1363,4
4566,1363,10
4567,1363,7
4568,1364,4
4569,1364,10
4570,1364,7
4571,1365,4
4572,1365,10
4573,1366,7
4574,1366,10
4575,1366,6
4576,1366,4
4577,1367,7
4578,1367,10
4579,1367,6
4580,1367,4
4581,1368,7
4582,1368,10
4583,1368,6
4584,1368,4
4585,1369,7
4586,1369,10
4587,1369,6
4588,1369,4
4589,1370,7
4590,1370,10
4591,1370,6
4592,1370,4
4593,1371,7
4594,1371,10
4595,1371,5
4596,1371,6
4597,1372,7
4598,1372,10
4599,1372,5
4600,1372,6
4601,1373,7
4602,1373,10
4603,1373,5
4604,1373,6
4605,1374,7
4606,1374,10
4607,1374,5
4608,1374,6
4609,1375,8
4610,1375,7
4611,1375,2
4612,1375,10
4613,1376,8
4614,1376,7
4615,1376,2
4616,1376,10
4617,1377,8
4618,1377,7
4619,1377,2
4620,1377,10
4621,1378,10
4622,1378,7
4623,1378,6
4624,1379,10
4625,1379,7
4626,1379,6
4627,1380,8
4628,1380,7
4629,1380,2
4630,1380,10
4631,1381,8
4632,1381,7
4633,1381,2
4634,1381,10
4635,1382,8
4636,1382,7
4637,1382,2
4638,1382,10
4639,1383,8
4640,1383,7
4641,1383,2
4642,1383,10
4643,1384,8
4644,1384,4
4645,1384,2
4646,1384,7
4647,1385,8
4648,1385,4
4649,1385,2
4650,1385,7
4651,1386,8
4652,1386,4
4653,1386,2
4654,1386,7
4655,1387,8
4656,1387,10
4657,1387,6
4658,1387,4
4659,1387,7
4660,1387,2
4661,1388,8
4662,1388,10
4663,1388,6
4664,1388,4
4665,1388,7
4666,1388,2
4667,1389,8
4668,1389,4
4669,1389,2
4670,1390,8
4671,1390,10
4672,1390,2
4673,1390,7
4674,1391,8
4675,1391,10
4676,1391,2
4677,1391,7
4678,1392,8
4679,1392,10
4680,1392,2
4681,1392,7
4682,1393,8
4683,1393,10
4684,1393,2
4685,1393,7
4686,1394,8
4687,1394,2
4688,1395,8
4689,1395,10
4690,1395,9
4691,1395,7
4692,1396,8
4693,1396,10
4694,1396,9
4695,1396,7
4696,1397,8
4697,1397,10
4698,1397,1
4699,1397,2
4700,1397,7
4701,1397,9
4702,1398,8
4703,1398,10
4704,1398,1
4705,1398,2
4706,1398,7
4707,1398,9
4708,1399,4
4709,1399,7
4710,1399,2
4711,1399,8
4712,1400,4
4713,1400,7
4714,1400,2
4715,1400,8
4716,1401,4
4717,1401,7
4718,1401,2
4719,1401,8
4720,1402,8
4721,1402,10
4722,1402,2
4723,1403,8
4724,1403,4
4725,1403,7
4726,1403,10
4727,1403,2
4728,1404,8
4729,1404,9
4730,1404,2
4731,1405,2
4732,1405,10
4733,1405,7
4734,1406,2
4735,1406,10
4736,1406,7
4737,1407,2
4738,1407,10
4739,1407,7
4740,1408,2
4741,1408,10
4742,1408,7
4743,1409,2
4744,1409,10
4745,1409,7
4746,1410,2
4747,1410,10
4748,1410,7
4749,1411,2
4750,1411,10
4751,1411,7
4752,1412,2
4753,1412,10
4754,1412,7
4755,1413,2
4756,1413,10
4757,1413,7
4758,1414,2
4759,1414,10
4760,1414,7
4761,1415,2
4762,1415,10
4763,1415,7
4764,1416,2
4765,1416,10
4766,1416,7
4767,1417,2
4768,1417,10
4769,1417,7
4770,1418,2
4771,1418,10
4772,1418,7
4773,1419,2
4774,1419,10
4775,1419,7
4776,1420,2
4777,1420,10
4778,1420,7
4779,1421,2
4780,1421,10
4781,1421,7
4782,1422,2
4783,1422,10
4784,1422,7
