id,location_id,method_id
1,1,1
2,1,2
3,1,3
4,2,1
5,2,2
6,3,1
7,3,2
8,3,3
9,4,1
10,4,2
11,5,1
12,5,2
13,6,1
14,6,2
15,6,3
16,7,1
17,7,2
18,7,3
19,8,3
20,8,2
21,8,1
22,9,3
23,9,2
24,9,1
25,10,3
26,10,1
27,10,2
28,11,3
29,11,2
30,11,1
31,12,3
32,12,2
33,12,1
34,13,3
35,13,2
36,13,1
37,14,3
38,14,1
39,14,2
40,15,3
41,15,2
42,15,1
43,16,1
44,16,2
45,16,3
46,17,1
47,17,2
48,17,3
49,18,3
50,18,2
51,18,1
52,19,1
53,19,2
54,19,3
55,20,3
56,20,2
57,20,1
58,21,1
59,21,2
60,21,3
61,22,3
62,22,2
63,22,1
64,23,1
65,23,2
66,23,3
67,24,3
68,24,2
69,24,1
70,24,4
71,25,1
72,25,2
73,25,3
74,26,1
75,26,2
76,26,3
77,27,1
78,27,2
79,28,1
80,28,2
81,28,3
82,29,1
83,29,2
84,29,3
85,30,1
86,30,2
87,30,3
88,31,1
89,31,2
90,31,3
91,32,1
92,32,2
93,32,3
94,33,1
95,33,2
96,33,3
97,34,1
98,34,2
99,34,3
100,35,1
101,35,2
102,35,3
103,36,1
104,36,2
105,36,3
106,37,1
107,37,2
108,38,1
109,38,2
110,38,3
111,39,1
112,39,2
113,39,3
114,40,1
115,40,2
116,40,3
117,41,1
118,41,2
119,41,4
120,41,3
121,42,1
122,42,2
123,42,4
124,42,3
125,43,1
126,43,4
127,43,2
128,43,3
129,44,1
130,44,2
131,44,4
132,44,3
133,45,1
134,45,2
135,45,3
136,45,4
137,46,1
138,46,2
139,46,3
140,46,4
141,47,1
142,47,2
143,47,3
144,47,4
145,48,1
146,48,4
147,48,3
148,48,2
149,49,1
150,49,2
151,49,3
152,50,1
153,50,2
154,51,3
155,51,1
156,51,2
157,52,3
158,52,1
159,52,2
160,53,3
161,53,1
162,53,2
163,54,1
164,54,2
165,54,3
166,55,1
167,55,2
168,55,4
169,55,3
170,56,1
171,56,2
172,56,3
173,57,1
174,57,2
175,57,3
176,57,4
177,58,1
178,58,2
179,58,3
180,58,4
181,59,1
182,59,2
183,60,3
184,60,1
185,60,4
186,60,2
187,61,1
188,61,2
189,61,3
190,62,1
191,62,2
192,62,3
193,63,1
194,63,2
195,63,3
196,64,1
197,64,2
198,64,4
199,64,3
200,65,1
201,65,2
202,65,4
203,65,3
204,66,1
205,66,2
206,66,3
207,67,3
208,67,1
209,67,2
210,68,3
211,68,1
212,68,2
213,69,1
214,69,2
215,69,3
216,70,1
217,70,2
218,70,3
219,71,3
220,71,1
221,72,1
222,72,2
223,73,1
224,73,2
225,73,3
226,74,3
227,74,1
228,74,2
229,75,3
230,75,1
231,75,2
232,76,3
233,76,1
234,76,2
235,76,4
236,77,3
237,77,2
238,77,1
239,78,3
240,78,1
241,78,2
242,78,4
243,79,3
244,79,2
245,79,1
246,80,3
247,80,2
248,80,1
249,81,3
250,81,2
251,81,1
252,82,3
253,82,2
254,82,1
255,83,3
256,83,1
257,83,2
258,84,1
259,84,2
260,84,3
261,85,2
262,85,3
263,85,1
264,86,1
265,86,2
266,86,3
267,87,1
268,87,2
269,87,3
270,88,3
271,88,2
272,88,1
273,89,3
274,89,1
275,90,3
276,90,1
277,91,1
278,91,2
279,91,3
280,92,1
281,92,2
282,92,3
283,93,1
284,93,2
285,93,3
286,94,1
287,94,2
288,94,3
289,95,1
290,95,2
291,95,3
292,96,1
293,96,2
294,96,3
295,97,1
296,97,2
297,97,3
298,98,1
299,98,2
300,98,3
301,99,1
302,99,2
303,99,3
304,100,1
305,100,2
306,100,3
307,101,1
308,101,2
309,101,3
310,102,1
311,102,2
312,102,3
313,103,1
314,103,2
315,103,3
316,104,1
317,104,2
318,104,3
319,105,1
320,105,2
321,106,1
322,106,2
323,107,1
324,107,2
325,108,1
326,108,2
327,108,3
328,108,4
329,109,1
330,109,2
331,109,3
332,109,4
333,110,1
334,110,2
335,110,3
336,110,4
337,111,1
338,111,2
339,111,4
340,112,1
341,112,2
342,112,4
343,113,1
344,113,2
345,113,3
346,114,1
347,114,2
348,114,3
349,115,1
350,115,2
351,115,3
352,116,1
353,116,2
354,116,3
355,116,4
356,117,1
357,117,2
358,117,4
359,117,3
360,118,1
361,118,2
362,118,3
363,118,4
364,119,1
365,119,2
366,119,3
367,119,4
368,120,1
369,120,4
370,121,1
371,121,4
372,122,1
373,122,2
374,122,3
375,123,1
376,123,4
377,123,2
378,123,3
379,124,1
380,124,4
381,124,2
382,124,3
383,125,1
384,125,2
385,125,3
386,125,4
387,126,1
388,126,2
389,126,3
390,126,4
391,127,1
392,127,2
393,127,3
394,127,4
395,128,1
396,128,2
397,128,3
398,129,3
399,129,1
400,130,1
401,130,2
402,130,3
403,130,4
404,131,1
405,131,2
406,131,3
407,131,4
408,132,1
409,132,2
410,132,3
411,132,4
412,133,1
413,133,2
414,133,3
415,133,4
416,134,1
417,134,2
418,134,3
419,134,4
420,135,3
421,135,1
422,136,1
423,136,2
424,136,3
425,137,3
426,137,1
427,137,2
428,138,1
429,138,2
430,138,3
431,139,1
432,139,2
433,139,3
434,140,3
435,140,1
436,140,2
437,141,1
438,141,2
439,141,3
440,142,1
441,142,2
442,142,3
443,143,1
444,143,2
445,143,3
446,144,3
447,144,1
448,144,2
449,145,1
450,145,2
451,145,3
452,146,3
453,146,2
454,146,1
455,147,3
456,147,2
457,147,1
458,148,1
459,148,2
460,148,3
461,149,3
462,149,2
463,149,1
464,149,4
465,150,3
466,150,1
467,150,4
468,150,2
469,151,3
470,151,1
471,151,2
472,152,1
473,152,2
474,152,3
475,153,1
476,153,2
477,153,3
478,154,1
479,154,2
480,154,3
481,154,4
482,155,1
483,155,2
484,155,3
485,156,1
486,156,2
487,156,3
488,156,4
489,157,1
490,157,2
491,157,3
492,158,1
493,158,2
494,158,3
495,159,3
496,159,2
497,159,1
498,160,3
499,160,2
500,160,1
501,161,1
502,161,2
503,161,3
504,162,1
505,162,2
506,162,3
507,162,4
508,163,1
509,163,2
510,163,3
511,164,3
512,164,2
513,164,1
514,165,3
515,165,2
516,165,1
517,166,3
518,166,2
519,166,1
520,167,1
521,167,2
522,168,1
523,168,2
524,168,3
525,169,1
526,169,2
527,169,3
528,169,4
529,170,1
530,170,2
531,170,3
532,171,1
533,171,2
534,172,1
535,172,2
536,173,1
537,173,2
538,173,3
539,173,4
540,174,1
541,174,2
542,174,3
543,175,1
544,175,2
545,176,1
546,176,2
547,177,3
548,177,1
549,177,2
550,178,3
551,178,1
552,179,3
553,179,1
554,180,1
555,180,2
556,180,3
557,181,1
558,181,2
559,182,1
560,182,2
561,182,4
562,182,3
563,183,1
564,183,2
565,183,3
566,183,4
567,184,1
568,184,2
569,184,3
570,185,1
571,185,2
572,185,3
573,185,4
574,186,1
575,186,2
576,186,3
577,187,3
578,187,1
579,187,2
580,188,1
581,188,2
582,188,3
583,189,1
584,189,2
585,189,3
586,190,3
587,190,1
588,190,2
589,191,3
590,191,1
591,191,2
592,192,1
593,192,2
594,192,3
595,193,1
596,193,2
597,193,3
598,194,1
599,194,2
600,194,3
601,195,1
602,195,2
603,195,3
604,196,1
605,196,2
606,197,1
607,197,2
608,197,3
609,198,3
610,198,2
611,198,1
612,199,3
613,199,2
614,199,1
615,200,1
616,200,2
617,200,3
618,201,1
619,201,2
620,201,3
621,202,1
622,202,2
623,202,3
624,203,3
625,203,2
626,203,1
627,204,1
628,204,2
629,204,3
630,205,1
631,205,2
632,205,3
633,206,1
634,206,2
635,206,3
636,207,3
637,207,1
638,207,2
639,208,1
640,208,2
641,208,3
642,209,1
643,209,2
644,209,3
645,210,1
646,210,2
647,210,3
648,211,1
649,211,4
650,211,3
651,211,2
652,212,1
653,212,2
654,212,3
655,213,1
656,213,2
657,213,3
658,214,1
659,214,2
660,214,3
661,215,1
662,215,2
663,216,1
664,216,2
665,217,1
666,217,2
667,217,3
668,218,1
669,218,2
670,218,3
671,219,1
672,219,2
673,220,1
674,220,2
675,221,1
676,221,2
677,221,3
678,222,1
679,222,2
680,222,3
681,223,1
682,223,2
683,223,3
684,224,1
685,224,2
686,225,3
687,225,2
688,225,1
689,226,3
690,226,1
691,226,2
692,227,1
693,227,2
694,227,3
695,228,3
696,228,2
697,228,1
698,229,3
699,229,2
700,229,1
701,230,1
702,230,2
703,230,3
704,231,1
705,231,2
706,231,3
707,232,1
708,232,2
709,232,3
710,233,1
711,233,2
712,234,1
713,234,4
714,234,2
715,234,3
716,235,1
717,235,2
718,235,3
719,235,4
720,236,3
721,236,1
722,237,1
723,237,2
724,237,3
725,238,1
726,238,2
727,238,3
728,239,1
729,239,2
730,239,3
731,240,1
732,240,2
733,240,3
734,241,1
735,241,2
736,242,1
737,242,2
738,242,3
739,242,4
740,243,1
741,243,2
742,243,3
743,244,1
744,244,2
745,244,3
746,244,4
747,245,1
748,245,2
749,245,3
750,246,3
751,246,2
752,246,1
753,247,1
754,247,2
755,247,3
756,249,3
757,249,1
758,249,2
759,250,3
760,250,2
761,250,1
762,251,3
763,251,2
764,251,1
765,252,1
766,252,2
767,252,3
768,253,1
769,253,2
770,253,3
771,254,1
772,254,2
773,255,1
774,255,2
775,255,3
776,255,4
777,256,1
778,256,2
779,256,3
780,257,3
781,257,1
782,257,2
783,258,1
784,258,2
785,258,3
786,259,1
787,259,2
788,259,3
789,260,1
790,260,2
791,260,3
792,261,1
793,261,2
794,261,3
795,262,1
796,262,2
797,262,3
798,263,1
799,263,2
800,263,3
801,264,1
802,264,2
803,265,1
804,265,2
805,266,3
806,266,1
807,266,2
808,267,1
809,267,2
810,267,3
811,268,1
812,268,2
813,268,3
814,268,4
815,269,1
816,269,2
817,270,1
818,270,2
819,270,3
820,271,1
821,271,2
822,271,3
823,272,1
824,272,2
825,272,3
826,272,4
827,273,1
828,273,2
829,273,3
830,273,4
831,274,1
832,274,2
833,275,1
834,275,2
835,276,1
836,276,2
837,277,3
838,277,1
839,277,2
840,278,3
841,278,1
842,279,1
843,279,2
844,279,3
845,280,1
846,280,2
847,280,3
848,281,1
849,281,2
850,281,3
851,282,1
852,282,2
853,282,3
854,283,1
855,283,2
856,283,3
857,284,1
858,284,2
859,285,1
860,285,2
861,285,4
862,286,1
863,286,2
864,286,4
865,287,1
866,287,2
867,287,3
868,288,1
869,288,2
870,288,4
871,288,3
872,289,1
873,289,2
874,289,3
875,289,4
876,290,1
877,290,2
878,290,3
879,290,4
880,291,1
881,291,2
882,291,3
883,292,1
884,292,2
885,292,3
886,293,1
887,293,2
888,293,3
889,293,4
890,294,1
891,294,2
892,294,3
893,294,4
894,295,1
895,295,2
896,295,3
897,296,1
898,296,2
899,296,4
900,296,3
901,297,1
902,297,2
903,297,3
904,297,4
905,298,1
906,298,2
907,298,4
908,298,3
909,299,3
910,299,1
911,299,2
912,300,1
913,300,2
914,300,3
915,301,3
916,301,1
917,301,2
918,302,1
919,302,2
920,302,3
921,303,1
922,303,2
923,303,3
924,304,1
925,304,2
926,304,3
927,305,1
928,305,4
929,305,2
930,305,3
931,306,1
932,306,2
933,306,3
934,307,1
935,307,2
936,307,3
937,308,3
938,308,1
939,308,2
940,309,1
941,309,2
942,309,3
943,311,1
944,311,2
945,311,3
946,312,1
947,312,2
948,312,3
949,313,3
950,313,1
951,313,2
952,314,3
953,314,1
954,314,2
955,315,1
956,315,2
957,315,3
958,316,1
959,316,2
960,316,3
961,317,1
962,317,2
963,317,3
964,318,1
965,318,2
966,318,3
967,319,1
968,319,2
969,319,3
970,319,4
971,320,1
972,320,4
973,321,1
974,321,2
975,321,3
976,322,1
977,322,2
978,322,3
979,323,1
980,323,2
981,323,3
982,324,1
983,324,2
984,324,3
985,325,1
986,325,2
987,325,3
988,326,3
989,326,2
990,326,1
991,327,3
992,327,2
993,327,1
994,328,3
995,328,2
996,328,1
997,329,3
998,329,2
999,329,1
1000,330,1
1001,330,2
1002,330,3
1003,331,1
1004,331,2
1005,331,3
1006,332,1
1007,332,2
1008,332,3
1009,333,1
1010,333,2
1011,333,3
1012,334,1
1013,334,2
1014,334,3
1015,335,1
1016,335,2
1017,335,3
1018,336,3
1019,336,2
1020,336,1
1021,337,1
1022,337,2
1023,337,3
1024,338,1
1025,338,2
1026,338,3
1027,339,1
1028,339,2
1029,339,3
1030,339,4
1031,340,3
1032,340,2
1033,340,1
1034,340,4
1035,341,3
1036,341,1
1037,341,2
1038,342,1
1039,342,2
1040,342,3
1041,343,1
1042,343,2
1043,343,3
1044,344,1
1045,344,2
1046,344,3
1047,345,1
1048,345,2
1049,345,3
1050,346,1
1051,346,2
1052,346,3
1053,347,3
1054,347,1
1055,347,2
1056,348,1
1057,348,2
1058,348,3
1059,349,1
1060,349,2
1061,350,1
1062,350,2
1063,350,3
1064,351,1
1065,351,2
1066,352,1
1067,352,2
1068,352,3
1069,353,1
1070,353,2
1071,353,3
1072,353,4
1073,354,1
1074,354,2
1075,354,3
1076,354,4
1077,355,1
1078,355,2
1079,355,3
1080,356,3
1081,356,2
1082,356,1
1083,357,3
1084,357,2
1085,357,1
1086,357,4
1087,358,3
1088,358,2
1089,358,1
1090,359,3
1091,359,2
1092,359,1
1093,360,3
1094,360,2
1095,360,1
1096,361,3
1097,361,2
1098,361,1
1099,362,3
1100,362,2
1101,362,1
1102,363,1
1103,363,2
1104,363,3
1105,364,3
1106,364,2
1107,364,1
1108,365,1
1109,365,2
1110,365,3
1111,366,1
1112,366,2
1113,366,3
1114,367,1
1115,367,2
1116,367,4
1117,367,3
1118,368,3
1119,368,1
1120,368,2
1121,369,1
1122,369,2
1123,369,3
1124,370,1
1125,370,2
1126,370,3
1127,371,1
1128,371,2
1129,372,3
1130,372,2
1131,372,1
1132,373,3
1133,373,1
1134,373,2
1135,373,4
1136,374,3
1137,374,2
1138,374,1
1139,375,1
1140,375,2
1141,375,3
1142,376,1
1143,376,2
1144,376,3
1145,377,1
1146,377,2
1147,377,3
1148,378,1
1149,378,2
1150,378,3
1151,378,4
1152,379,1
1153,379,2
1154,380,1
1155,380,2
1156,380,3
1157,381,1
1158,381,2
1159,382,1
1160,382,2
1161,383,1
1162,383,2
1163,384,1
1164,384,2
1165,385,3
1166,385,1
1167,386,1
1168,386,2
1169,386,3
1170,387,1
1171,387,4
1172,388,1
1173,388,4
1174,389,1
1175,389,2
1176,389,3
1177,390,1
1178,390,2
1179,390,3
1180,391,1
1181,391,2
1182,391,3
1183,392,1
1184,392,2
1185,392,3
1186,393,1
1187,393,2
1188,393,3
1189,394,1
1190,394,2
1191,394,3
1192,394,4
1193,395,1
1194,395,2
1195,395,3
1196,395,4
1197,396,1
1198,396,2
1199,396,3
1200,396,4
1201,397,1
1202,397,2
1203,397,3
1204,397,4
1205,398,1
1206,398,2
1207,398,3
1208,398,4
1209,399,1
1210,399,2
1211,399,3
1212,399,4
1213,400,1
1214,400,2
1215,400,3
1216,400,4
1217,401,1
1218,401,2
1219,401,3
1220,401,4
1221,402,1
1222,402,2
1223,402,3
1224,402,4
1225,403,1
1226,403,2
1227,403,3
1228,404,1
1229,404,2
1230,404,4
1231,404,3
1232,405,3
1233,405,1
1234,406,1
1235,406,2
1236,406,3
1237,406,4
1238,407,1
1239,407,2
1240,407,3
1241,407,4
1242,408,1
1243,408,2
1244,408,3
1245,408,4
1246,409,1
1247,409,2
1248,409,3
1249,409,4
1250,410,1
1251,410,2
1252,410,3
1253,410,4
1254,411,1
1255,411,2
1256,411,3
1257,411,4
1258,412,1
1259,412,2
1260,412,3
1261,413,1
1262,413,2
1263,413,3
1264,414,1
1265,414,2
1266,414,3
1267,415,1
1268,415,2
1269,415,3
1270,416,3
1271,416,1
1272,416,2
1273,417,1
1274,417,2
1275,417,3
1276,418,3
1277,418,1
1278,418,2
1279,419,1
1280,419,2
1281,419,3
1282,420,1
1283,420,2
1284,420,3
1285,421,1
1286,421,2
1287,421,3
1288,422,1
1289,422,2
1290,422,3
1291,423,1
1292,423,2
1293,423,4
1294,423,3
1295,424,1
1296,424,2
1297,424,4
1298,424,3
1299,425,1
1300,425,2
1301,425,3
1302,426,1
1303,426,4
1304,426,2
1305,426,3
1306,427,1
1307,427,4
1308,427,2
1309,427,3
1310,428,1
1311,428,2
1312,428,3
1313,429,1
1314,429,2
1315,429,3
1316,430,1
1317,430,4
1318,430,3
1319,430,2
1320,431,1
1321,431,2
1322,431,3
1323,431,4
1324,432,1
1325,432,2
1326,432,3
1327,432,4
1328,433,1
1329,433,2
1330,433,4
1331,433,3
1332,434,1
1333,434,2
1334,434,3
1335,435,1
1336,435,2
1337,435,3
1338,436,1
1339,436,2
1340,437,3
1341,437,1
1342,437,2
1343,438,3
1344,438,1
1345,438,2
1346,439,1
1347,439,2
1348,439,4
1349,439,3
1350,440,1
1351,440,2
1352,440,3
1353,441,1
1354,441,2
1355,441,3
1356,441,4
1357,442,1
1358,442,2
1359,442,3
1360,443,1
1361,443,2
1362,443,3
1363,444,1
1364,444,2
1365,444,3
1366,445,1
1367,445,2
1368,445,3
1369,446,1
1370,446,2
1371,446,3
1372,447,1
1373,447,2
1374,447,3
1375,448,1
1376,448,2
1377,448,3
1378,449,1
1379,449,2
1380,449,3
1381,450,1
1382,450,2
1383,450,3
1384,451,1
1385,451,2
1386,451,3
1387,452,1
1388,452,2
1389,452,3
1390,453,1
1391,453,2
1392,453,3
1393,454,1
1394,454,2
1395,454,3
1396,455,1
1397,455,2
1398,455,3
1399,456,1
1400,456,2
1401,456,3
1402,457,1
1403,457,2
1404,457,3
1405,458,1
1406,458,2
1407,458,3
1408,459,1
1409,459,2
1410,460,1
1411,460,2
1412,461,1
1413,461,2
1414,461,3
1415,461,4
1416,462,1
1417,462,2
1418,462,4
1419,462,3
1420,463,1
1421,463,2
1422,463,4
1423,463,3
1424,464,1
1425,464,2
1426,464,4
1427,464,3
1428,465,1
1429,465,2
1430,465,3
1431,465,4
1432,466,1
1433,466,2
1434,466,3
1435,466,4
1436,467,1
1437,467,2
1438,467,3
1439,467,4
1440,468,1
1441,468,2
1442,468,3
1443,469,1
1444,469,2
1445,469,3
1446,470,1
1447,470,2
1448,470,3
1449,471,1
1450,471,2
1451,471,3
1452,472,1
1453,472,2
1454,472,3
1455,473,1
1456,473,2
1457,473,3
1458,474,1
1459,474,2
1460,474,4
1461,474,3
1462,475,1
1463,475,2
1464,475,3
1465,476,1
1466,476,2
1467,476,3
1468,477,1
1469,477,2
1470,477,3
1471,478,1
1472,478,2
1473,478,3
1474,479,1
1475,479,2
1476,479,3
1477,480,1
1478,480,2
1479,480,3
1480,481,1
1481,481,2
1482,482,1
1483,482,2
1484,482,3
1485,482,4
1486,483,1
1487,483,2
1488,483,3
1489,483,4
1490,484,1
1491,484,2
1492,484,3
1493,484,4
1494,485,1
1495,485,2
1496,485,3
1497,485,4
1498,486,1
1499,486,2
1500,486,4
1501,487,1
1502,487,2
1503,487,4
1504,488,3
1505,488,2
1506,488,1
1507,489,3
1508,489,1
1509,489,2
1510,489,4
1511,490,3
1512,490,2
1513,490,1
1514,491,3
1515,491,2
1516,491,1
1517,492,3
1518,492,2
1519,492,1
1520,493,3
1521,493,2
1522,493,1
1523,493,4
1524,494,1
1525,494,2
1526,494,3
1527,495,1
1528,495,2
1529,495,3
1530,496,3
1531,496,1
1532,496,2
1533,497,1
1534,497,2
1535,498,1
1536,498,2
1537,498,3
1538,499,1
1539,499,2
1540,499,3
1541,500,3
1542,500,1
1543,500,2
1544,501,1
1545,501,2
1546,501,3
1547,502,1
1548,502,2
1549,502,3
1550,502,4
1551,503,1
1552,503,2
1553,504,1
1554,504,2
1555,505,1
1556,505,2
1557,505,3
1558,506,1
1559,506,2
1560,507,1
1561,507,2
1562,508,1
1563,508,2
1564,508,4
1565,508,3
1566,509,1
1567,509,2
1568,509,3
1569,509,4
1570,510,1
1571,510,2
1572,510,3
1573,510,4
1574,511,1
1575,511,2
1576,511,3
1577,512,1
1578,512,2
1579,512,3
1580,512,4
1581,513,1
1582,513,2
1583,513,3
1584,513,4
1585,514,1
1586,514,2
1587,514,3
1588,515,1
1589,515,2
1590,515,3
1591,516,1
1592,516,2
1593,516,3
1594,517,3
1595,517,1
1596,517,2
1597,518,3
1598,518,1
1599,518,2
1600,519,3
1601,519,1
1602,519,2
1603,520,1
1604,520,2
1605,520,3
1606,521,1
1607,521,2
1608,522,1
1609,522,2
1610,523,1
1611,523,2
1612,524,1
1613,524,2
1614,524,3
1615,525,1
1616,525,2
1617,525,3
1618,526,1
1619,526,2
1620,526,3
1621,527,1
1622,527,2
1623,528,1
1624,528,2
1625,529,3
1626,529,1
1627,530,1
1628,530,2
1629,530,3
1630,531,1
1631,531,2
1632,531,3
1633,532,1
1634,532,2
1635,532,3
1636,533,1
1637,533,2
1638,534,1
1639,534,2
1640,534,3
1641,535,3
1642,535,2
1643,535,1
1644,536,3
1645,536,2
1646,536,1
1647,537,3
1648,537,2
1649,537,1
1650,538,1
1651,538,2
1652,538,3
1653,539,1
1654,539,2
1655,539,3
1656,540,1
1657,540,2
1658,540,3
1659,541,1
1660,541,2
1661,541,3
1662,542,3
1663,542,1
1664,542,2
1665,543,3
1666,543,1
1667,543,2
1668,544,1
1669,544,2
1670,544,3
1671,545,1
1672,545,2
1673,545,3
1674,546,3
1675,546,1
1676,547,3
1677,547,1
1678,548,1
1679,548,2
1680,548,3
1681,549,1
1682,549,2
1683,549,3
1684,550,1
1685,550,2
1686,551,3
1687,551,1
1688,551,2
1689,552,1
1690,552,2
1691,552,3
1692,553,3
1693,553,1
1694,553,2
1695,554,3
1696,554,1
1697,554,2
1698,555,1
1699,555,2
1700,556,1
1701,556,2
1702,556,3
1703,557,1
1704,557,2
1705,557,3
1706,558,1
1707,558,2
1708,558,3
1709,559,1
1710,559,2
1711,560,1
1712,560,2
1713,560,3
1714,561,1
1715,561,2
1716,561,3
1717,562,1
1718,562,2
1719,562,3
1720,563,1
1721,563,2
1722,564,1
1723,564,2
1724,565,1
1725,565,2
1726,565,3
1727,566,1
1728,566,2
1729,566,3
1730,567,1
1731,567,2
1732,567,3
1733,568,1
1734,568,2
1735,568,3
1736,569,1
1737,569,2
1738,569,3
1739,570,1
1740,570,2
1741,570,3
1742,571,3
1743,571,1
1744,571,2
1745,572,1
1746,572,2
1747,572,3
1748,573,1
1749,573,2
1750,573,3
1751,574,1
1752,574,4
1753,574,2
1754,574,3
1755,575,3
1756,575,1
1757,575,2
1758,576,3
1759,576,2
1760,576,1
1761,576,4
1762,577,1
1763,577,2
1764,577,3
1765,578,1
1766,578,2
1767,578,3
1768,579,1
1769,579,2
1770,580,1
1771,580,2
1772,580,3
1773,581,1
1774,581,2
1775,581,3
1776,581,4
1777,582,1
1778,582,2
1779,582,3
1780,583,3
1781,583,1
1782,583,2
1783,584,3
1784,584,1
1785,584,2
1786,585,3
1787,585,1
1788,585,2
1789,586,1
1790,586,2
1791,586,3
1792,587,1
1793,587,2
1794,587,3
1795,588,1
1796,588,2
1797,588,3
1798,588,4
1799,589,1
1800,589,2
1801,589,3
1802,590,3
1803,590,1
1804,590,4
1805,590,2
1806,591,1
1807,591,2
1808,591,3
1809,592,1
1810,592,2
1811,592,3
1812,593,1
1813,593,2
1814,594,1
1815,594,2
1816,595,1
1817,595,2
1818,595,3
1819,596,1
1820,596,2
1821,597,1
1822,597,2
1823,597,3
1824,598,1
1825,598,2
1826,598,3
1827,599,1
1828,599,2
1829,599,3
1830,599,4
1831,600,1
1832,600,2
1833,600,3
1834,600,4
1835,601,1
1836,601,2
1837,601,3
1838,602,3
1839,602,1
1840,602,2
1841,603,1
1842,603,2
1843,603,3
1844,604,3
1845,604,2
1846,604,1
1847,605,1
1848,605,2
1849,605,3
1850,606,1
1851,606,2
1852,606,3
1853,607,1
1854,607,2
1855,607,3
1856,608,1
1857,608,2
1858,608,3
1859,609,1
1860,609,2
1861,609,3
1862,610,1
1863,610,2
1864,610,3
1865,611,1
1866,611,2
1867,611,3
1868,612,3
1869,612,1
1870,612,2
1871,613,1
1872,613,2
1873,613,3
1874,614,1
1875,614,2
1876,614,3
1877,615,1
1878,615,2
1879,615,3
1880,616,1
1881,616,2
1882,616,3
1883,617,1
1884,617,2
1885,617,3
1886,618,1
1887,618,2
1888,618,3
1889,619,3
1890,619,1
1891,619,2
1892,620,1
1893,620,2
1894,620,3
1895,621,3
1896,621,1
1897,621,2
1898,622,1
1899,622,2
1900,623,1
1901,623,2
1902,623,3
1903,624,1
1904,624,2
1905,625,1
1906,625,2
1907,626,1
1908,626,2
1909,626,3
1910,627,1
1911,627,2
1912,627,3
1913,628,1
1914,628,2
1915,629,1
1916,629,2
1917,629,3
1918,629,4
1919,630,1
1920,630,2
1921,630,3
1922,630,4
1923,631,1
1924,631,2
1925,631,4
1926,631,3
1927,632,1
1928,632,2
1929,632,3
1930,633,1
1931,633,2
1932,634,1
1933,634,2
1934,634,3
1935,634,4
1936,635,1
1937,635,2
1938,635,3
1939,636,1
1940,636,2
1941,636,3
1942,637,1
1943,637,2
1944,638,1
1945,638,2
1946,638,3
1947,639,1
1948,639,2
1949,639,4
1950,639,3
1951,640,3
1952,640,1
1953,641,1
1954,641,2
1955,641,3
1956,642,1
1957,642,2
1958,643,1
1959,643,2
1960,643,3
1961,643,4
1962,644,1
1963,644,2
1964,644,3
1965,644,4
1966,645,1
1967,645,2
1968,645,3
1969,646,1
1970,646,2
1971,646,3
1972,647,3
1973,647,2
1974,647,1
1975,648,1
1976,648,2
1977,648,3
1978,649,1
1979,649,2
1980,649,4
1981,649,3
1982,650,1
1983,650,2
1984,650,3
1985,651,1
1986,651,2
1987,651,3
1988,652,3
1989,652,2
1990,652,1
1991,653,3
1992,653,2
1993,653,1
1994,654,3
1995,654,1
1996,654,2
1997,655,1
1998,655,2
1999,655,3
2000,656,1
2001,656,2
2002,656,3
2003,657,1
2004,657,2
2005,658,1
2006,658,2
2007,658,3
2008,659,1
2009,659,2
2010,659,3
2011,660,3
2012,660,1
2013,660,2
2014,661,3
2015,661,1
2016,661,2
2017,662,1
2018,662,2
2019,662,3
2020,663,1
2021,663,2
2022,663,3
2023,664,1
2024,664,2
2025,664,3
2026,665,1
2027,665,2
2028,665,3
2029,666,1
2030,666,2
2031,666,3
2032,667,1
2033,667,2
2034,667,3
2035,668,1
2036,668,2
2037,669,1
2038,669,2
2039,670,1
2040,670,2
2041,670,3
2042,670,4
2043,671,1
2044,671,2
2045,671,3
2046,671,4
2047,672,1
2048,672,2
2049,672,3
2050,672,4
2051,673,1
2052,673,2
2053,673,3
2054,673,4
2055,674,1
2056,674,2
2057,674,4
2058,675,1
2059,675,2
2060,675,4
2061,676,1
2062,676,2
2063,676,3
2064,676,4
2065,677,1
2066,677,2
2067,677,3
2068,677,4
2069,678,1
2070,678,2
2071,678,3
2072,679,1
2073,679,2
2074,679,3
2075,680,1
2076,680,4
2077,680,2
2078,680,3
2079,681,1
2080,681,2
2081,681,3
2082,682,1
2083,682,2
2084,682,3
2085,682,4
2086,683,1
2087,683,2
2088,683,3
2089,683,4
2090,684,1
2091,684,2
2092,684,3
2093,684,4
2094,685,1
2095,685,2
2096,685,3
2097,685,4
2098,686,1
2099,686,2
2100,686,3
2101,687,1
2102,687,2
2103,687,3
2104,687,4
2105,688,1
2106,688,2
2107,688,3
2108,688,4
2109,689,1
2110,689,2
2111,689,3
2112,690,1
2113,690,2
2114,690,3
2115,690,4
2116,691,1
2117,691,2
2118,691,3
2119,691,4
2120,692,1
2121,692,2
2122,692,4
2123,692,3
2124,693,1
2125,693,2
2126,693,3
2127,694,1
2128,694,2
2129,694,3
2130,695,1
2131,695,2
2132,695,3
2133,696,1
2134,696,2
2135,696,3
2136,696,4
2137,697,1
2138,697,2
2139,697,3
2140,698,1
2141,698,2
2142,698,3
2143,698,4
2144,699,1
2145,699,2
2146,699,3
2147,699,4
2148,700,1
2149,700,2
2150,700,4
2151,700,3
2152,701,1
2153,701,2
2154,701,3
2155,702,1
2156,702,2
2157,702,3
2158,703,1
2159,703,2
2160,703,3
2161,704,1
2162,704,2
2163,704,3
2164,705,1
2165,705,2
2166,705,3
2167,706,1
2168,706,2
2169,706,3
2170,707,1
2171,707,2
2172,707,3
2173,707,4
2174,708,1
2175,708,2
2176,708,3
2177,708,4
2178,709,1
2179,709,2
2180,709,3
2181,710,1
2182,710,2
2183,710,3
2184,711,1
2185,711,2
2186,711,3
2187,711,4
2188,712,1
2189,712,2
2190,712,3
2191,712,4
2192,713,1
2193,713,2
2194,713,3
2195,714,1
2196,714,2
2197,714,3
2198,715,1
2199,715,2
2200,715,3
2201,715,4
2202,716,1
2203,716,2
2204,716,3
2205,717,1
2206,717,2
2207,717,3
2208,718,1
2209,718,2
2210,719,3
2211,719,2
2212,719,1
2213,720,3
2214,720,1
2215,720,2
2216,721,1
2217,721,2
2218,722,1
2219,722,2
2220,722,3
2221,723,1
2222,723,2
2223,724,1
2224,724,2
2225,725,1
2226,725,2
2227,725,3
2228,726,1
2229,726,2
2230,726,3
2231,727,1
2232,727,2
2233,727,3
2234,728,1
2235,728,2
2236,728,3
2237,729,1
2238,729,2
2239,729,3
2240,730,1
2241,730,2
2242,731,1
2243,731,2
2244,731,4
2245,731,3
2246,732,1
2247,732,2
2248,732,3
2249,733,3
2250,733,2
2251,733,1
2252,734,1
2253,734,2
2254,734,3
2255,735,1
2256,735,2
2257,735,3
2258,736,1
2259,736,2
2260,736,3
2261,737,1
2262,737,2
2263,737,3
2264,737,4
2265,738,1
2266,738,2
2267,738,3
2268,739,1
2269,739,2
2270,739,3
2271,739,4
2272,740,1
2273,740,2
2274,740,3
2275,741,1
2276,741,2
2277,741,3
2278,742,3
2279,742,2
2280,742,1
2281,743,1
2282,743,4
2283,743,3
2284,743,2
2285,744,1
2286,744,2
2287,745,3
2288,745,1
2289,745,2
2290,746,1
2291,746,2
2292,746,3
2293,747,3
2294,747,2
2295,747,1
2296,747,4
2297,748,3
2298,748,1
2299,748,4
2300,748,2
2301,749,1
2302,749,4
2303,750,3
2304,750,1
2305,750,2
2306,751,1
2307,751,2
2308,752,1
2309,752,2
2310,752,3
2311,753,3
2312,753,1
2313,753,2
2314,754,1
2315,754,2
2316,754,3
2317,755,1
2318,755,2
2319,756,1
2320,756,2
2321,756,3
2322,756,4
2323,757,3
2324,757,1
2325,757,2
2326,758,3
2327,758,2
2328,758,1
2329,759,1
2330,759,2
2331,759,3
2332,760,1
2333,760,2
2334,760,3
2335,761,3
2336,761,1
2337,761,2
2338,761,4
2339,762,1
2340,762,2
2341,763,1
2342,763,2
2343,763,3
2344,764,1
2345,764,2
2346,764,3
2347,765,1
2348,765,2
2349,766,1
2350,766,2
2351,766,3
2352,766,4
2353,767,1
2354,767,2
2355,768,3
2356,768,1
2357,768,2
2358,769,1
2359,769,2
2360,769,3
2361,770,1
2362,770,2
2363,770,3
2364,770,4
2365,771,1
2366,771,2
2367,771,3
2368,772,1
2369,772,2
2370,772,3
2371,773,3
2372,773,2
2373,773,1
2374,774,1
2375,774,2
2376,774,3
2377,774,4
2378,775,3
2379,775,1
2380,775,4
2381,775,2
2382,776,3
2383,776,2
2384,776,1
2385,776,4
2386,777,3
2387,777,1
2388,777,2
2389,777,4
2390,778,3
2391,778,2
2392,778,1
2393,778,4
2394,779,3
2395,779,1
2396,779,2
2397,780,3
2398,780,2
2399,780,1
2400,781,3
2401,781,2
2402,781,1
2403,782,3
2404,782,2
2405,782,1
2406,783,3
2407,783,1
2408,783,2
2409,784,1
2410,784,2
2411,784,3
2412,785,3
2413,785,1
2414,785,2
2415,785,4
2416,786,3
2417,786,2
2418,786,1
2419,787,3
2420,787,2
2421,787,1
2422,788,3
2423,788,2
2424,788,1
2425,789,3
2426,789,1
2427,789,2
2428,790,3
2429,790,2
2430,790,1
2431,791,1
2432,791,2
2433,791,3
2434,792,1
2435,792,2
2436,792,3
2437,792,4
2438,793,1
2439,793,2
2440,793,3
2441,793,4
2442,794,1
2443,794,2
2444,794,3
2445,795,1
2446,795,2
2447,795,3
2448,795,4
2449,796,3
2450,796,2
2451,796,1
2452,797,1
2453,797,2
2454,797,3
2455,798,1
2456,798,2
2457,798,3
2458,799,3
2459,799,2
2460,799,1
2461,800,1
2462,800,2
2463,801,1
2464,801,2
2465,802,1
2466,802,2
2467,802,3
2468,803,1
2469,803,2
2470,803,3
2471,804,1
2472,804,2
2473,805,1
2474,805,2
2475,805,3
2476,806,1
2477,806,2
2478,806,3
2479,807,1
2480,807,4
2481,808,1
2482,808,2
2483,808,3
2484,809,1
2485,809,2
2486,809,3
2487,810,1
2488,810,2
2489,810,3
2490,811,1
2491,811,2
2492,811,3
2493,812,3
2494,812,1
2495,812,2
2496,813,1
2497,813,2
2498,813,3
2499,813,4
2500,814,1
2501,814,2
2502,814,3
2503,815,1
2504,815,2
2505,816,1
2506,816,2
2507,816,3
2508,817,1
2509,817,2
2510,817,3
2511,818,1
2512,818,2
2513,818,3
2514,818,4
2515,819,1
2516,819,2
2517,819,3
2518,820,1
2519,820,2
2520,820,3
2521,820,4
2522,821,1
2523,821,2
2524,821,3
2525,821,4
2526,822,3
2527,822,2
2528,822,1
2529,823,1
2530,823,2
2531,823,3
2532,824,1
2533,824,2
2534,824,3
2535,825,1
2536,825,2
2537,825,3
2538,826,1
2539,826,2
2540,826,3
2541,827,1
2542,827,2
2543,827,3
2544,828,1
2545,828,2
2546,828,3
2547,829,1
2548,829,2
2549,829,3
2550,830,1
2551,830,2
2552,830,3
2553,831,1
2554,831,2
2555,831,4
2556,831,3
2557,832,1
2558,832,2
2559,833,1
2560,833,2
2561,834,1
2562,834,2
2563,834,3
2564,835,3
2565,835,2
2566,835,1
2567,836,1
2568,836,2
2569,836,3
2570,836,4
2571,837,3
2572,837,1
2573,837,2
2574,838,3
2575,838,2
2576,838,1
2577,839,3
2578,839,2
2579,839,1
2580,840,1
2581,840,2
2582,840,3
2583,840,4
2584,841,1
2585,841,2
2586,841,4
2587,841,3
2588,842,1
2589,842,2
2590,842,4
2591,842,3
2592,843,1
2593,843,2
2594,843,3
2595,844,1
2596,844,2
2597,844,3
2598,845,3
2599,845,1
2600,845,2
2601,846,1
2602,846,2
2603,846,3
2604,847,1
2605,847,2
2606,847,3
2607,847,4
2608,848,1
2609,848,2
2610,849,1
2611,849,2
2612,849,3
2613,850,1
2614,850,2
2615,850,3
2616,851,1
2617,851,2
2618,851,3
2619,852,1
2620,852,2
2621,852,3
2622,852,4
2623,853,1
2624,853,2
2625,854,1
2626,854,2
2627,854,3
2628,855,1
2629,855,2
2630,855,3
2631,856,1
2632,856,2
2633,857,3
2634,857,2
2635,857,1
2636,858,3
2637,858,2
2638,858,1
2639,859,3
2640,859,2
2641,859,1
2642,860,3
2643,860,2
2644,860,1
2645,861,1
2646,861,2
2647,862,3
2648,862,2
2649,862,1
2650,863,1
2651,863,2
2652,863,3
2653,864,3
2654,864,2
2655,864,1
2656,864,4
2657,865,1
2658,865,2
2659,865,3
2660,866,1
2661,866,2
2662,866,3
2663,867,3
2664,867,2
2665,867,1
2666,868,1
2667,868,2
2668,868,3
2669,869,3
2670,869,1
2671,869,2
2672,870,1
2673,870,2
2674,870,3
2675,871,3
2676,871,1
2677,871,2
2678,872,1
2679,872,2
2680,872,3
2681,872,4
2682,873,1
2683,873,2
2684,873,4
2685,873,3
2686,874,3
2687,874,1
2688,874,2
2689,875,1
2690,875,2
2691,875,3
2692,876,1
2693,876,2
2694,876,3
2695,877,3
2696,877,2
2697,877,1
2698,878,1
2699,878,2
2700,878,3
2701,879,3
2702,879,2
2703,879,1
2704,880,1
2705,880,2
2706,880,3
2707,881,1
2708,881,2
2709,882,3
2710,882,2
2711,882,1
2712,883,1
2713,883,2
2714,883,4
2715,883,3
2716,884,3
2717,884,1
2718,884,2
2719,885,1
2720,885,2
2721,886,1
2722,886,4
2723,887,1
2724,887,2
2725,887,3
2726,887,4
2727,888,3
2728,888,2
2729,888,1
2730,889,1
2731,889,2
2732,890,1
2733,890,2
2734,891,1
2735,891,2
2736,891,3
2737,892,1
2738,892,2
2739,892,3
2740,892,4
2741,893,1
2742,893,2
2743,893,3
2744,894,3
2745,894,1
2746,894,2
2747,895,1
2748,895,2
2749,895,3
2750,895,4
2751,896,1
2752,896,2
2753,896,3
2754,896,4
2755,897,1
2756,897,2
2757,897,4
2758,897,3
2759,898,2
2760,898,1
2761,898,3
2762,898,4
2763,899,3
2764,899,1
2765,899,2
2766,900,1
2767,900,2
2768,900,3
2769,901,2
2770,901,1
2771,901,3
2772,901,4
2773,902,1
2774,902,2
2775,902,3
2776,903,1
2777,903,2
2778,903,4
2779,903,3
2780,904,3
2781,904,1
2782,904,2
2783,905,1
2784,905,2
2785,905,3
2786,906,1
2787,906,2
2788,906,3
2789,907,3
2790,907,1
2791,907,2
2792,908,1
2793,908,2
2794,908,3
2795,909,1
2796,909,2
2797,909,3
2798,910,1
2799,910,2
2800,910,3
2801,911,1
2802,911,2
2803,911,4
2804,911,3
2805,912,3
2806,912,1
2807,912,2
2808,913,1
2809,913,2
2810,914,3
2811,914,1
2812,914,2
2813,915,1
2814,915,2
2815,915,3
2816,916,2
2817,916,1
2818,916,3
2819,916,4
2820,917,1
2821,917,2
2822,918,1
2823,918,2
2824,918,4
2825,918,3
2826,919,1
2827,919,2
2828,919,3
2829,920,1
2830,920,2
2831,920,3
2832,920,4
2833,921,1
2834,921,2
2835,921,3
2836,922,1
2837,922,2
2838,922,3
2839,923,1
2840,923,2
2841,923,3
2842,924,3
2843,924,1
2844,924,2
2845,925,1
2846,925,2
2847,926,1
2848,926,2
2849,926,3
2850,927,3
2851,927,1
2852,928,1
2853,928,2
2854,928,3
2855,928,4
2856,929,1
2857,929,2
2858,929,3
2859,930,3
2860,930,1
2861,931,1
2862,931,2
2863,931,4
2864,931,3
2865,932,1
2866,932,2
2867,932,3
2868,933,3
2869,933,1
2870,934,1
2871,934,2
2872,934,4
2873,934,3
2874,935,1
2875,935,2
2876,935,4
2877,935,3
2878,936,3
2879,936,1
2880,936,2
2881,937,1
2882,937,2
2883,937,3
2884,937,4
2885,938,3
2886,938,1
2887,938,2
2888,939,1
2889,939,2
2890,940,1
2891,940,2
2892,941,1
2893,941,2
2894,941,3
2895,942,1
2896,942,2
2897,942,3
2898,943,1
2899,943,2
2900,943,3
2901,944,1
2902,944,2
2903,944,3
2904,945,1
2905,945,2
2906,945,3
2907,946,1
2908,946,2
2909,946,3
2910,947,1
2911,947,2
2912,947,3
2913,948,1
2914,948,2
2915,948,3
2916,949,1
2917,949,2
2918,949,3
2919,950,1
2920,950,2
2921,950,3
2922,951,1
2923,951,2
2924,951,4
2925,951,3
2926,952,1
2927,952,2
2928,952,3
2929,952,4
2930,953,1
2931,953,2
2932,953,3
2933,954,1
2934,954,2
2935,954,3
2936,954,4
2937,955,1
2938,955,2
2939,955,3
2940,955,4
2941,956,1
2942,956,2
2943,956,3
2944,956,4
2945,957,1
2946,957,2
2947,957,3
2948,958,1
2949,958,2
2950,958,3
2951,959,1
2952,959,2
2953,960,1
2954,960,2
2955,960,3
2956,961,1
2957,961,2
2958,961,3
2959,962,1
2960,962,2
2961,963,1
2962,963,2
2963,963,3
2964,964,1
2965,964,2
2966,964,4
2967,964,3
2968,965,3
2969,965,1
2970,965,2
2971,966,1
2972,966,2
2973,966,3
2974,967,1
2975,967,2
2976,967,3
2977,968,1
2978,968,2
2979,968,3
2980,969,3
2981,969,1
2982,969,2
2983,970,1
2984,970,2
2985,971,1
2986,971,2
2987,971,3
2988,972,1
2989,972,2
2990,972,3
2991,973,1
2992,973,4
2993,974,1
2994,974,2
2995,974,3
2996,975,1
2997,975,2
2998,976,1
2999,976,2
3000,976,3
3001,976,4
3002,977,1
3003,977,2
3004,977,4
3005,978,1
3006,978,2
3007,978,3
3008,978,4
3009,979,1
3010,979,2
3011,979,3
3012,979,4
3013,980,1
3014,980,2
3015,980,4
3016,981,1
3017,981,2
3018,981,3
3019,982,1
3020,982,2
3021,982,3
3022,983,1
3023,983,2
3024,983,3
3025,983,4
3026,984,1
3027,984,2
3028,984,3
3029,984,4
3030,985,1
3031,985,2
3032,985,3
3033,985,4
3034,986,1
3035,986,2
3036,986,3
3037,986,4
3038,987,1
3039,987,2
3040,987,3
3041,987,4
3042,988,1
3043,988,2
3044,988,3
3045,988,4
3046,989,1
3047,989,2
3048,989,3
3049,989,4
3050,990,1
3051,990,2
3052,990,3
3053,990,4
3054,991,1
3055,991,2
3056,991,3
3057,991,4
3058,992,1
3059,992,2
3060,992,3
3061,992,4
3062,993,1
3063,993,2
3064,993,3
3065,993,4
3066,994,1
3067,994,2
3068,994,3
3069,994,4
3070,995,1
3071,995,2
3072,995,3
3073,995,4
3074,996,1
3075,996,2
3076,996,3
3077,996,4
3078,997,1
3079,997,2
3080,997,3
3081,997,4
3082,998,1
3083,998,3
3084,999,1
3085,1000,1
3086,1001,3
3087,1001,1
3088,1002,2
3089,1002,1
3090,1003,1
3091,1003,3
3092,1003,2
3093,1004,1
3094,1004,2
3095,1004,3
3096,1005,3
3097,1005,1
3098,1005,2
3099,1006,1
3100,1006,2
3101,1006,3
3102,1007,1
3103,1007,2
3104,1007,3
3105,1008,1
3106,1008,2
3107,1008,3
3108,1009,1
3109,1009,3
3110,1010,1
3111,1010,3
3112,1010,2
3113,1011,1
3114,1011,3
3115,1012,1
3116,1012,2
3117,1012,3
3118,1012,4
3119,1013,1
3120,1013,2
3121,1013,3
3122,1013,4
3123,1014,1
3124,1014,2
3125,1014,3
3126,1014,4
3127,1015,1
3128,1015,2
3129,1015,3
3130,1015,4
3131,1016,1
3132,1016,2
3133,1016,3
3134,1016,4
3135,1017,1
3136,1017,2
3137,1017,3
3138,1017,4
3139,1018,1
3140,1018,2
3141,1018,3
3142,1018,4
3143,1019,1
3144,1019,2
3145,1019,3
3146,1019,4
3147,1020,1
3148,1020,2
3149,1020,3
3150,1020,4
3151,1021,1
3152,1021,2
3153,1021,3
3154,1021,4
3155,1022,1
3156,1022,2
3157,1022,3
3158,1022,4
3159,1023,1
3160,1023,2
3161,1023,3
3162,1023,4
3163,1024,1
3164,1024,2
3165,1024,4
3166,1025,1
3167,1025,2
3168,1025,3
3169,1025,4
3170,1026,1
3171,1026,2
3172,1026,3
3173,1026,4
3174,1027,1
3175,1027,2
3176,1027,3
3177,1027,4
3178,1028,1
3179,1028,2
3180,1028,3
3181,1028,4
3182,1029,1
3183,1029,2
3184,1029,3
3185,1029,4
3186,1030,1
3187,1030,2
3188,1030,3
3189,1030,4
3190,1031,1
3191,1031,2
3192,1031,3
3193,1031,4
3194,1032,1
3195,1032,2
3196,1032,3
3197,1032,4
3198,1033,1
3199,1033,2
3200,1033,3
3201,1033,4
3202,1034,1
3203,1034,2
3204,1034,4
3205,1035,1
3206,1035,2
3207,1035,4
3208,1036,1
3209,1036,2
3210,1036,3
3211,1036,4
3212,1037,1
3213,1037,2
3214,1037,3
3215,1037,4
3216,1038,1
3217,1038,2
3218,1038,4
3219,1039,1
3220,1039,2
3221,1039,4
3222,1040,1
3223,1040,2
3224,1040,4
3225,1041,1
3226,1041,2
3227,1041,4
3228,1042,1
3229,1042,2
3230,1042,4
3231,1043,1
3232,1043,2
3233,1043,4
3234,1044,1
3235,1044,2
3236,1044,4
3237,1045,1
3238,1045,2
3239,1045,4
3240,1046,1
3241,1046,2
3242,1046,4
3243,1047,1
3244,1047,2
3245,1047,4
3246,1048,1
3247,1048,2
3248,1048,4
3249,1049,1
3250,1049,2
3251,1049,3
3252,1049,4
3253,1050,1
3254,1050,2
3255,1051,1
3256,1051,2
3257,1052,1
3258,1052,2
3259,1052,4
3260,1053,1
3261,1053,2
3262,1053,4
3263,1055,3
3264,1055,1
3265,1055,2
3266,1056,1
3267,1056,2
3268,1056,4
3269,1057,1
3270,1057,2
3271,1058,1
3272,1058,2
3273,1059,1
3274,1059,2
3275,1060,1
3276,1060,2
3277,1061,1
3278,1061,2
3279,1062,1
3280,1062,2
3281,1063,1
3282,1063,2
3283,1064,1
3284,1064,2
3285,1064,4
3286,1065,1
3287,1065,2
3288,1065,3
3289,1065,4
3290,1066,1
3291,1066,2
3292,1066,3
3293,1066,4
3294,1067,1
3295,1067,2
3296,1067,3
3297,1067,4
3298,1068,1
3299,1068,2
3300,1068,3
3301,1068,4
3302,1069,1
3303,1069,2
3304,1069,3
3305,1069,4
3306,1070,1
3307,1070,2
3308,1070,3
3309,1070,4
3310,1071,1
3311,1071,2
3312,1071,3
3313,1071,4
3314,1072,1
3315,1072,2
3316,1072,3
3317,1072,4
3318,1073,1
3319,1073,2
3320,1073,3
3321,1073,4
3322,1074,1
3323,1074,2
3324,1074,3
3325,1074,4
3326,1075,1
3327,1075,2
3328,1075,3
3329,1075,4
3330,1076,1
3331,1076,2
3332,1076,3
3333,1076,4
3334,1077,1
3335,1077,2
3336,1077,3
3337,1078,1
3338,1078,2
3339,1078,3
3340,1079,1
3341,1079,2
3342,1079,3
3343,1080,1
3344,1080,2
3345,1080,3
3346,1081,1
3347,1081,2
3348,1082,1
3349,1082,2
3350,1083,1
3351,1083,2
3352,1084,1
3353,1084,2
3354,1085,1
3355,1085,2
3356,1086,1
3357,1086,2
3358,1087,1
3359,1087,2
3360,1088,1
3361,1088,2
3362,1089,1
3363,1089,2
3364,1090,1
3365,1090,2
3366,1091,1
3367,1091,2
3368,1092,3
3369,1092,1
3370,1092,2
3371,1093,3
3372,1093,1
3373,1093,2
3374,1094,3
3375,1094,1
3376,1094,2
3377,1095,3
3378,1095,1
3379,1096,3
3380,1096,1
3381,1097,1
3382,1097,2
3383,1097,3
3384,1098,1
3385,1098,2
3386,1098,3
3387,1099,1
3388,1099,2
3389,1099,3
3390,1100,1
3391,1100,2
3392,1100,3
3393,1101,1
3394,1101,2
3395,1101,3
3396,1102,1
3397,1102,2
3398,1102,3
3399,1103,1
3400,1103,2
3401,1103,3
3402,1104,1
3403,1104,2
3404,1104,3
3405,1105,1
3406,1105,2
3407,1105,3
3408,1106,1
3409,1106,2
3410,1106,3
3411,1107,1
3412,1107,2
3413,1107,3
3414,1108,1
3415,1108,2
3416,1108,3
3417,1109,1
3418,1109,2
3419,1109,3
3420,1110,1
3421,1110,2
3422,1110,3
3423,1111,1
3424,1111,2
3425,1111,3
3426,1112,1
3427,1112,2
3428,1112,3
3429,1113,1
3430,1113,2
3431,1113,3
3432,1114,1
3433,1114,2
3434,1114,3
3435,1115,1
3436,1115,2
3437,1115,3
3438,1116,1
3439,1116,2
3440,1116,3
3441,1117,1
3442,1117,2
3443,1117,3
3444,1118,1
3445,1118,2
3446,1118,3
3447,1119,1
3448,1119,2
3449,1119,3
3450,1120,1
3451,1120,2
3452,1120,3
3453,1121,1
3454,1121,2
3455,1121,3
3456,1122,1
3457,1122,2
3458,1122,3
3459,1123,1
3460,1123,2
3461,1123,3
3462,1124,1
3463,1124,2
3464,1125,1
3465,1125,2
3466,1126,1
3467,1126,2
3468,1127,1
3469,1127,2
3470,1128,1
3471,1128,2
3472,1129,1
3473,1129,2
3474,1130,1
3475,1130,2
3476,1131,1
3477,1131,2
3478,1132,1
3479,1132,2
3480,1133,1
3481,1133,2
3482,1134,1
3483,1134,2
3484,1135,1
3485,1135,2
3486,1136,1
3487,1136,2
3488,1136,3
3489,1136,4
3490,1137,1
3491,1137,2
3492,1137,3
3493,1137,4
3494,1138,1
3495,1138,2
3496,1138,3
3497,1138,4
3498,1139,1
3499,1139,2
3500,1139,3
3501,1139,4
3502,1140,1
3503,1140,2
3504,1140,3
3505,1140,4
3506,1141,1
3507,1141,2
3508,1141,3
3509,1141,4
3510,1142,1
3511,1142,2
3512,1142,3
3513,1143,1
3514,1143,2
3515,1143,3
3516,1146,1
3517,1146,2
3518,1146,3
3519,1147,1
3520,1147,2
3521,1147,3
3522,1148,1
3523,1148,2
3524,1148,3
3525,1149,1
3526,1149,2
3527,1149,3
3528,1150,1
3529,1150,2
3530,1150,3
3531,1151,1
3532,1151,2
3533,1151,3
3534,1156,3
3535,1156,1
3536,1156,2
3537,1157,3
3538,1157,1
3539,1157,2
3540,1158,3
3541,1158,1
3542,1158,2
3543,1159,3
3544,1159,1
3545,1160,3
3546,1160,1
3547,1160,2
3548,1161,3
3549,1161,1
3550,1161,2
3551,1162,3
3552,1162,1
3553,1162,2
3554,1163,3
3555,1163,1
3556,1163,2
3557,1164,1
3558,1164,2
3559,1164,3
3560,1165,1
3561,1165,2
3562,1165,3
3563,1166,1
3564,1166,2
3565,1166,3
3566,1167,1
3567,1167,2
3568,1167,3
3569,1168,1
3570,1168,2
3571,1168,3
3572,1169,1
3573,1169,2
3574,1169,3
3575,1170,1
3576,1170,2
3577,1170,3
3578,1171,1
3579,1171,2
3580,1171,3
3581,1172,1
3582,1172,2
3583,1172,3
3584,1173,1
3585,1173,2
3586,1173,3
3587,1174,1
3588,1174,2
3589,1174,3
3590,1175,3
3591,1175,1
3592,1175,2
3593,1176,3
3594,1176,1
3595,1176,2
3596,1177,3
3597,1177,1
3598,1177,2
3599,1178,3
3600,1178,1
3601,1179,3
3602,1179,1
3603,1179,2
3604,1180,3
3605,1180,1
3606,1180,2
3607,1181,1
3608,1181,2
3609,1181,3
3610,1184,1
3611,1184,2
3612,1184,3
3613,1185,1
3614,1185,2
3615,1185,3
3616,1190,1
3617,1190,2
3618,1190,3
3619,1191,1
3620,1191,2
3621,1191,3
3622,1192,1
3623,1192,2
3624,1192,3
3625,1193,1
3626,1193,2
3627,1193,3
3628,1194,1
3629,1194,2
3630,1194,3
3631,1195,1
3632,1195,2
3633,1195,3
3634,1196,1
3635,1196,2
3636,1196,3
3637,1197,1
3638,1197,2
3639,1197,3
3640,1198,1
3641,1198,2
3642,1198,3
3643,1200,1
3644,1200,2
3645,1201,1
3646,1201,2
3647,1202,1
3648,1202,2
3649,1203,1
3650,1203,2
3651,1203,3
3652,1204,1
3653,1204,2
3654,1204,3
3655,1205,1
3656,1205,2
3657,1205,3
3658,1206,1
3659,1206,2
3660,1206,3
3661,1207,1
3662,1207,2
3663,1208,1
3664,1208,2
3665,1209,3
3666,1209,1
3667,1209,2
3668,1210,3
3669,1210,1
3670,1210,2
3671,1215,3
3672,1215,2
3673,1215,1
3674,1216,3
3675,1216,2
3676,1216,1
3677,1217,3
3678,1217,2
3679,1217,1
3680,1218,3
3681,1218,2
3682,1218,1
3683,1219,3
3684,1219,2
3685,1219,1
3686,1219,4
3687,1220,3
3688,1220,2
3689,1220,1
3690,1220,4
3691,1221,3
3692,1221,1
3693,1221,2
3694,1222,3
3695,1222,1
3696,1222,2
3697,1223,3
3698,1223,1
3699,1223,2
3700,1224,3
3701,1224,1
3702,1224,2
3703,1225,3
3704,1225,2
3705,1225,1
3706,1226,3
3707,1226,2
3708,1226,1
3709,1227,3
3710,1227,2
3711,1227,1
3712,1228,3
3713,1228,2
3714,1228,1
3715,1229,3
3716,1229,1
3717,1229,2
3718,1229,4
3719,1230,3
3720,1230,1
3721,1230,2
3722,1230,4
3723,1231,3
3724,1231,2
3725,1231,1
3726,1231,4
3727,1232,3
3728,1232,2
3729,1232,1
3730,1232,4
3731,1233,3
3732,1233,2
3733,1233,1
3734,1233,4
3735,1234,3
3736,1234,2
3737,1234,1
3738,1234,4
3739,1235,3
3740,1235,2
3741,1235,1
3742,1236,3
3743,1236,2
3744,1236,1
3745,1237,3
3746,1237,2
3747,1237,1
3748,1238,3
3749,1238,2
3750,1238,1
3751,1239,3
3752,1239,2
3753,1239,1
3754,1240,3
3755,1240,2
3756,1240,1
3757,1241,3
3758,1241,2
3759,1241,1
3760,1242,3
3761,1242,2
3762,1242,1
3763,1243,3
3764,1243,2
3765,1243,1
3766,1244,3
3767,1244,2
3768,1244,1
3769,1245,3
3770,1245,2
3771,1245,1
3772,1246,3
3773,1246,2
3774,1246,1
3775,1247,3
3776,1247,2
3777,1247,1
3778,1248,3
3779,1248,2
3780,1248,1
3781,1249,3
3782,1249,2
3783,1249,1
3784,1250,3
3785,1250,2
3786,1250,1
3787,1251,3
3788,1251,2
3789,1251,1
3790,1252,3
3791,1252,2
3792,1252,1
3793,1253,1
3794,1253,2
3795,1253,3
3796,1254,1
3797,1254,2
3798,1254,3
3799,1255,1
3800,1255,2
3801,1255,3
3802,1256,1
3803,1256,2
3804,1256,3
3805,1257,1
3806,1257,2
3807,1257,3
3808,1258,1
3809,1258,2
3810,1258,3
3811,1259,1
3812,1259,2
3813,1259,3
3814,1260,1
3815,1260,2
3816,1260,3
3817,1261,1
3818,1261,2
3819,1261,3
3820,1262,1
3821,1262,2
3822,1262,3
3823,1263,3
3824,1263,1
3825,1263,2
3826,1264,3
3827,1264,1
3828,1264,2
3829,1265,3
3830,1265,2
3831,1265,1
3832,1266,1
3833,1266,2
3834,1266,3
3835,1267,1
3836,1267,2
3837,1267,3
3838,1268,1
3839,1268,2
3840,1268,3
3841,1269,3
3842,1269,2
3843,1269,1
3844,1270,3
3845,1270,2
3846,1270,1
3847,1271,3
3848,1271,2
3849,1271,1
3850,1272,3
3851,1272,2
3852,1272,1
3853,1273,1
3854,1273,2
3855,1273,3
3856,1274,1
3857,1274,2
3858,1274,3
3859,1275,3
3860,1275,2
3861,1275,1
3862,1276,1
3863,1276,2
3864,1276,3
3865,1277,3
3866,1277,2
3867,1277,1
3868,1278,3
3869,1278,2
3870,1278,1
3871,1279,3
3872,1279,2
3873,1279,1
3874,1280,3
3875,1280,2
3876,1280,1
3877,1281,3
3878,1281,2
3879,1281,1
3880,1282,3
3881,1282,2
3882,1282,1
3883,1283,1
3884,1283,2
3885,1283,3
3886,1284,1
3887,1284,2
3888,1284,3
3889,1285,1
3890,1285,2
3891,1285,3
3892,1286,1
3893,1286,2
3894,1286,3
3895,1286,4
3896,1287,1
3897,1287,2
3898,1287,3
3899,1287,4
3900,1288,1
3901,1288,2
3902,1288,3
3903,1288,4
3904,1289,1
3905,1289,2
3906,1289,3
3907,1290,1
3908,1290,2
3909,1290,3
3910,1291,1
3911,1291,2
3912,1291,3
3913,1292,1
3914,1292,2
3915,1292,3
3916,1293,1
3917,1293,2
3918,1293,3
3919,1294,1
3920,1294,2
3921,1294,3
3922,1295,1
3923,1295,2
3924,1295,3
3925,1296,1
3926,1296,2
3927,1296,3
3928,1297,1
3929,1297,2
3930,1298,1
3931,1298,2
3932,1299,1
3933,1299,2
3934,1300,1
3935,1300,2
3936,1301,1
3937,1301,2
3938,1302,1
3939,1302,2
3940,1303,1
3941,1303,2
3942,1304,1
3943,1304,2
3944,1305,1
3945,1305,2
3946,1306,1
3947,1306,2
3948,1307,1
3949,1307,2
3950,1307,3
3951,1308,1
3952,1308,2
3953,1308,3
3954,1309,1
3955,1309,2
3956,1309,3
3957,1310,1
3958,1310,2
3959,1310,3
3960,1311,1
3961,1311,2
3962,1311,3
3963,1311,4
3964,1312,1
3965,1312,2
3966,1312,3
3967,1312,4
3968,1313,1
3969,1313,2
3970,1313,3
3971,1313,4
3972,1314,1
3973,1314,2
3974,1314,3
3975,1314,4
3976,1315,1
3977,1315,2
3978,1315,3
3979,1316,1
3980,1316,2
3981,1316,3
3982,1317,1
3983,1317,2
3984,1317,3
3985,1318,1
3986,1318,2
3987,1318,3
3988,1319,1
3989,1319,2
3990,1319,3
3991,1319,4
3992,1320,1
3993,1320,2
3994,1320,3
3995,1320,4
3996,1321,1
3997,1321,2
3998,1321,3
3999,1321,4
4000,1322,1
4001,1322,2
4002,1322,3
4003,1322,4
4004,1323,1
4005,1323,2
4006,1324,1
4007,1324,2
4008,1325,1
4009,1325,2
4010,1326,1
4011,1326,2
4012,1327,1
4013,1327,2
4014,1327,3
4015,1328,1
4016,1328,2
4017,1328,3
4018,1329,1
4019,1329,2
4020,1329,3
4021,1330,1
4022,1330,2
4023,1330,3
4024,1331,1
4025,1331,2
4026,1331,3
4027,1332,1
4028,1332,2
4029,1332,3
4030,1333,1
4031,1333,2
4032,1333,3
4033,1334,1
4034,1334,2
4035,1334,3
4036,1335,1
4037,1335,2
4038,1335,3
4039,1336,1
4040,1336,2
4041,1336,3
4042,1337,1
4043,1337,2
4044,1337,3
4045,1338,1
4046,1338,2
4047,1338,3
4048,1339,1
4049,1339,2
4050,1339,3
4051,1340,1
4052,1340,2
4053,1340,3
4054,1341,1
4055,1341,2
4056,1342,1
4057,1342,2
4058,1343,1
4059,1343,2
4060,1343,3
4061,1344,1
4062,1344,2
4063,1344,3
4064,1345,1
4065,1345,2
4066,1345,3
4067,1346,1
4068,1346,2
4069,1346,3
4070,1347,1
4071,1347,2
4072,1347,3
4073,1348,1
4074,1348,2
4075,1348,3
4076,1349,1
4077,1349,2
4078,1349,3
4079,1350,1
4080,1350,2
4081,1350,3
4082,1351,1
4083,1351,2
4084,1352,1
4085,1352,2
4086,1353,1
4087,1353,2
4088,1354,1
4089,1354,2
4090,1355,1
4091,1355,2
4092,1355,4
4093,1355,3
4094,1356,3
4095,1356,1
4096,1356,4
4097,1356,2
4098,1357,3
4099,1357,1
4100,1357,4
4101,1357,2
4102,1358,3
4103,1358,1
4104,1358,4
4105,1358,2
4106,1359,1
4107,1359,4
4108,1359,3
4109,1359,2
4110,1360,1
4111,1360,4
4112,1360,3
4113,1360,2
4114,1361,1
4115,1361,4
4116,1361,2
4117,1361,3
4118,1362,1
4119,1362,4
4120,1362,2
4121,1362,3
4122,1363,1
4123,1363,4
4124,1363,3
4125,1363,2
4126,1364,1
4127,1364,4
4128,1364,3
4129,1364,2
4130,1365,1
4131,1365,4
4132,1365,3
4133,1365,2
4134,1366,1
4135,1366,2
4136,1366,3
4137,1366,4
4138,1367,1
4139,1367,2
4140,1367,3
4141,1367,4
4142,1368,1
4143,1368,2
4144,1368,3
4145,1368,4
4146,1369,1
4147,1369,2
4148,1369,3
4149,1369,4
4150,1370,1
4151,1370,2
4152,1370,3
4153,1370,4
4154,1371,1
4155,1371,2
4156,1371,3
4157,1372,1
4158,1372,2
4159,1372,3
4160,1373,1
4161,1373,2
4162,1373,3
4163,1374,1
4164,1374,2
4165,1374,3
4166,1375,1
4167,1375,2
4168,1375,3
4169,1376,1
4170,1376,2
4171,1376,3
4172,1377,1
4173,1377,2
4174,1377,3
4175,1378,3
4176,1378,1
4177,1378,2
4178,1379,3
4179,1379,1
4180,1379,2
4181,1380,1
4182,1380,2
4183,1380,3
4184,1381,1
4185,1381,2
4186,1381,3
4187,1382,1
4188,1382,2
4189,1382,3
4190,1383,1
4191,1383,2
4192,1383,3
4193,1384,1
4194,1384,2
4195,1384,4
4196,1384,3
4197,1385,1
4198,1385,2
4199,1385,4
4200,1385,3
4201,1386,1
4202,1386,2
4203,1386,4
4204,1386,3
4205,1387,1
4206,1387,2
4207,1387,3
4208,1387,4
4209,1388,1
4210,1388,2
4211,1388,3
4212,1388,4
4213,1389,1
4214,1389,2
4215,1389,4
4216,1389,3
4217,1390,1
4218,1390,2
4219,1390,3
4220,1391,1
4221,1391,2
4222,1391,3
4223,1392,1
4224,1392,2
4225,1392,3
4226,1393,1
4227,1393,2
4228,1393,3
4229,1394,1
4230,1394,2
4231,1394,3
4232,1395,1
4233,1395,2
4234,1395,3
4235,1396,1
4236,1396,2
4237,1396,3
4238,1397,1
4239,1397,2
4240,1397,3
4241,1398,1
4242,1398,2
4243,1398,3
4244,1399,1
4245,1399,4
4246,1399,2
4247,1399,3
4248,1400,1
4249,1400,4
4250,1400,2
4251,1400,3
4252,1401,1
4253,1401,4
4254,1401,2
4255,1401,3
4256,1402,1
4257,1402,2
4258,1402,3
4259,1403,1
4260,1403,2
4261,1403,4
4262,1403,3
4263,1404,1
4264,1404,2
4265,1404,3
4266,1405,3
4267,1405,1
4268,1405,2
4269,1406,3
4270,1406,1
4271,1406,2
4272,1407,3
4273,1407,1
4274,1407,2
4275,1408,3
4276,1408,1
4277,1408,2
4278,1409,3
4279,1409,1
4280,1409,2
4281,1410,3
4282,1410,1
4283,1410,2
4284,1411,3
4285,1411,1
4286,1411,2
4287,1412,3
4288,1412,1
4289,1412,2
4290,1413,3
4291,1413,1
4292,1413,2
4293,1414,3
4294,1414,1
4295,1414,2
4296,1415,3
4297,1415,1
4298,1415,2
4299,1416,3
4300,1416,1
4301,1416,2
4302,1417,3
4303,1417,1
4304,1417,2
4305,1418,3
4306,1418,1
4307,1418,2
4308,1419,3
4309,1419,1
4310,1419,2
4311,1420,3
4312,1420,1
4313,1420,2
4314,1421,3
4315,1421,1
4316,1421,2
4317,1422,3
4318,1422,1
4319,1422,2
